FileName,soft_act_labels,soft_val_labels,annotators
01_DR-100_0097_1_sentence_1.wav,"[3, 4, 2, 4, 1, 2, 2, 1, 4]","[6, 7, 5, 6, 5, 6, 6, 5, 6]","['ABS83QIWSMZ9', 'A2I960JYUZ8KAV', 'A1FP3SH704X01V', 'A2JP9IKRHNLRPI', 'A1Y0Y6U906ABT5', 'A1PUHCEBSOWETV', 'ANV8C2DATCAPB', 'A3KCUB6P3IE8NL', 'self_report_01']"
01_DR-100_0097_1_sentence_2.wav,"[5, 5, 1, 2, 4, 2, 5, 1, 4]","[6, 7, 6, 6, 7, 5, 8, 7, 6]","['ABS83QIWSMZ9', 'A2JP9IKRHNLRPI', 'A3KCUB6P3IE8NL', 'A2FFNO6G4FEE2N', 'ALQPGVQZEZSUE', 'A1FP3SH704X01V', 'A2I960JYUZ8KAV', 'A1NIO3JNX5QTN8', 'self_report_01']"
01_DR-100_0097_1_sentence_3.wav,"[6, 1, 5, 5, 3, 3, 2, 1, 4]","[7, 6, 8, 7, 6, 7, 6, 8, 6]","['A2JP9IKRHNLRPI', 'A3KCUB6P3IE8NL', 'A2I960JYUZ8KAV', 'ABS83QIWSMZ9', 'A2FFNO6G4FEE2N', 'ALQPGVQZEZSUE', 'A1FP3SH704X01V', 'A1NIO3JNX5QTN8', 'self_report_01']"
01_DR-100_0097_1_sentence_4.wav,"[3, 3, 5, 3, 1, 4, 2, 3, 4]","[4, 4, 3, 4, 4, 7, 7, 4, 6]","['ABS83QIWSMZ9', 'A2I960JYUZ8KAV', 'A2JP9IKRHNLRPI', 'A1Y0Y6U906ABT5', 'A3KCUB6P3IE8NL', 'A1PUHCEBSOWETV', 'ANV8C2DATCAPB', 'A1FP3SH704X01V', 'self_report_01']"
01_DR-100_0097_1_sentence_5.wav,"[4, 1, 4, 4, 2, 1, 2, 3, 4]","[6, 5, 6, 5, 5, 6, 3, 7, 6]","['A2JP9IKRHNLRPI', 'A3KCUB6P3IE8NL', 'ABS83QIWSMZ9', 'A2I960JYUZ8KAV', 'A1FP3SH704X01V', 'A1NIO3JNX5QTN8', 'ASTDBTVY3WP1K', 'A1Y0Y6U906ABT5', 'self_report_01']"
01_DR-100_0097_1_sentence_6.wav,"[3, 5, 2, 4, 3, 3, 3, 2, 4]","[5, 3, 5, 4, 6, 4, 4, 4, 6]","['A2I960JYUZ8KAV', 'A2JP9IKRHNLRPI', 'A3KCUB6P3IE8NL', 'ABS83QIWSMZ9', 'ANV8C2DATCAPB', 'ALQPGVQZEZSUE', 'A1PUHCEBSOWETV', 'A2FFNO6G4FEE2N', 'self_report_01']"
01_DR-100_0097_1_sentence_7.wav,"[2, 1, 3, 3, 3, 2, 1, 2, 4]","[4, 4, 4, 4, 5, 3, 5, 4, 6]","['A2FFNO6G4FEE2N', 'A3KCUB6P3IE8NL', 'ABS83QIWSMZ9', 'A2JP9IKRHNLRPI', 'A2I960JYUZ8KAV', 'ALQPGVQZEZSUE', 'A1PUHCEBSOWETV', 'A1FP3SH704X01V', 'self_report_01']"
01_DR-100_0097_3_sentence_1.wav,"[4, 5, 4, 2, 2, 2, 2, 1, 7]","[4, 7, 3, 5, 4, 4, 6, 4, 8]","['A2JP9IKRHNLRPI', 'A2I960JYUZ8KAV', 'ABS83QIWSMZ9', 'ASTDBTVY3WP1K', 'A1FP3SH704X01V', 'A1Y0Y6U906ABT5', 'A1PUHCEBSOWETV', 'A3KCUB6P3IE8NL', 'self_report_01']"
01_DR-100_0097_3_sentence_10.wav,"[3, 5, 3, 2, 4, 2, 4, 1, 7]","[5, 2, 6, 4, 4, 4, 6, 3, 8]","['ABS83QIWSMZ9', 'A2JP9IKRHNLRPI', 'A2FFNO6G4FEE2N', 'A1FP3SH704X01V', 'ASTDBTVY3WP1K', 'A3KCUB6P3IE8NL', 'A2I960JYUZ8KAV', 'A1NIO3JNX5QTN8', 'self_report_01']"
01_DR-100_0097_3_sentence_2.wav,"[3, 5, 1, 4, 4, 2, 1, 2, 7]","[5, 5, 5, 5, 5, 6, 5, 5, 8]","['ABS83QIWSMZ9', 'A2JP9IKRHNLRPI', 'A3KCUB6P3IE8NL', 'ALQPGVQZEZSUE', 'A2I960JYUZ8KAV', 'A2FFNO6G4FEE2N', 'A1FP3SH704X01V', 'ASTDBTVY3WP1K', 'self_report_01']"
01_DR-100_0097_3_sentence_3.wav,"[3, 2, 1, 4, 1, 3, 1, 4, 7]","[5, 4, 5, 4, 4, 6, 5, 5, 8]","['ABS83QIWSMZ9', 'AIK9W79I4TPJW', 'A3KCUB6P3IE8NL', 'A2JP9IKRHNLRPI', 'A2FFNO6G4FEE2N', 'ALQPGVQZEZSUE', 'A1FP3SH704X01V', 'A2I960JYUZ8KAV', 'self_report_01']"
01_DR-100_0097_3_sentence_4.wav,"[1, 3, 4, 3, 1, 1, 3, 1, 7]","[5, 5, 6, 4, 5, 5, 5, 5, 8]","['A2FFNO6G4FEE2N', 'ABS83QIWSMZ9', 'A2I960JYUZ8KAV', 'A2JP9IKRHNLRPI', 'A1Y0Y6U906ABT5', 'A1NIO3JNX5QTN8', 'ALQPGVQZEZSUE', 'A3KCUB6P3IE8NL', 'self_report_01']"
01_DR-100_0097_3_sentence_5.wav,"[4, 3, 4, 3, 3, 1, 2, 2, 7]","[5, 5, 6, 4, 4, 5, 3, 5, 8]","['A2JP9IKRHNLRPI', 'ALQPGVQZEZSUE', 'A2I960JYUZ8KAV', 'A1FP3SH704X01V', 'ABS83QIWSMZ9', 'A3KCUB6P3IE8NL', 'ASTDBTVY3WP1K', 'A2FFNO6G4FEE2N', 'self_report_01']"
01_DR-100_0097_3_sentence_6.wav,"[1, 1, 3, 3, 3, 1, 3, 1, 7]","[4, 4, 4, 3, 3, 4, 6, 3, 8]","['A2FFNO6G4FEE2N', 'A3KCUB6P3IE8NL', 'A2I960JYUZ8KAV', 'ABS83QIWSMZ9', 'A2JP9IKRHNLRPI', 'A1Y0Y6U906ABT5', 'A1PUHCEBSOWETV', 'A1NIO3JNX5QTN8', 'self_report_01']"
01_DR-100_0097_3_sentence_7.wav,"[1, 1, 2, 2, 2, 1, 1, 1, 7]","[4, 5, 5, 5, 3, 5, 5, 5, 8]","['A2FFNO6G4FEE2N', 'A3KCUB6P3IE8NL', 'A2JP9IKRHNLRPI', 'A2I960JYUZ8KAV', 'ABS83QIWSMZ9', 'A1FP3SH704X01V', 'A1NIO3JNX5QTN8', 'A1PUHCEBSOWETV', 'self_report_01']"
01_DR-100_0097_3_sentence_8.wav,"[1, 3, 3, 2, 4, 2, 1, 3, 7]","[4, 3, 3, 5, 3, 5, 5, 5, 8]","['A3KCUB6P3IE8NL', 'AIK9W79I4TPJW', 'A2JP9IKRHNLRPI', 'ALQPGVQZEZSUE', 'ABS83QIWSMZ9', 'ASTDBTVY3WP1K', 'A1FP3SH704X01V', 'A2I960JYUZ8KAV', 'self_report_01']"
01_DR-100_0097_3_sentence_9.wav,"[4, 4, 5, 1, 1, 3, 1, 2, 7]","[5, 4, 4, 5, 5, 5, 5, 5, 8]","['A2I960JYUZ8KAV', 'ABS83QIWSMZ9', 'A2JP9IKRHNLRPI', 'A3KCUB6P3IE8NL', 'A10BH9PYCYUKDJ', 'ALQPGVQZEZSUE', 'A1NIO3JNX5QTN8', 'A1Y0Y6U906ABT5', 'self_report_01']"
01_DR-100_0097_5_sentence_1.wav,"[1, 4, 3, 3, 1, 2, 3, 3, 8]","[6, 6, 5, 5, 5, 6, 6, 6, 3]","['A3KCUB6P3IE8NL', 'ABS83QIWSMZ9', 'A2JP9IKRHNLRPI', 'A2I960JYUZ8KAV', 'A1FP3SH704X01V', 'A1PUHCEBSOWETV', 'ALQPGVQZEZSUE', 'A2FFNO6G4FEE2N', 'self_report_01']"
01_DR-100_0097_5_sentence_10.wav,"[4, 1, 5, 3, 2, 1, 4, 2, 8]","[6, 6, 5, 7, 6, 6, 5, 6, 3]","['A2I960JYUZ8KAV', 'A3KCUB6P3IE8NL', 'A2JP9IKRHNLRPI', 'ALQPGVQZEZSUE', 'A1FP3SH704X01V', 'A1NIO3JNX5QTN8', 'ABS83QIWSMZ9', 'ASTDBTVY3WP1K', 'self_report_01']"
01_DR-100_0097_5_sentence_11.wav,"[4, 1, 3, 1, 1, 4, 1, 1, 8]","[5, 5, 5, 5, 5, 6, 5, 5, 3]","['ABS83QIWSMZ9', 'A3KCUB6P3IE8NL', 'A2JP9IKRHNLRPI', 'A1Y0Y6U906ABT5', 'A1FP3SH704X01V', 'A2I960JYUZ8KAV', 'A2FFNO6G4FEE2N', 'A1NIO3JNX5QTN8', 'self_report_01']"
01_DR-100_0097_5_sentence_2.wav,"[1, 3, 5, 4, 2, 2, 3, 4, 8]","[4, 4, 3, 6, 4, 6, 4, 5, 3]","['A3KCUB6P3IE8NL', 'A2FFNO6G4FEE2N', 'A2JP9IKRHNLRPI', 'ABS83QIWSMZ9', 'A1Y0Y6U906ABT5', 'A1PUHCEBSOWETV', 'ALQPGVQZEZSUE', 'A2I960JYUZ8KAV', 'self_report_01']"
01_DR-100_0097_5_sentence_3.wav,"[5, 4, 3, 1, 1, 4, 3, 1, 8]","[5, 5, 5, 5, 5, 5, 5, 5, 3]","['A2JP9IKRHNLRPI', 'ABS83QIWSMZ9', 'A2FFNO6G4FEE2N', 'A1FP3SH704X01V', 'A3KCUB6P3IE8NL', 'A2I960JYUZ8KAV', 'ALQPGVQZEZSUE', 'A1Y0Y6U906ABT5', 'self_report_01']"
01_DR-100_0097_5_sentence_4.wav,"[2, 2, 4, 2, 2, 1, 4, 1, 8]","[5, 6, 6, 4, 5, 6, 6, 5, 3]","['A2JP9IKRHNLRPI', 'A2FFNO6G4FEE2N', 'ABS83QIWSMZ9', 'A1PUHCEBSOWETV', 'A1FP3SH704X01V', 'ANV8C2DATCAPB', 'A2I960JYUZ8KAV', 'A3KCUB6P3IE8NL', 'self_report_01']"
01_DR-100_0097_5_sentence_5.wav,"[3, 4, 1, 4, 2, 1, 1, 2, 8]","[5, 5, 5, 5, 6, 5, 5, 6, 3]","['ABS83QIWSMZ9', 'A2JP9IKRHNLRPI', 'A1FP3SH704X01V', 'A2I960JYUZ8KAV', 'A2FFNO6G4FEE2N', 'A3KCUB6P3IE8NL', 'A1NIO3JNX5QTN8', 'A1PUHCEBSOWETV', 'self_report_01']"
01_DR-100_0097_5_sentence_6.wav,"[4, 3, 1, 2, 2, 1, 2, 4, 8]","[6, 6, 6, 6, 5, 7, 6, 6, 3]","['A2JP9IKRHNLRPI', 'ABS83QIWSMZ9', 'A3KCUB6P3IE8NL', 'A1Y0Y6U906ABT5', 'A1FP3SH704X01V', 'A1NIO3JNX5QTN8', 'A1PUHCEBSOWETV', 'A2I960JYUZ8KAV', 'self_report_01']"
01_DR-100_0097_5_sentence_7.wav,"[1, 4, 2, 4, 1, 3, 1, 4, 8]","[4, 2, 3, 7, 4, 4, 3, 6, 3]","['A3KCUB6P3IE8NL', 'A2JP9IKRHNLRPI', 'ALQPGVQZEZSUE', 'ABS83QIWSMZ9', 'ASTDBTVY3WP1K', 'A2FFNO6G4FEE2N', 'A1PUHCEBSOWETV', 'A2I960JYUZ8KAV', 'self_report_01']"
01_DR-100_0097_5_sentence_8.wav,"[1, 1, 3, 4, 4, 2, 1, 3, 8]","[4, 5, 5, 6, 6, 6, 5, 5, 3]","['A2FFNO6G4FEE2N', 'A3KCUB6P3IE8NL', 'A2JP9IKRHNLRPI', 'A2I960JYUZ8KAV', 'ABS83QIWSMZ9', 'A1PUHCEBSOWETV', 'A1Y0Y6U906ABT5', 'ASTDBTVY3WP1K', 'self_report_01']"
01_DR-100_0097_5_sentence_9.wav,"[3, 1, 2, 3, 4, 1, 1, 1, 8]","[7, 3, 3, 5, 6, 5, 5, 5, 3]","['ABS83QIWSMZ9', 'A2FFNO6G4FEE2N', 'ALQPGVQZEZSUE', 'A2I960JYUZ8KAV', 'A2JP9IKRHNLRPI', 'A1NIO3JNX5QTN8', 'A1FP3SH704X01V', 'A3KCUB6P3IE8NL', 'self_report_01']"
01_DR-100_0097_7_sentence_1.wav,"[1, 6, 2, 5, 5, 3, 2, 3, 6]","[6, 8, 4, 7, 7, 6, 6, 6, 8]","['A3KCUB6P3IE8NL', 'A2JP9IKRHNLRPI', 'ALQPGVQZEZSUE', 'A2I960JYUZ8KAV', 'ABS83QIWSMZ9', 'A1PUHCEBSOWETV', 'A1FP3SH704X01V', 'A2FFNO6G4FEE2N', 'self_report_01']"
01_DR-100_0097_7_sentence_10.wav,"[3, 3, 3, 1, 1, 1, 1, 4, 6]","[5, 5, 5, 6, 5, 5, 5, 5, 8]","['A2JP9IKRHNLRPI', 'ABS83QIWSMZ9', 'ALQPGVQZEZSUE', 'A2FFNO6G4FEE2N', 'A1FP3SH704X01V', 'A1Y0Y6U906ABT5', 'A3KCUB6P3IE8NL', 'A2I960JYUZ8KAV', 'self_report_01']"
01_DR-100_0097_7_sentence_11.wav,"[1, 3, 3, 3, 1, 1, 2, 4, 6]","[5, 5, 5, 6, 5, 5, 6, 6, 8]","['A3KCUB6P3IE8NL', 'A2JP9IKRHNLRPI', 'ALQPGVQZEZSUE', 'ABS83QIWSMZ9', 'A1Y0Y6U906ABT5', 'A1FP3SH704X01V', 'A1PUHCEBSOWETV', 'A2I960JYUZ8KAV', 'self_report_01']"
01_DR-100_0097_7_sentence_12.wav,"[3, 5, 1, 4, 2, 1, 1, 1, 6]","[5, 5, 6, 6, 5, 5, 6, 6, 8]","['ABS83QIWSMZ9', 'A2JP9IKRHNLRPI', 'A1Y0Y6U906ABT5', 'A2I960JYUZ8KAV', 'A1FP3SH704X01V', 'A3KCUB6P3IE8NL', 'A1NIO3JNX5QTN8', 'A2FFNO6G4FEE2N', 'self_report_01']"
01_DR-100_0097_7_sentence_13.wav,"[2, 1, 4, 4, 5, 2, 2, 3, 6]","[3, 5, 6, 4, 7, 6, 6, 6, 8]","['A2FFNO6G4FEE2N', 'A3KCUB6P3IE8NL', 'ABS83QIWSMZ9', 'A2JP9IKRHNLRPI', 'A2I960JYUZ8KAV', 'ASTDBTVY3WP1K', 'A1Y0Y6U906ABT5', 'A1PUHCEBSOWETV', 'self_report_01']"
01_DR-100_0097_7_sentence_14.wav,"[1, 5, 5, 4, 2, 1, 2, 4, 6]","[3, 6, 7, 6, 6, 5, 6, 6, 8]","['A2FFNO6G4FEE2N', 'A2JP9IKRHNLRPI', 'A2I960JYUZ8KAV', 'ABS83QIWSMZ9', 'A3KCUB6P3IE8NL', 'A1NIO3JNX5QTN8', 'A1FP3SH704X01V', 'ASTDBTVY3WP1K', 'self_report_01']"
01_DR-100_0097_7_sentence_2.wav,"[2, 4, 2, 2, 4, 1, 1, 3, 6]","[5, 6, 5, 6, 6, 5, 5, 6, 8]","['A2JP9IKRHNLRPI', 'A2I960JYUZ8KAV', 'ALQPGVQZEZSUE', 'A1FP3SH704X01V', 'ABS83QIWSMZ9', 'A3KCUB6P3IE8NL', 'A1NIO3JNX5QTN8', 'ASTDBTVY3WP1K', 'self_report_01']"
01_DR-100_0097_7_sentence_3.wav,"[1, 6, 5, 2, 4, 2, 3, 1, 6]","[5, 6, 6, 5, 6, 6, 7, 7, 8]","['A3KCUB6P3IE8NL', 'A2JP9IKRHNLRPI', 'A2I960JYUZ8KAV', 'A2FFNO6G4FEE2N', 'ABS83QIWSMZ9', 'A1Y0Y6U906ABT5', 'A1PUHCEBSOWETV', 'A1NIO3JNX5QTN8', 'self_report_01']"
01_DR-100_0097_7_sentence_4.wav,"[5, 1, 4, 4, 1, 2, 3, 1, 6]","[6, 4, 6, 5, 5, 6, 5, 5, 8]","['ABS83QIWSMZ9', 'A2FFNO6G4FEE2N', 'A2I960JYUZ8KAV', 'A2JP9IKRHNLRPI', 'A1FP3SH704X01V', 'A1PUHCEBSOWETV', 'ALQPGVQZEZSUE', 'A3KCUB6P3IE8NL', 'self_report_01']"
01_DR-100_0097_7_sentence_5.wav,"[3, 1, 4, 3, 3, 5, 2, 3, 6]","[6, 5, 6, 4, 6, 5, 7, 5, 8]","['A2JP9IKRHNLRPI', 'A3KCUB6P3IE8NL', 'ABS83QIWSMZ9', 'A1FP3SH704X01V', 'A2FFNO6G4FEE2N', 'A2I960JYUZ8KAV', 'A1Y0Y6U906ABT5', 'ALQPGVQZEZSUE', 'self_report_01']"
01_DR-100_0097_7_sentence_6.wav,"[2, 5, 1, 4, 4, 3, 3, 4, 6]","[4, 5, 5, 7, 7, 6, 5, 6, 8]","['A2FFNO6G4FEE2N', 'A2JP9IKRHNLRPI', 'A3KCUB6P3IE8NL', 'ASTDBTVY3WP1K', 'ABS83QIWSMZ9', 'A1FP3SH704X01V', 'ALQPGVQZEZSUE', 'A2I960JYUZ8KAV', 'self_report_01']"
01_DR-100_0097_7_sentence_7.wav,"[3, 5, 1, 2, 4, 2, 2, 1, 6]","[6, 6, 5, 5, 6, 6, 5, 5, 8]","['ABS83QIWSMZ9', 'A2JP9IKRHNLRPI', 'A1Y0Y6U906ABT5', 'A1FP3SH704X01V', 'A2I960JYUZ8KAV', 'A1PUHCEBSOWETV', 'ASTDBTVY3WP1K', 'A1NIO3JNX5QTN8', 'self_report_01']"
01_DR-100_0097_7_sentence_8.wav,"[5, 1, 4, 5, 1, 3, 3, 2, 6]","[6, 5, 6, 7, 6, 6, 6, 5, 8]","['A2JP9IKRHNLRPI', 'A3KCUB6P3IE8NL', 'A2I960JYUZ8KAV', 'ABS83QIWSMZ9', 'A1Y0Y6U906ABT5', 'ASTDBTVY3WP1K', 'ALQPGVQZEZSUE', 'A2FFNO6G4FEE2N', 'self_report_01']"
01_DR-100_0097_7_sentence_9.wav,"[5, 4, 2, 1, 5, 1, 2, 2, 6]","[6, 6, 4, 5, 6, 5, 5, 5, 8]","['A2JP9IKRHNLRPI', 'ABS83QIWSMZ9', 'A2FFNO6G4FEE2N', 'A3KCUB6P3IE8NL', 'A2I960JYUZ8KAV', 'A1Y0Y6U906ABT5', 'A1FP3SH704X01V', 'ASTDBTVY3WP1K', 'self_report_01']"
01_DR-100_0097_9_sentence_1.wav,"[5, 1, 4, 2, 2, 3, 2, 5, 7]","[3, 5, 4, 3, 4, 4, 4, 5, 7]","['A2JP9IKRHNLRPI', 'A3KCUB6P3IE8NL', 'ABS83QIWSMZ9', 'A1FP3SH704X01V', 'A10BH9PYCYUKDJ', 'ALQPGVQZEZSUE', 'ASTDBTVY3WP1K', 'A2I960JYUZ8KAV', 'self_report_01']"
01_DR-100_0097_9_sentence_2.wav,"[4, 1, 4, 2, 4, 1, 3, 1, 7]","[5, 5, 4, 4, 6, 6, 5, 6, 7]","['A2I960JYUZ8KAV', 'A3KCUB6P3IE8NL', 'ABS83QIWSMZ9', 'A1FP3SH704X01V', 'A2JP9IKRHNLRPI', 'A1PUHCEBSOWETV', 'ALQPGVQZEZSUE', 'A2FFNO6G4FEE2N', 'self_report_01']"
01_DR-100_0097_9_sentence_3.wav,"[4, 4, 2, 3, 1, 4, 4, 1, 7]","[4, 4, 4, 5, 4, 2, 6, 5, 7]","['A2JP9IKRHNLRPI', 'ABS83QIWSMZ9', 'A1FP3SH704X01V', 'A10BH9PYCYUKDJ', 'A1NIO3JNX5QTN8', 'A1Y0Y6U906ABT5', 'A2I960JYUZ8KAV', 'A2FFNO6G4FEE2N', 'self_report_01']"
01_DR-100_0097_9_sentence_4.wav,"[5, 3, 4, 2, 3, 3, 1, 2, 7]","[3, 5, 3, 4, 5, 4, 2, 4, 7]","['A2JP9IKRHNLRPI', 'A2I960JYUZ8KAV', 'ABS83QIWSMZ9', 'A1FP3SH704X01V', 'A10BH9PYCYUKDJ', 'A2FFNO6G4FEE2N', 'A1NIO3JNX5QTN8', 'ASTDBTVY3WP1K', 'self_report_01']"
01_DR-100_0097_9_sentence_5.wav,"[3, 1, 3, 4, 2, 4, 3, 3, 7]","[4, 4, 4, 4, 4, 4, 4, 3, 7]","['A1FP3SH704X01V', 'A3KCUB6P3IE8NL', 'A2I960JYUZ8KAV', 'ABS83QIWSMZ9', 'A2FFNO6G4FEE2N', 'A2JP9IKRHNLRPI', 'ALQPGVQZEZSUE', 'ASTDBTVY3WP1K', 'self_report_01']"
01_DR-100_0097_9_sentence_6.wav,"[2, 4, 4, 5, 3, 1, 3, 1, 7]","[6, 6, 3, 7, 6, 6, 6, 6, 7]","['A2FFNO6G4FEE2N', 'ABS83QIWSMZ9', 'A2JP9IKRHNLRPI', 'A2I960JYUZ8KAV', 'A1PUHCEBSOWETV', 'A3KCUB6P3IE8NL', 'ALQPGVQZEZSUE', 'A1NIO3JNX5QTN8', 'self_report_01']"
01_DR-100_0097_9_sentence_7.wav,"[2, 1, 4, 3, 4, 1, 3, 3, 7]","[6, 5, 3, 4, 4, 6, 4, 7, 7]","['ABS83QIWSMZ9', 'A3KCUB6P3IE8NL', 'A2JP9IKRHNLRPI', 'A2I960JYUZ8KAV', 'ALQPGVQZEZSUE', 'A1NIO3JNX5QTN8', 'A1FP3SH704X01V', 'A1PUHCEBSOWETV', 'self_report_01']"
02_DR-100_0092_1_sentence_1.wav,"[4, 3, 4, 3, 1, 4, 5, 3, 4]","[7, 6, 7, 6, 6, 5, 6, 6, 6]","['ABS83QIWSMZ9', 'A1FP3SH704X01V', 'A2JP9IKRHNLRPI', 'A1PUHCEBSOWETV', 'ASTDBTVY3WP1K', 'ALQPGVQZEZSUE', 'A2I960JYUZ8KAV', 'A2FFNO6G4FEE2N', 'self_report_02']"
02_DR-100_0092_1_sentence_10.wav,"[4, 1, 5, 5, 3, 3, 2, 2, 4]","[6, 6, 4, 4, 5, 7, 6, 5, 6]","['A2I960JYUZ8KAV', 'A3KCUB6P3IE8NL', 'A2JP9IKRHNLRPI', 'ABS83QIWSMZ9', 'ALQPGVQZEZSUE', 'ASTDBTVY3WP1K', 'A1PUHCEBSOWETV', 'A1FP3SH704X01V', 'self_report_02']"
02_DR-100_0092_1_sentence_2.wav,"[5, 5, 4, 2, 3, 4, 3, 2, 4]","[4, 7, 6, 6, 6, 6, 6, 6, 6]","['A2JP9IKRHNLRPI', 'A2I960JYUZ8KAV', 'ABS83QIWSMZ9', 'A1Y0Y6U906ABT5', 'A10BH9PYCYUKDJ', 'A2FFNO6G4FEE2N', 'A1FP3SH704X01V', 'A3KCUB6P3IE8NL', 'self_report_02']"
02_DR-100_0092_1_sentence_3.wav,"[5, 5, 2, 4, 1, 1, 3, 4, 4]","[6, 6, 8, 6, 5, 6, 6, 6, 6]","['A2JP9IKRHNLRPI', 'ABS83QIWSMZ9', 'ASTDBTVY3WP1K', 'ALQPGVQZEZSUE', 'A3KCUB6P3IE8NL', 'A1Y0Y6U906ABT5', 'A2FFNO6G4FEE2N', 'A2I960JYUZ8KAV', 'self_report_02']"
02_DR-100_0092_1_sentence_4.wav,"[1, 4, 3, 4, 5, 3, 1, 1, 4]","[5, 5, 9, 5, 5, 5, 5, 5, 6]","['A3KCUB6P3IE8NL', 'ABS83QIWSMZ9', 'ASTDBTVY3WP1K', 'A2I960JYUZ8KAV', 'A2JP9IKRHNLRPI', 'ALQPGVQZEZSUE', 'A1NIO3JNX5QTN8', 'A1FP3SH704X01V', 'self_report_02']"
02_DR-100_0092_1_sentence_5.wav,"[5, 2, 5, 5, 3, 3, 1, 6, 4]","[8, 7, 6, 7, 6, 7, 7, 7, 6]","['ABS83QIWSMZ9', 'A3KCUB6P3IE8NL', 'A2I960JYUZ8KAV', 'A2JP9IKRHNLRPI', 'A1FP3SH704X01V', 'A2FFNO6G4FEE2N', 'A1NIO3JNX5QTN8', 'ASTDBTVY3WP1K', 'self_report_02']"
02_DR-100_0092_1_sentence_6.wav,"[5, 4, 4, 6, 2, 3, 6, 3, 4]","[8, 7, 6, 7, 6, 6, 7, 6, 6]","['ABS83QIWSMZ9', 'A2FFNO6G4FEE2N', 'A2I960JYUZ8KAV', 'A2JP9IKRHNLRPI', 'A3KCUB6P3IE8NL', 'ANV8C2DATCAPB', 'ALQPGVQZEZSUE', 'A1FP3SH704X01V', 'self_report_02']"
02_DR-100_0092_1_sentence_7.wav,"[5, 6, 5, 4, 1, 3, 2, 1, 4]","[6, 6, 6, 6, 5, 5, 4, 6, 6]","['ABS83QIWSMZ9', 'A2I960JYUZ8KAV', 'A2JP9IKRHNLRPI', 'ASTDBTVY3WP1K', 'A3KCUB6P3IE8NL', 'A1FP3SH704X01V', 'ANV8C2DATCAPB', 'A1NIO3JNX5QTN8', 'self_report_02']"
02_DR-100_0092_1_sentence_8.wav,"[4, 4, 2, 5, 2, 5, 2, 2, 4]","[7, 6, 7, 3, 5, 7, 7, 7, 6]","['A2I960JYUZ8KAV', 'ABS83QIWSMZ9', 'A3KCUB6P3IE8NL', 'A2JP9IKRHNLRPI', 'A1FP3SH704X01V', 'ALQPGVQZEZSUE', 'A1PUHCEBSOWETV', 'A2FFNO6G4FEE2N', 'self_report_02']"
02_DR-100_0092_1_sentence_9.wav,"[5, 5, 2, 1, 4, 3, 5, 4, 4]","[8, 7, 5, 6, 8, 7, 7, 6, 6]","['ABS83QIWSMZ9', 'A2JP9IKRHNLRPI', 'A1FP3SH704X01V', 'A3KCUB6P3IE8NL', 'A1Y0Y6U906ABT5', 'A1PUHCEBSOWETV', 'A2FFNO6G4FEE2N', 'A2I960JYUZ8KAV', 'self_report_02']"
02_DR-100_0092_3_sentence_1.wav,"[4, 4, 3, 3, 4, 4, 2, 2, 5]","[3, 3, 4, 4, 6, 4, 4, 5, 5]","['ABS83QIWSMZ9', 'A2JP9IKRHNLRPI', 'AIK9W79I4TPJW', 'ALQPGVQZEZSUE', 'A2FFNO6G4FEE2N', 'A2I960JYUZ8KAV', 'A1Y0Y6U906ABT5', 'A3KCUB6P3IE8NL', 'self_report_02']"
02_DR-100_0092_3_sentence_10.wav,"[5, 5, 2, 3, 2, 6, 2, 2, 5]","[5, 4, 5, 5, 6, 5, 5, 6, 5]","['A2I960JYUZ8KAV', 'ABS83QIWSMZ9', 'A3KCUB6P3IE8NL', 'ASTDBTVY3WP1K', 'A1PUHCEBSOWETV', 'ALQPGVQZEZSUE', 'A1FP3SH704X01V', 'A2FFNO6G4FEE2N', 'self_report_02']"
02_DR-100_0092_3_sentence_11.wav,"[3, 5, 4, 1, 3, 1, 1, 5, 5]","[4, 3, 3, 5, 4, 4, 4, 4, 5]","['A2I960JYUZ8KAV', 'A2JP9IKRHNLRPI', 'ABS83QIWSMZ9', 'A1PUHCEBSOWETV', 'A1FP3SH704X01V', 'A3KCUB6P3IE8NL', 'A1NIO3JNX5QTN8', 'ALQPGVQZEZSUE', 'self_report_02']"
02_DR-100_0092_3_sentence_12.wav,"[5, 1, 4, 3, 5, 1, 2, 4, 5]","[4, 5, 5, 6, 4, 5, 5, 6, 5]","['A2JP9IKRHNLRPI', 'A3KCUB6P3IE8NL', 'A2I960JYUZ8KAV', 'A2FFNO6G4FEE2N', 'ABS83QIWSMZ9', 'A1NIO3JNX5QTN8', 'A1Y0Y6U906ABT5', 'ASTDBTVY3WP1K', 'self_report_02']"
02_DR-100_0092_3_sentence_13.wav,"[2, 5, 4, 5, 4, 2, 6, 4, 5]","[5, 3, 3, 5, 4, 5, 4, 5, 5]","['A3KCUB6P3IE8NL', 'ABS83QIWSMZ9', 'A2JP9IKRHNLRPI', 'A2I960JYUZ8KAV', 'A2FFNO6G4FEE2N', 'A1PUHCEBSOWETV', 'ALQPGVQZEZSUE', 'ASTDBTVY3WP1K', 'self_report_02']"
02_DR-100_0092_3_sentence_14.wav,"[4, 4, 1, 5, 3, 1, 1, 1, 5]","[5, 6, 5, 6, 6, 5, 6, 5, 5]","['A2JP9IKRHNLRPI', 'ABS83QIWSMZ9', 'A1FP3SH704X01V', 'A2I960JYUZ8KAV', 'A2FFNO6G4FEE2N', 'A3KCUB6P3IE8NL', 'A1Y0Y6U906ABT5', 'A1NIO3JNX5QTN8', 'self_report_02']"
02_DR-100_0092_3_sentence_2.wav,"[2, 6, 4, 5, 3, 2, 3, 1, 5]","[4, 2, 6, 3, 3, 6, 3, 3, 5]","['A3KCUB6P3IE8NL', 'A2JP9IKRHNLRPI', 'A2I960JYUZ8KAV', 'ABS83QIWSMZ9', 'ALQPGVQZEZSUE', 'A1PUHCEBSOWETV', 'A1FP3SH704X01V', 'A1NIO3JNX5QTN8', 'self_report_02']"
02_DR-100_0092_3_sentence_3.wav,"[4, 5, 4, 1, 1, 3, 4, 6, 5]","[4, 4, 8, 5, 4, 6, 5, 5, 5]","['ABS83QIWSMZ9', 'A2JP9IKRHNLRPI', 'A2FFNO6G4FEE2N', 'A3KCUB6P3IE8NL', 'A1Y0Y6U906ABT5', 'A1PUHCEBSOWETV', 'A2I960JYUZ8KAV', 'ALQPGVQZEZSUE', 'self_report_02']"
02_DR-100_0092_3_sentence_4.wav,"[4, 3, 4, 4, 1, 1, 5, 2, 5]","[5, 6, 6, 5, 5, 6, 6, 5, 5]","['A2JP9IKRHNLRPI', 'A2FFNO6G4FEE2N', 'A2I960JYUZ8KAV', 'ABS83QIWSMZ9', 'A3KCUB6P3IE8NL', 'A1NIO3JNX5QTN8', 'ALQPGVQZEZSUE', 'A1Y0Y6U906ABT5', 'self_report_02']"
02_DR-100_0092_3_sentence_5.wav,"[5, 4, 4, 5, 1, 2, 1, 4, 5]","[5, 5, 5, 5, 5, 6, 5, 7, 5]","['ABS83QIWSMZ9', 'A2JP9IKRHNLRPI', 'A2I960JYUZ8KAV', 'ALQPGVQZEZSUE', 'A1FP3SH704X01V', 'A1PUHCEBSOWETV', 'A3KCUB6P3IE8NL', 'A2FFNO6G4FEE2N', 'self_report_02']"
02_DR-100_0092_3_sentence_6.wav,"[2, 4, 1, 3, 5, 4, 3, 2, 5]","[3, 2, 4, 3, 3, 4, 4, 3, 5]","['A2FFNO6G4FEE2N', 'ABS83QIWSMZ9', 'A3KCUB6P3IE8NL', 'AIK9W79I4TPJW', 'A2JP9IKRHNLRPI', 'A2I960JYUZ8KAV', 'A1FP3SH704X01V', 'ANV8C2DATCAPB', 'self_report_02']"
02_DR-100_0092_3_sentence_7.wav,"[5, 5, 2, 3, 3, 1, 2, 2, 5]","[3, 4, 4, 4, 4, 5, 3, 4, 5]","['A2JP9IKRHNLRPI', 'ABS83QIWSMZ9', 'A3KCUB6P3IE8NL', 'A2I960JYUZ8KAV', 'A2FFNO6G4FEE2N', 'A1NIO3JNX5QTN8', 'A1Y0Y6U906ABT5', 'A1FP3SH704X01V', 'self_report_02']"
02_DR-100_0092_3_sentence_8.wav,"[5, 1, 2, 5, 4, 3, 2, 3, 5]","[3, 4, 4, 4, 4, 4, 6, 6, 5]","['A2JP9IKRHNLRPI', 'A3KCUB6P3IE8NL', 'ALQPGVQZEZSUE', 'ABS83QIWSMZ9', 'A2I960JYUZ8KAV', 'A1FP3SH704X01V', 'A1PUHCEBSOWETV', 'A2FFNO6G4FEE2N', 'self_report_02']"
02_DR-100_0092_3_sentence_9.wav,"[2, 3, 2, 2, 2, 5, 1, 4, 5]","[6, 5, 5, 4, 7, 4, 5, 4, 5]","['A2FFNO6G4FEE2N', 'A2JP9IKRHNLRPI', 'A3KCUB6P3IE8NL', 'ALQPGVQZEZSUE', 'A1PUHCEBSOWETV', 'ABS83QIWSMZ9', 'A1NIO3JNX5QTN8', 'A2I960JYUZ8KAV', 'self_report_02']"
02_DR-100_0092_5_sentence_1.wav,"[2, 6, 5, 2, 5, 3, 1, 2, 6]","[6, 7, 5, 6, 6, 4, 5, 6, 6]","['A2FFNO6G4FEE2N', 'ABS83QIWSMZ9', 'A2JP9IKRHNLRPI', 'A1Y0Y6U906ABT5', 'A2I960JYUZ8KAV', 'ALQPGVQZEZSUE', 'A1NIO3JNX5QTN8', 'A3KCUB6P3IE8NL', 'self_report_02']"
02_DR-100_0092_5_sentence_2.wav,"[5, 5, 3, 3, 2, 3, 5, 1, 6]","[8, 7, 6, 6, 6, 7, 8, 5, 6]","['ABS83QIWSMZ9', 'A2JP9IKRHNLRPI', 'A2FFNO6G4FEE2N', 'A3KCUB6P3IE8NL', 'ANV8C2DATCAPB', 'A1PUHCEBSOWETV', 'A2I960JYUZ8KAV', 'A1NIO3JNX5QTN8', 'self_report_02']"
02_DR-100_0092_5_sentence_3.wav,"[7, 5, 4, 3, 5, 6, 3, 2, 6]","[8, 7, 8, 6, 7, 7, 7, 7, 6]","['A2JP9IKRHNLRPI', 'ABS83QIWSMZ9', 'A2FFNO6G4FEE2N', 'A1FP3SH704X01V', 'A2I960JYUZ8KAV', 'ALQPGVQZEZSUE', 'ASTDBTVY3WP1K', 'A3KCUB6P3IE8NL', 'self_report_02']"
02_DR-100_0092_5_sentence_4.wav,"[5, 1, 4, 4, 4, 1, 4, 3, 6]","[5, 5, 6, 5, 5, 5, 6, 6, 6]","['A2JP9IKRHNLRPI', 'A3KCUB6P3IE8NL', 'A2FFNO6G4FEE2N', 'A2I960JYUZ8KAV', 'ALQPGVQZEZSUE', 'A1FP3SH704X01V', 'ABS83QIWSMZ9', 'A1PUHCEBSOWETV', 'self_report_02']"
02_DR-100_0092_5_sentence_5.wav,"[4, 3, 5, 2, 2, 1, 5, 2, 6]","[6, 5, 6, 5, 5, 5, 5, 6, 6]","['ABS83QIWSMZ9', 'A2JP9IKRHNLRPI', 'A2I960JYUZ8KAV', 'A3KCUB6P3IE8NL', 'A1FP3SH704X01V', 'A1NIO3JNX5QTN8', 'ALQPGVQZEZSUE', 'A2FFNO6G4FEE2N', 'self_report_02']"
02_DR-100_0092_5_sentence_6.wav,"[5, 5, 6, 2, 3, 1, 5, 6, 6]","[8, 6, 8, 7, 3, 5, 7, 8, 6]","['ABS83QIWSMZ9', 'A2JP9IKRHNLRPI', 'A2I960JYUZ8KAV', 'A3KCUB6P3IE8NL', 'ANV8C2DATCAPB', 'A1NIO3JNX5QTN8', 'A2FFNO6G4FEE2N', 'ASTDBTVY3WP1K', 'self_report_02']"
02_DR-100_0092_5_sentence_7.wav,"[5, 2, 6, 5, 1, 3, 6, 3, 6]","[8, 7, 7, 7, 6, 6, 7, 8, 6]","['ABS83QIWSMZ9', 'A3KCUB6P3IE8NL', 'A2JP9IKRHNLRPI', 'A2I960JYUZ8KAV', 'A1NIO3JNX5QTN8', 'A1FP3SH704X01V', 'ALQPGVQZEZSUE', 'A1PUHCEBSOWETV', 'self_report_02']"
02_DR-100_0092_5_sentence_8.wav,"[4, 6, 4, 3, 3, 2, 2, 4, 6]","[7, 7, 8, 7, 6, 8, 6, 7, 6]","['ABS83QIWSMZ9', 'A2JP9IKRHNLRPI', 'A2I960JYUZ8KAV', 'ALQPGVQZEZSUE', 'A1PUHCEBSOWETV', 'A1Y0Y6U906ABT5', 'A3KCUB6P3IE8NL', 'ASTDBTVY3WP1K', 'self_report_02']"
02_DR-100_0092_7_sentence_1.wav,"[4, 1, 3, 1, 5, 2, 2, 3, 6]","[2, 4, 5, 4, 3, 4, 3, 3, 6]","['A2JP9IKRHNLRPI', 'A2FFNO6G4FEE2N', 'A2I960JYUZ8KAV', 'A1Y0Y6U906ABT5', 'ABS83QIWSMZ9', 'A3KCUB6P3IE8NL', 'ASTDBTVY3WP1K', 'ALQPGVQZEZSUE', 'self_report_02']"
02_DR-100_0092_7_sentence_10.wav,"[3, 5, 2, 4, 1, 4, 1, 4, 6]","[6, 7, 6, 5, 7, 5, 5, 6, 6]","['A2FFNO6G4FEE2N', 'A2I960JYUZ8KAV', 'AIK9W79I4TPJW', 'A2JP9IKRHNLRPI', 'A1Y0Y6U906ABT5', 'ALQPGVQZEZSUE', 'A3KCUB6P3IE8NL', 'ABS83QIWSMZ9', 'self_report_02']"
02_DR-100_0092_7_sentence_2.wav,"[5, 4, 1, 3, 1, 1, 1, 5, 6]","[5, 6, 5, 6, 3, 5, 5, 6, 6]","['A2JP9IKRHNLRPI', 'A2I960JYUZ8KAV', 'A1FP3SH704X01V', 'ALQPGVQZEZSUE', 'ANV8C2DATCAPB', 'A3KCUB6P3IE8NL', 'A1NIO3JNX5QTN8', 'ABS83QIWSMZ9', 'self_report_02']"
02_DR-100_0092_7_sentence_3.wav,"[4, 5, 1, 5, 5, 3, 2, 3, 6]","[4, 3, 4, 4, 6, 4, 4, 6, 6]","['A2FFNO6G4FEE2N', 'ABS83QIWSMZ9', 'A3KCUB6P3IE8NL', 'A2JP9IKRHNLRPI', 'A2I960JYUZ8KAV', 'ALQPGVQZEZSUE', 'A1Y0Y6U906ABT5', 'A1PUHCEBSOWETV', 'self_report_02']"
02_DR-100_0092_7_sentence_4.wav,"[6, 5, 2, 1, 3, 5, 4, 2, 6]","[6, 8, 6, 5, 5, 5, 6, 5, 6]","['A2JP9IKRHNLRPI', 'A2FFNO6G4FEE2N', 'A3KCUB6P3IE8NL', 'A1NIO3JNX5QTN8', 'A2I960JYUZ8KAV', 'ALQPGVQZEZSUE', 'ABS83QIWSMZ9', 'A1FP3SH704X01V', 'self_report_02']"
02_DR-100_0092_7_sentence_5.wav,"[4, 1, 5, 5, 2, 3, 2, 5, 6]","[5, 5, 6, 4, 4, 6, 5, 4, 6]","['A2I960JYUZ8KAV', 'A3KCUB6P3IE8NL', 'A2JP9IKRHNLRPI', 'ABS83QIWSMZ9', 'A1FP3SH704X01V', 'A2FFNO6G4FEE2N', 'ASTDBTVY3WP1K', 'ALQPGVQZEZSUE', 'self_report_02']"
02_DR-100_0092_7_sentence_6.wav,"[1, 4, 4, 6, 2, 1, 2, 5, 6]","[5, 4, 4, 3, 4, 4, 4, 4, 6]","['A2FFNO6G4FEE2N', 'ABS83QIWSMZ9', 'A2I960JYUZ8KAV', 'A2JP9IKRHNLRPI', 'A1Y0Y6U906ABT5', 'A3KCUB6P3IE8NL', 'A1FP3SH704X01V', 'ASTDBTVY3WP1K', 'self_report_02']"
02_DR-100_0092_7_sentence_7.wav,"[4, 1, 4, 3, 1, 4, 2, 2, 6]","[6, 4, 3, 3, 5, 3, 4, 4, 6]","['A2I960JYUZ8KAV', 'A3KCUB6P3IE8NL', 'A2JP9IKRHNLRPI', 'ALQPGVQZEZSUE', 'A1Y0Y6U906ABT5', 'ABS83QIWSMZ9', 'ASTDBTVY3WP1K', 'A1FP3SH704X01V', 'self_report_02']"
02_DR-100_0092_7_sentence_8.wav,"[5, 4, 2, 4, 2, 2, 2, 2, 6]","[4, 6, 5, 5, 4, 6, 4, 6, 6]","['A2JP9IKRHNLRPI', 'ABS83QIWSMZ9', 'ALQPGVQZEZSUE', 'A2I960JYUZ8KAV', 'A1FP3SH704X01V', 'A3KCUB6P3IE8NL', 'A1Y0Y6U906ABT5', 'A1PUHCEBSOWETV', 'self_report_02']"
02_DR-100_0092_7_sentence_9.wav,"[6, 5, 1, 3, 2, 2, 4, 3, 6]","[3, 3, 4, 4, 6, 4, 7, 4, 6]","['A2JP9IKRHNLRPI', 'ABS83QIWSMZ9', 'A1NIO3JNX5QTN8', 'ALQPGVQZEZSUE', 'A1PUHCEBSOWETV', 'A3KCUB6P3IE8NL', 'A2I960JYUZ8KAV', 'A2FFNO6G4FEE2N', 'self_report_02']"
02_DR-100_0092_9_sentence_1.wav,"[2, 4, 4, 4, 2, 1, 2, 2, 6]","[7, 6, 5, 5, 5, 6, 6, 5, 6]","['A2FFNO6G4FEE2N', 'A2I960JYUZ8KAV', 'ABS83QIWSMZ9', 'A2JP9IKRHNLRPI', 'A3KCUB6P3IE8NL', 'ANV8C2DATCAPB', 'A1PUHCEBSOWETV', 'A1FP3SH704X01V', 'self_report_02']"
02_DR-100_0092_9_sentence_2.wav,"[5, 5, 2, 4, 1, 3, 4, 3, 6]","[5, 5, 5, 6, 5, 6, 6, 6, 6]","['ABS83QIWSMZ9', 'A2JP9IKRHNLRPI', 'A3KCUB6P3IE8NL', 'ASTDBTVY3WP1K', 'A1NIO3JNX5QTN8', 'A1PUHCEBSOWETV', 'A2I960JYUZ8KAV', 'A2FFNO6G4FEE2N', 'self_report_02']"
02_DR-100_0092_9_sentence_3.wav,"[5, 5, 3, 2, 4, 2, 4, 1, 6]","[5, 6, 6, 5, 5, 5, 7, 5, 6]","['A2JP9IKRHNLRPI', 'A2I960JYUZ8KAV', 'A2FFNO6G4FEE2N', 'A1FP3SH704X01V', 'ABS83QIWSMZ9', 'A3KCUB6P3IE8NL', 'ASTDBTVY3WP1K', 'A1Y0Y6U906ABT5', 'self_report_02']"
02_DR-100_0092_9_sentence_4.wav,"[3, 4, 4, 4, 1, 4, 3, 2, 6]","[4, 2, 3, 4, 3, 3, 4, 4, 6]","['A2FFNO6G4FEE2N', 'A2JP9IKRHNLRPI', 'ABS83QIWSMZ9', 'A2I960JYUZ8KAV', 'A1NIO3JNX5QTN8', 'ALQPGVQZEZSUE', 'A1FP3SH704X01V', 'A3KCUB6P3IE8NL', 'self_report_02']"
02_DR-100_0092_9_sentence_5.wav,"[1, 5, 5, 3, 5, 1, 2, 3, 6]","[4, 2, 4, 3, 4, 4, 4, 4, 6]","['A2FFNO6G4FEE2N', 'A2JP9IKRHNLRPI', 'ABS83QIWSMZ9', 'ALQPGVQZEZSUE', 'A2I960JYUZ8KAV', 'A1NIO3JNX5QTN8', 'A3KCUB6P3IE8NL', 'A1FP3SH704X01V', 'self_report_02']"
02_DR-100_0092_9_sentence_6.wav,"[5, 4, 3, 4, 2, 5, 1, 4, 6]","[6, 6, 4, 6, 6, 6, 6, 6, 6]","['A2JP9IKRHNLRPI', 'ABS83QIWSMZ9', 'A1FP3SH704X01V', 'A2FFNO6G4FEE2N', 'A3KCUB6P3IE8NL', 'ALQPGVQZEZSUE', 'A1NIO3JNX5QTN8', 'A2I960JYUZ8KAV', 'self_report_02']"
02_DR-100_0092_9_sentence_7.wav,"[5, 5, 5, 5, 1, 5, 3, 4, 6]","[3, 7, 6, 7, 4, 7, 5, 4, 6]","['A2JP9IKRHNLRPI', 'A2I960JYUZ8KAV', 'ABS83QIWSMZ9', 'A2FFNO6G4FEE2N', 'A1NIO3JNX5QTN8', 'ASTDBTVY3WP1K', 'A3KCUB6P3IE8NL', 'A1Y0Y6U906ABT5', 'self_report_02']"
02_DR-100_0092_9_sentence_8.wav,"[4, 4, 5, 2, 3, 2, 2, 2, 6]","[4, 4, 5, 5, 4, 4, 4, 6, 6]","['A2JP9IKRHNLRPI', 'ABS83QIWSMZ9', 'A2I960JYUZ8KAV', 'A3KCUB6P3IE8NL', 'ALQPGVQZEZSUE', 'A1FP3SH704X01V', 'ANV8C2DATCAPB', 'A1PUHCEBSOWETV', 'self_report_02']"
02_DR-100_0092_9_sentence_9.wav,"[4, 1, 4, 4, 3, 2, 3, 2, 6]","[6, 6, 6, 7, 5, 6, 6, 4, 6]","['ABS83QIWSMZ9', 'A3KCUB6P3IE8NL', 'A2I960JYUZ8KAV', 'A2JP9IKRHNLRPI', 'ALQPGVQZEZSUE', 'A1Y0Y6U906ABT5', 'A1PUHCEBSOWETV', 'A1FP3SH704X01V', 'self_report_02']"
07_DR-100_0092_7_sentence_4.wav,"[7, 2, 3, 1, 6, 3, 5, 3, 4]","[6, 5, 5, 5, 6, 6, 5, 5, 6]","['A27SMEOPKV84VI', 'A365SN61J4UNGR', 'AKZ8SFOAI4RZN', 'A1NIO3JNX5QTN8', 'A124E03UMDZAA9', 'A2FFNO6G4FEE2N', 'A2B6WQG0A9CKXQ', 'A1T79J0XQXDDGC', 'self_report_07']"
08_DR-100_0090_9_sentence_3.wav,"[1, 4, 3, 3, 5, 4, 1, 4, 5]","[5, 5, 5, 6, 4, 5, 5, 5, 6]","['A1FP3SH704X01V', 'ALQPGVQZEZSUE', 'A365SN61J4UNGR', 'A1PUHCEBSOWETV', 'A124E03UMDZAA9', 'A2B6WQG0A9CKXQ', 'AKZ8SFOAI4RZN', 'AW4AHMQ7EN4QI', 'self_report_08']"
03_DR-100_0099_3_sentence_7.wav,"[9, 7, 8, 8, 4, 5, 7, 4, 7]","[1, 2, 2, 1, 6, 7, 5, 3, 2]","['A27SMEOPKV84VI', 'A2NBVTY6FLBEAF', 'A2TBXASXZIRNNW', 'A2B6WQG0A9CKXQ', 'A1PUHCEBSOWETV', 'A1ET2J1PIP0RGO', 'ARVXIBUCA8WDZ', 'A1FP3SH704X01V', 'self_report_03']"
08_DR-100_0090_3_sentence_7.wav,"[8, 5, 6, 6, 5, 3, 7, 1, 5]","[8, 8, 6, 7, 6, 9, 6, 5, 6]","['AKZ8SFOAI4RZN', 'A2B6WQG0A9CKXQ', 'A124E03UMDZAA9', 'A27SMEOPKV84VI', 'A2JP9IKRHNLRPI', 'A1T79J0XQXDDGC', 'A2NBVTY6FLBEAF', 'A1FP3SH704X01V', 'self_report_08']"
08_DR-100_0090_1_sentence_1.wav,"[1, 5, 3, 2, 5, 3, 5, 4, 4]","[6, 7, 8, 4, 6, 7, 6, 5, 5]","['A1NIO3JNX5QTN8', 'A2TBXASXZIRNNW', 'A1T79J0XQXDDGC', 'A1FP3SH704X01V', 'A2JP9IKRHNLRPI', 'A2AAY4VT9L71SY', 'A1ET2J1PIP0RGO', 'A27SMEOPKV84VI', 'self_report_08']"
10_DR-100_0096_3_sentence_2.wav,"[1, 2, 3, 3, 3, 2, 5, 4, 5]","[7, 4, 8, 4, 4, 8, 8, 8, 5]","['A1NIO3JNX5QTN8', 'A1FP3SH704X01V', 'A1T79J0XQXDDGC', 'A27SMEOPKV84VI', 'A124E03UMDZAA9', 'A2B6WQG0A9CKXQ', 'A1PUHCEBSOWETV', 'A1ET2J1PIP0RGO', 'self_report_10']"
06_DR-100_0093_3_sentence_3.wav,"[1, 3, 2, 3, 5, 3, 5, 3, 5]","[5, 5, 3, 7, 6, 5, 5, 6, 8]","['A1FP3SH704X01V', 'ALQPGVQZEZSUE', 'A365SN61J4UNGR', 'A2AAY4VT9L71SY', 'A2JP9IKRHNLRPI', 'A2B6WQG0A9CKXQ', 'A27SMEOPKV84VI', 'A2FFNO6G4FEE2N', 'self_report_06']"
04_DR-100_0082_5_sentence_5.wav,"[3, 2, 2, 5, 7, 6, 4, 3, 4]","[6, 5, 5, 3, 4, 4, 4, 6, 5]","['A1PUHCEBSOWETV', 'A1FP3SH704X01V', 'A1T79J0XQXDDGC', 'A2AG45K4ULNBHF', 'A27SMEOPKV84VI', 'A1VC6F0FYG1L5I', 'A124E03UMDZAA9', 'A2FFNO6G4FEE2N', 'self_report_04']"
04_DR-100_0082_5_sentence_7.wav,"[2, 3, 5, 3, 2, 5, 3, 2, 4]","[5, 8, 7, 7, 7, 6, 6, 7, 5]","['A365SN61J4UNGR', 'A10GZ0SWBZIRBK', 'A2JP9IKRHNLRPI', 'A2AAY4VT9L71SY', 'A394S7JSNUA3TS', 'A124E03UMDZAA9', 'A1PUHCEBSOWETV', 'A1T79J0XQXDDGC', 'self_report_04']"
09_DR-100_0100_9_sentence_6.wav,"[1, 1, 2, 3, 1, 4, 3, 1, 4]","[3, 5, 5, 6, 5, 5, 5, 5, 6]","['A2TBXASXZIRNNW', 'A2AG45K4ULNBHF', 'A2B6WQG0A9CKXQ', 'A1PUHCEBSOWETV', 'A2AAY4VT9L71SY', 'A2JP9IKRHNLRPI', 'A2NBVTY6FLBEAF', 'A1T79J0XQXDDGC', 'self_report_09']"
07_DR-100_0092_7_sentence_7.wav,"[6, 3, 2, 5, 1, 2, 3, 1, 4]","[5, 5, 5, 5, 5, 5, 5, 5, 6]","['A27SMEOPKV84VI', 'A2JP9IKRHNLRPI', 'A1PUHCEBSOWETV', 'A2B6WQG0A9CKXQ', 'A1T79J0XQXDDGC', 'A2AAY4VT9L71SY', 'A2AG45K4ULNBHF', 'A394S7JSNUA3TS', 'self_report_07']"
07_DR-100_0092_5_sentence_6.wav,"[3, 4, 1, 4, 3, 2, 1, 1, 4]","[4, 5, 5, 4, 4, 4, 5, 5, 7]","['A2JP9IKRHNLRPI', 'A124E03UMDZAA9', 'A2B6WQG0A9CKXQ', 'A2NBVTY6FLBEAF', 'A2AAY4VT9L71SY', 'A394S7JSNUA3TS', 'A2FFNO6G4FEE2N', 'A2F48NO7AD9VKK', 'self_report_07']"
07_DR-100_0092_5_sentence_9.wav,"[2, 1, 4, 7, 3, 4, 3, 1, 4]","[4, 1, 5, 4, 7, 5, 7, 4, 7]","['A365SN61J4UNGR', 'A2AG45K4ULNBHF', 'A2B6WQG0A9CKXQ', 'A27SMEOPKV84VI', 'A2FFNO6G4FEE2N', 'A124E03UMDZAA9', 'A1PUHCEBSOWETV', 'A1T79J0XQXDDGC', 'self_report_07']"
05_DR-100_0098_5_sentence_2.wav,"[6, 2, 4, 4, 1, 2, 3, 4, 8]","[5, 5, 5, 5, 5, 5, 7, 6, 8]","['A27SMEOPKV84VI', 'A1T79J0XQXDDGC', 'A2JP9IKRHNLRPI', 'ALQPGVQZEZSUE', 'A10GZ0SWBZIRBK', 'A365SN61J4UNGR', 'A1PUHCEBSOWETV', 'A124E03UMDZAA9', 'self_report_05']"
05_DR-100_0098_1_sentence_2.wav,"[5, 2, 2, 4, 1, 1, 4, 6, 4]","[5, 5, 5, 5, 6, 5, 5, 3, 7]","['A2JP9IKRHNLRPI', 'A365SN61J4UNGR', 'A2NBVTY6FLBEAF', 'A2B6WQG0A9CKXQ', 'A1T79J0XQXDDGC', 'A2F48NO7AD9VKK', 'A1ET2J1PIP0RGO', 'A2TBXASXZIRNNW', 'self_report_05']"
10_DR-100_0096_9_sentence_5.wav,"[6, 2, 4, 3, 6, 5, 2, 2, 7]","[7, 7, 6, 7, 3, 3, 5, 6, 4]","['A2JP9IKRHNLRPI', 'A1T79J0XQXDDGC', 'A2NBVTY6FLBEAF', 'A1PUHCEBSOWETV', 'A2TBXASXZIRNNW', 'A124E03UMDZAA9', 'ARVXIBUCA8WDZ', 'A1FHS282JP487T', 'self_report_10']"
07_DR-100_0092_9_sentence_3.wav,"[1, 2, 2, 3, 3, 4, 6, 7, 4]","[5, 3, 4, 5, 4, 4, 4, 6, 6]","['A1FP3SH704X01V', 'A365SN61J4UNGR', 'A2F48NO7AD9VKK', 'A1PUHCEBSOWETV', 'AKZ8SFOAI4RZN', 'A2JP9IKRHNLRPI', 'A27SMEOPKV84VI', 'A124E03UMDZAA9', 'self_report_07']"
07_DR-100_0092_1_sentence_1.wav,"[1, 4, 3, 6, 6, 6, 2, 2, 6]","[6, 6, 7, 5, 6, 5, 6, 5, 6]","['A1NIO3JNX5QTN8', 'AKZ8SFOAI4RZN', 'A1T79J0XQXDDGC', 'A2B6WQG0A9CKXQ', 'A2NBVTY6FLBEAF', 'A2AG45K4ULNBHF', 'A1PUHCEBSOWETV', 'A2F48NO7AD9VKK', 'self_report_07']"
06_DR-100_0093_7_sentence_3.wav,"[2, 4, 3, 2, 2, 4, 4, 1, 7]","[4, 5, 3, 3, 4, 3, 3, 4, 4]","['AKZ8SFOAI4RZN', 'A124E03UMDZAA9', 'A1PUHCEBSOWETV', 'A365SN61J4UNGR', 'A1T79J0XQXDDGC', 'A2NBVTY6FLBEAF', 'A2AG45K4ULNBHF', 'A1NIO3JNX5QTN8', 'self_report_06']"
03_DR-100_0099_7_sentence_3.wav,"[7, 4, 7, 8, 7, 7, 6, 2, 4]","[2, 4, 4, 4, 4, 2, 4, 6, 4]","['A2JP9IKRHNLRPI', 'A1PUHCEBSOWETV', 'AKZ8SFOAI4RZN', 'A2AAY4VT9L71SY', 'A2B6WQG0A9CKXQ', 'A2TBXASXZIRNNW', 'A1ET2J1PIP0RGO', 'A1FHS282JP487T', 'self_report_03']"
04_DR-100_0082_5_sentence_2.wav,"[2, 5, 2, 5, 3, 5, 3, 2, 4]","[4, 4, 7, 7, 3, 7, 6, 6, 5]","['A3KCUB6P3IE8NL', 'A124E03UMDZAA9', 'A1T79J0XQXDDGC', 'A2AG45K4ULNBHF', 'A2NBVTY6FLBEAF', 'A2JP9IKRHNLRPI', 'A2B6WQG0A9CKXQ', 'A1FP3SH704X01V', 'self_report_04']"
04_DR-100_0082_1_sentence_2.wav,"[5, 3, 7, 6, 5, 5, 3, 3, 4]","[5, 7, 6, 5, 5, 6, 7, 5, 5]","['ALQPGVQZEZSUE', 'A1PUHCEBSOWETV', 'A124E03UMDZAA9', 'A27SMEOPKV84VI', 'A2JP9IKRHNLRPI', 'ACJ6NSCIWMUZI', 'A2FFNO6G4FEE2N', 'A2AAY4VT9L71SY', 'self_report_04']"
10_DR-100_0096_3_sentence_4.wav,"[2, 1, 4, 4, 2, 1, 2, 3, 5]","[5, 8, 7, 5, 5, 5, 6, 6, 5]","['A27SMEOPKV84VI', 'A1T79J0XQXDDGC', 'A1PUHCEBSOWETV', 'A124E03UMDZAA9', 'A2TBXASXZIRNNW', 'A1FP3SH704X01V', 'A2B6WQG0A9CKXQ', 'A1VC6F0FYG1L5I', 'self_report_10']"
04_DR-100_0082_7_sentence_9.wav,"[3, 7, 3, 6, 6, 4, 5, 3, 4]","[4, 5, 3, 4, 3, 3, 4, 3, 5]","['AKZ8SFOAI4RZN', 'A27SMEOPKV84VI', 'A2AAY4VT9L71SY', 'A2NBVTY6FLBEAF', 'A2TBXASXZIRNNW', 'A2JP9IKRHNLRPI', 'A1VC6F0FYG1L5I', 'AW4AHMQ7EN4QI', 'self_report_04']"
07_DR-100_0092_5_sentence_11.wav,"[3, 1, 4, 7, 7, 5, 4, 2, 4]","[6, 5, 7, 5, 4, 4, 7, 6, 7]","['A1PUHCEBSOWETV', 'A1NIO3JNX5QTN8', 'A1T79J0XQXDDGC', 'A27SMEOPKV84VI', 'A2B6WQG0A9CKXQ', 'AW4AHMQ7EN4QI', 'A2FFNO6G4FEE2N', 'A1FP3SH704X01V', 'self_report_07']"
03_DR-100_0099_3_sentence_6.wav,"[8, 5, 8, 5, 7, 3, 8, 8, 7]","[2, 3, 3, 1, 2, 4, 1, 2, 2]","['A27SMEOPKV84VI', 'A1PUHCEBSOWETV', 'A2AG45K4ULNBHF', 'A2JP9IKRHNLRPI', 'A2TBXASXZIRNNW', 'A124E03UMDZAA9', 'A2AAY4VT9L71SY', 'A2NBVTY6FLBEAF', 'self_report_03']"
07_DR-100_0092_1_sentence_2.wav,"[3, 4, 3, 2, 1, 5, 4, 3, 6]","[6, 6, 7, 4, 5, 5, 6, 8, 6]","['A10GZ0SWBZIRBK', 'A2TBXASXZIRNNW', 'AKZ8SFOAI4RZN', 'A394S7JSNUA3TS', 'A1FP3SH704X01V', 'A2JP9IKRHNLRPI', 'A1ET2J1PIP0RGO', 'A2FFNO6G4FEE2N', 'self_report_07']"
03_DR-100_0099_1_sentence_7.wav,"[4, 8, 6, 4, 5, 7, 7, 8, 4]","[4, 3, 7, 7, 6, 7, 6, 9, 3]","['A1FP3SH704X01V', 'A27SMEOPKV84VI', 'A2NBVTY6FLBEAF', 'A1PUHCEBSOWETV', 'A2FFNO6G4FEE2N', 'A2B6WQG0A9CKXQ', 'A1ET2J1PIP0RGO', 'A1T79J0XQXDDGC', 'self_report_03']"
10_DR-100_0096_5_sentence_2.wav,"[2, 2, 3, 5, 5, 2, 2, 5, 6]","[4, 7, 3, 5, 6, 6, 5, 3, 5]","['A3KCUB6P3IE8NL', 'A1T79J0XQXDDGC', 'A2AAY4VT9L71SY', 'A27SMEOPKV84VI', 'A2TBXASXZIRNNW', 'A1VC6F0FYG1L5I', 'A2F48NO7AD9VKK', 'A124E03UMDZAA9', 'self_report_10']"
03_DR-100_0099_5_sentence_10.wav,"[5, 6, 3, 3, 4, 5, 6, 5, 4]","[6, 8, 4, 7, 6, 9, 9, 6, 6]","['A2JP9IKRHNLRPI', 'A2NBVTY6FLBEAF', 'A1FP3SH704X01V', 'A365SN61J4UNGR', 'A124E03UMDZAA9', 'A1T79J0XQXDDGC', 'A1ET2J1PIP0RGO', 'A1NIO3JNX5QTN8', 'self_report_03']"
05_DR-100_0098_1_sentence_4.wav,"[1, 6, 4, 4, 2, 4, 4, 7, 4]","[5, 5, 6, 5, 5, 8, 7, 6, 7]","['A1FP3SH704X01V', 'A2B6WQG0A9CKXQ', 'A124E03UMDZAA9', 'AW4AHMQ7EN4QI', 'A1FHS282JP487T', 'A1ET2J1PIP0RGO', 'A1PUHCEBSOWETV', 'A27SMEOPKV84VI', 'self_report_05']"
03_DR-100_0099_5_sentence_6.wav,"[4, 4, 8, 5, 9, 6, 4, 4, 4]","[6, 5, 2, 4, 5, 2, 2, 4, 6]","['A124E03UMDZAA9', 'A1FHS282JP487T', 'A2TBXASXZIRNNW', 'A1ET2J1PIP0RGO', 'A2AAY4VT9L71SY', 'A2JP9IKRHNLRPI', 'A1PUHCEBSOWETV', 'A394S7JSNUA3TS', 'self_report_03']"
03_DR-100_0099_5_sentence_4.wav,"[3, 4, 4, 6, 7, 6, 5, 6, 4]","[1, 2, 2, 3, 2, 2, 4, 2, 6]","['A365SN61J4UNGR', 'ALQPGVQZEZSUE', 'A1NIO3JNX5QTN8', 'AKZ8SFOAI4RZN', 'A2B6WQG0A9CKXQ', 'A10GZ0SWBZIRBK', 'A2FFNO6G4FEE2N', 'A1T79J0XQXDDGC', 'self_report_03']"
09_DR-100_0100_3_sentence_2.wav,"[2, 2, 1, 3, 7, 2, 2, 2, 5]","[6, 6, 5, 6, 3, 8, 6, 7, 4]","['A1T79J0XQXDDGC', 'A1FP3SH704X01V', 'A2EOOF9D135HQ1', 'A27SMEOPKV84VI', 'A2TBXASXZIRNNW', 'A2AG45K4ULNBHF', 'ARVXIBUCA8WDZ', 'A2F48NO7AD9VKK', 'self_report_09']"
05_DR-100_0098_1_sentence_3.wav,"[4, 3, 3, 4, 3, 5, 1, 2, 4]","[6, 6, 4, 7, 6, 7, 5, 6, 7]","['A2JP9IKRHNLRPI', 'A124E03UMDZAA9', 'A2NBVTY6FLBEAF', 'A2AAY4VT9L71SY', 'A1PUHCEBSOWETV', 'A1ET2J1PIP0RGO', 'A1FHS282JP487T', 'A1T79J0XQXDDGC', 'self_report_05']"
10_DR-100_0096_1_sentence_1.wav,"[3, 4, 3, 2, 3, 4, 2, 1, 6]","[4, 7, 6, 5, 6, 3, 8, 8, 6]","['A2NBVTY6FLBEAF', 'A2B6WQG0A9CKXQ', 'A1PUHCEBSOWETV', 'A1FP3SH704X01V', 'A1VC6F0FYG1L5I', 'A1ET2J1PIP0RGO', 'A2AG45K4ULNBHF', 'A1T79J0XQXDDGC', 'self_report_10']"
10_DR-100_0096_5_sentence_1.wav,"[2, 1, 5, 5, 5, 3, 2, 7, 6]","[2, 4, 5, 4, 5, 6, 4, 5, 5]","['A365SN61J4UNGR', 'A2FFNO6G4FEE2N', 'A2B6WQG0A9CKXQ', 'A124E03UMDZAA9', 'A2TBXASXZIRNNW', 'A1PUHCEBSOWETV', 'A394S7JSNUA3TS', 'A27SMEOPKV84VI', 'self_report_10']"
07_DR-100_0092_5_sentence_7.wav,"[3, 1, 7, 4, 3, 6, 5, 4, 4]","[6, 4, 5, 4, 6, 5, 5, 5, 7]","['AKZ8SFOAI4RZN', 'A1T79J0XQXDDGC', 'A27SMEOPKV84VI', 'A2AAY4VT9L71SY', 'A1PUHCEBSOWETV', 'A2TBXASXZIRNNW', 'A2B6WQG0A9CKXQ', 'AW4AHMQ7EN4QI', 'self_report_07']"
06_DR-100_0093_1_sentence_5.wav,"[2, 2, 4, 1, 6, 6, 2, 5, 6]","[6, 6, 6, 6, 7, 7, 6, 7, 7]","['A3KCUB6P3IE8NL', 'A365SN61J4UNGR', 'A124E03UMDZAA9', 'A1NIO3JNX5QTN8', 'A2NBVTY6FLBEAF', 'A2AG45K4ULNBHF', 'A1FHS282JP487T', 'A2B6WQG0A9CKXQ', 'self_report_06']"
06_DR-100_0093_3_sentence_6.wav,"[3, 8, 5, 3, 6, 4, 3, 4, 5]","[7, 8, 9, 9, 9, 8, 6, 6, 8]","['A1PUHCEBSOWETV', 'A2TBXASXZIRNNW', 'A2B6WQG0A9CKXQ', 'A1T79J0XQXDDGC', 'A1ET2J1PIP0RGO', 'AKZ8SFOAI4RZN', 'A1FHS282JP487T', 'A2JP9IKRHNLRPI', 'self_report_06']"
04_DR-100_0082_9_sentence_5.wav,"[5, 2, 7, 8, 4, 5, 1, 4, 4]","[5, 5, 6, 7, 6, 6, 5, 7, 5]","['ALQPGVQZEZSUE', 'A1NIO3JNX5QTN8', 'A27SMEOPKV84VI', 'A2B6WQG0A9CKXQ', 'A2FFNO6G4FEE2N', 'A124E03UMDZAA9', 'A394S7JSNUA3TS', 'A1PUHCEBSOWETV', 'self_report_04']"
03_DR-100_0099_3_sentence_8.wav,"[4, 3, 2, 5, 2, 2, 3, 7, 7]","[2, 4, 3, 1, 2, 4, 4, 2, 2]","['A1T79J0XQXDDGC', 'A124E03UMDZAA9', 'A1FP3SH704X01V', 'AW4AHMQ7EN4QI', 'A2JP9IKRHNLRPI', 'A1FHS282JP487T', 'A394S7JSNUA3TS', 'A27SMEOPKV84VI', 'self_report_03']"
07_DR-100_0092_5_sentence_5.wav,"[2, 4, 5, 5, 3, 3, 5, 3, 4]","[4, 3, 4, 5, 3, 7, 5, 5, 7]","['A3KCUB6P3IE8NL', 'A27SMEOPKV84VI', 'A2NBVTY6FLBEAF', 'A1VC6F0FYG1L5I', 'A2JP9IKRHNLRPI', 'A1PUHCEBSOWETV', 'A124E03UMDZAA9', 'AHZPOM46IUJ2N', 'self_report_07']"
10_DR-100_0096_7_sentence_9.wav,"[1, 2, 3, 2, 1, 3, 2, 1, 5]","[5, 5, 5, 5, 5, 6, 4, 6, 4]","['A3KCUB6P3IE8NL', 'A365SN61J4UNGR', 'ALQPGVQZEZSUE', 'A2B6WQG0A9CKXQ', 'A1NIO3JNX5QTN8', 'A124E03UMDZAA9', 'A2TBXASXZIRNNW', 'AKZ8SFOAI4RZN', 'self_report_10']"
06_DR-100_0093_7_sentence_2.wav,"[3, 2, 5, 5, 4, 6, 6, 2, 7]","[4, 4, 4, 4, 5, 6, 4, 3, 4]","['AKZ8SFOAI4RZN', 'A1FP3SH704X01V', 'A2AG45K4ULNBHF', 'A27SMEOPKV84VI', 'A2JP9IKRHNLRPI', 'A1ET2J1PIP0RGO', 'A124E03UMDZAA9', 'A394S7JSNUA3TS', 'self_report_06']"
09_DR-100_0100_1_sentence_1.wav,"[1, 2, 4, 3, 3, 4, 1, 1, 5]","[4, 4, 3, 6, 4, 4, 4, 5, 4]","['A10GZ0SWBZIRBK', 'A2AAY4VT9L71SY', 'A2JP9IKRHNLRPI', 'A1PUHCEBSOWETV', 'A27SMEOPKV84VI', 'A124E03UMDZAA9', 'A2FFNO6G4FEE2N', 'A1FHS282JP487T', 'self_report_09']"
03_DR-100_0099_5_sentence_8.wav,"[3, 3, 7, 2, 7, 4, 7, 8, 4]","[5, 6, 7, 6, 2, 2, 7, 8, 6]","['A1FP3SH704X01V', 'A365SN61J4UNGR', 'A2B6WQG0A9CKXQ', 'A10GZ0SWBZIRBK', 'A2TBXASXZIRNNW', 'A1NIO3JNX5QTN8', 'A2NBVTY6FLBEAF', 'A2AAY4VT9L71SY', 'self_report_03']"
04_DR-100_0082_1_sentence_8.wav,"[3, 1, 4, 3, 3, 3, 3, 1, 4]","[3, 5, 5, 5, 5, 5, 5, 5, 5]","['A1PUHCEBSOWETV', 'A1FP3SH704X01V', 'A124E03UMDZAA9', 'A2NBVTY6FLBEAF', 'A10GZ0SWBZIRBK', 'A1ET2J1PIP0RGO', 'A2B6WQG0A9CKXQ', 'A1T79J0XQXDDGC', 'self_report_04']"
04_DR-100_0082_3_sentence_5.wav,"[5, 3, 5, 5, 2, 2, 4, 3, 4]","[7, 6, 4, 3, 6, 6, 3, 6, 5]","['A2JP9IKRHNLRPI', 'AKZ8SFOAI4RZN', 'A124E03UMDZAA9', 'A1ET2J1PIP0RGO', 'A1FP3SH704X01V', 'A1T79J0XQXDDGC', 'A2AG45K4ULNBHF', 'A2NBVTY6FLBEAF', 'self_report_04']"
04_DR-100_0082_9_sentence_3.wav,"[3, 4, 4, 6, 4, 3, 2, 6, 4]","[3, 3, 2, 3, 3, 4, 4, 4, 5]","['A1PUHCEBSOWETV', 'A1T79J0XQXDDGC', 'A365SN61J4UNGR', 'A27SMEOPKV84VI', 'A2AG45K4ULNBHF', 'AKZ8SFOAI4RZN', 'A1NIO3JNX5QTN8', 'A124E03UMDZAA9', 'self_report_04']"
09_DR-100_0100_9_sentence_3.wav,"[5, 5, 4, 3, 1, 3, 2, 2, 4]","[4, 6, 4, 4, 6, 7, 6, 6, 6]","['A27SMEOPKV84VI', 'A2JP9IKRHNLRPI', 'A2TBXASXZIRNNW', 'A1VC6F0FYG1L5I', 'AKZ8SFOAI4RZN', 'A1PUHCEBSOWETV', 'A2AAY4VT9L71SY', 'A1FP3SH704X01V', 'self_report_09']"
09_DR-100_0100_7_sentence_3.wav,"[3, 1, 3, 5, 2, 2, 2, 2, 3]","[4, 4, 6, 6, 5, 5, 4, 4, 6]","['A27SMEOPKV84VI', 'A1T79J0XQXDDGC', 'A1PUHCEBSOWETV', 'AW4AHMQ7EN4QI', 'A2AAY4VT9L71SY', 'A2FFNO6G4FEE2N', 'A2F48NO7AD9VKK', 'A1FP3SH704X01V', 'self_report_09']"
07_DR-100_0092_9_sentence_5.wav,"[3, 3, 3, 4, 3, 1, 6, 4, 4]","[3, 6, 5, 5, 6, 5, 6, 6, 6]","['A1PUHCEBSOWETV', 'AKZ8SFOAI4RZN', 'A365SN61J4UNGR', 'A2JP9IKRHNLRPI', 'A2AAY4VT9L71SY', 'A394S7JSNUA3TS', 'A2NBVTY6FLBEAF', 'A124E03UMDZAA9', 'self_report_07']"
10_DR-100_0096_9_sentence_6.wav,"[2, 1, 2, 4, 4, 5, 4, 3, 7]","[6, 5, 4, 6, 8, 4, 7, 8, 4]","['A10GZ0SWBZIRBK', 'A1NIO3JNX5QTN8', 'A1FP3SH704X01V', 'A2JP9IKRHNLRPI', 'A1PUHCEBSOWETV', 'A2TBXASXZIRNNW', 'A2AAY4VT9L71SY', 'A2B6WQG0A9CKXQ', 'self_report_10']"
08_DR-100_0090_5_sentence_5.wav,"[5, 6, 3, 1, 6, 2, 2, 5, 5]","[7, 8, 7, 6, 7, 6, 7, 7, 5]","['ALQPGVQZEZSUE', 'A2B6WQG0A9CKXQ', 'A2FFNO6G4FEE2N', 'A1NIO3JNX5QTN8', 'A2NBVTY6FLBEAF', 'A394S7JSNUA3TS', 'A1VC6F0FYG1L5I', 'A124E03UMDZAA9', 'self_report_08']"
10_DR-100_0096_5_sentence_4.wav,"[4, 5, 6, 6, 7, 5, 3, 3, 6]","[4, 4, 3, 3, 4, 6, 6, 4, 5]","['A2JP9IKRHNLRPI', 'A2B6WQG0A9CKXQ', 'A2NBVTY6FLBEAF', 'A27SMEOPKV84VI', 'A2TBXASXZIRNNW', 'A124E03UMDZAA9', 'ARVXIBUCA8WDZ', 'A394S7JSNUA3TS', 'self_report_10']"
04_DR-100_0082_1_sentence_4.wav,"[3, 4, 1, 4, 4, 1, 4, 4, 4]","[6, 4, 5, 5, 5, 6, 5, 6, 5]","['A365SN61J4UNGR', 'A124E03UMDZAA9', 'AKZ8SFOAI4RZN', 'A27SMEOPKV84VI', 'A2TBXASXZIRNNW', 'A2F48NO7AD9VKK', 'A2AG45K4ULNBHF', 'A2JP9IKRHNLRPI', 'self_report_04']"
05_DR-100_0098_5_sentence_8.wav,"[2, 4, 1, 5, 6, 2, 4, 5, 8]","[5, 6, 5, 6, 5, 6, 5, 6, 8]","['A3KCUB6P3IE8NL', 'A1PUHCEBSOWETV', 'A1NIO3JNX5QTN8', 'A2B6WQG0A9CKXQ', 'A27SMEOPKV84VI', 'A1FP3SH704X01V', 'AW4AHMQ7EN4QI', 'A2JP9IKRHNLRPI', 'self_report_05']"
08_DR-100_0090_1_sentence_2.wav,"[5, 3, 5, 1, 2, 6, 6, 1, 4]","[7, 4, 4, 9, 5, 7, 7, 7, 5]","['A27SMEOPKV84VI', 'A1PUHCEBSOWETV', 'A124E03UMDZAA9', 'A1T79J0XQXDDGC', 'A1FP3SH704X01V', 'A2NBVTY6FLBEAF', 'A2TBXASXZIRNNW', 'A2F48NO7AD9VKK', 'self_report_08']"
07_DR-100_0092_7_sentence_5.wav,"[6, 2, 7, 3, 5, 4, 1, 4, 4]","[5, 5, 5, 5, 5, 6, 5, 6, 6]","['A27SMEOPKV84VI', 'A2NBVTY6FLBEAF', 'A2B6WQG0A9CKXQ', 'A1NIO3JNX5QTN8', 'A2TBXASXZIRNNW', 'A1PUHCEBSOWETV', 'A1FP3SH704X01V', 'ARVXIBUCA8WDZ', 'self_report_07']"
05_DR-100_0098_7_sentence_3.wav,"[3, 2, 4, 6, 5, 3, 3, 1, 4]","[5, 4, 5, 4, 5, 4, 4, 5, 3]","['A1PUHCEBSOWETV', 'A1T79J0XQXDDGC', 'A2JP9IKRHNLRPI', 'A2NBVTY6FLBEAF', 'A27SMEOPKV84VI', 'A124E03UMDZAA9', 'ARVXIBUCA8WDZ', 'A1NIO3JNX5QTN8', 'self_report_05']"
04_DR-100_0082_9_sentence_10.wav,"[6, 2, 3, 6, 6, 3, 2, 1, 4]","[3, 6, 7, 3, 7, 6, 3, 5, 5]","['A2JP9IKRHNLRPI', 'A2AAY4VT9L71SY', 'A1T79J0XQXDDGC', 'A2TBXASXZIRNNW', 'A1ET2J1PIP0RGO', 'A1FHS282JP487T', 'A1FP3SH704X01V', 'A2F48NO7AD9VKK', 'self_report_04']"
08_DR-100_0090_5_sentence_2.wav,"[2, 3, 1, 5, 7, 3, 6, 2, 5]","[5, 6, 5, 5, 7, 5, 5, 5, 5]","['A365SN61J4UNGR', 'A1PUHCEBSOWETV', 'A1FP3SH704X01V', 'A124E03UMDZAA9', 'A2TBXASXZIRNNW', 'A2AAY4VT9L71SY', 'A27SMEOPKV84VI', 'A1T79J0XQXDDGC', 'self_report_08']"
04_DR-100_0082_3_sentence_2.wav,"[2, 6, 6, 3, 6, 3, 4, 1, 4]","[4, 4, 4, 6, 4, 5, 4, 7, 5]","['A3KCUB6P3IE8NL', 'A2NBVTY6FLBEAF', 'A27SMEOPKV84VI', 'A1PUHCEBSOWETV', 'A2TBXASXZIRNNW', 'A1FP3SH704X01V', 'AW4AHMQ7EN4QI', 'A1T79J0XQXDDGC', 'self_report_04']"
10_DR-100_0096_9_sentence_2.wav,"[4, 3, 4, 2, 5, 1, 4, 4, 7]","[3, 1, 2, 2, 1, 4, 4, 4, 4]","['A1PUHCEBSOWETV', 'A365SN61J4UNGR', 'A1FP3SH704X01V', 'AKZ8SFOAI4RZN', 'A2AAY4VT9L71SY', 'A2F48NO7AD9VKK', 'A2JP9IKRHNLRPI', 'A1ET2J1PIP0RGO', 'self_report_10']"
09_DR-100_0100_5_sentence_6.wav,"[4, 2, 2, 4, 2, 3, 2, 1, 6]","[3, 2, 1, 3, 3, 4, 2, 4, 5]","['A2JP9IKRHNLRPI', 'A2B6WQG0A9CKXQ', 'A365SN61J4UNGR', 'A124E03UMDZAA9', 'A1T79J0XQXDDGC', 'A1FP3SH704X01V', 'AKZ8SFOAI4RZN', 'A1FHS282JP487T', 'self_report_09']"
08_DR-100_0090_7_sentence_7.wav,"[2, 6, 7, 4, 4, 2, 7, 1, 5]","[3, 3, 3, 3, 6, 3, 4, 5, 5]","['A1T79J0XQXDDGC', 'A2NBVTY6FLBEAF', 'A27SMEOPKV84VI', 'A2B6WQG0A9CKXQ', 'A1PUHCEBSOWETV', 'A394S7JSNUA3TS', 'A124E03UMDZAA9', 'A1NIO3JNX5QTN8', 'self_report_08']"
03_DR-100_0099_7_sentence_7.wav,"[2, 6, 3, 3, 3, 3, 2, 6, 4]","[2, 4, 6, 6, 6, 6, 3, 5, 4]","['A365SN61J4UNGR', 'A2B6WQG0A9CKXQ', 'A1PUHCEBSOWETV', 'A2FFNO6G4FEE2N', 'A10GZ0SWBZIRBK', 'A1FHS282JP487T', 'A1T79J0XQXDDGC', 'A27SMEOPKV84VI', 'self_report_03']"
04_DR-100_0082_9_sentence_8.wav,"[2, 4, 3, 2, 4, 2, 5, 4, 4]","[5, 6, 5, 5, 5, 7, 5, 6, 5]","['A1NIO3JNX5QTN8', 'A2NBVTY6FLBEAF', 'A365SN61J4UNGR', 'A1T79J0XQXDDGC', 'A2JP9IKRHNLRPI', 'A394S7JSNUA3TS', 'A2B6WQG0A9CKXQ', 'ACJ6NSCIWMUZI', 'self_report_04']"
07_DR-100_0092_7_sentence_2.wav,"[2, 4, 6, 8, 3, 2, 1, 3, 4]","[6, 5, 5, 4, 6, 5, 5, 5, 6]","['A365SN61J4UNGR', 'A27SMEOPKV84VI', 'A2B6WQG0A9CKXQ', 'A2TBXASXZIRNNW', 'A1PUHCEBSOWETV', 'A394S7JSNUA3TS', 'A1FP3SH704X01V', 'A2AAY4VT9L71SY', 'self_report_07']"
05_DR-100_0098_5_sentence_5.wav,"[3, 5, 6, 5, 5, 1, 1, 2, 8]","[5, 5, 6, 6, 7, 5, 6, 5, 8]","['A1PUHCEBSOWETV', 'A27SMEOPKV84VI', 'A2NBVTY6FLBEAF', 'A2B6WQG0A9CKXQ', 'A1ET2J1PIP0RGO', 'A1FP3SH704X01V', 'A394S7JSNUA3TS', 'A1FHS282JP487T', 'self_report_05']"
05_DR-100_0098_9_sentence_6.wav,"[2, 4, 1, 2, 4, 5, 2, 5, 3]","[3, 6, 5, 6, 8, 2, 8, 8, 5]","['A1PUHCEBSOWETV', 'A124E03UMDZAA9', 'A2FFNO6G4FEE2N', 'A2NBVTY6FLBEAF', 'A2AG45K4ULNBHF', 'A2TBXASXZIRNNW', 'A1T79J0XQXDDGC', 'A1ET2J1PIP0RGO', 'self_report_05']"
09_DR-100_0100_3_sentence_3.wav,"[3, 3, 1, 4, 4, 2, 1, 7, 5]","[2, 3, 3, 6, 4, 4, 5, 2, 4]","['A10GZ0SWBZIRBK', 'A27SMEOPKV84VI', 'A2AG45K4ULNBHF', 'A1PUHCEBSOWETV', 'A124E03UMDZAA9', 'A1ET2J1PIP0RGO', 'A1FP3SH704X01V', 'A2TBXASXZIRNNW', 'self_report_09']"
04_DR-100_0082_3_sentence_3.wav,"[2, 3, 6, 2, 3, 6, 3, 4, 4]","[6, 6, 6, 7, 7, 4, 5, 6, 5]","['A1T79J0XQXDDGC', 'A365SN61J4UNGR', 'A2NBVTY6FLBEAF', 'A2AAY4VT9L71SY', 'A1PUHCEBSOWETV', 'A2TBXASXZIRNNW', 'A1ET2J1PIP0RGO', 'A2JP9IKRHNLRPI', 'self_report_04']"
08_DR-100_0090_7_sentence_2.wav,"[4, 5, 5, 1, 6, 1, 5, 4, 5]","[6, 6, 6, 7, 7, 5, 7, 8, 5]","['A1PUHCEBSOWETV', 'A124E03UMDZAA9', 'ALQPGVQZEZSUE', 'A1T79J0XQXDDGC', 'A2JP9IKRHNLRPI', 'A1FP3SH704X01V', 'A2B6WQG0A9CKXQ', 'A2AAY4VT9L71SY', 'self_report_08']"
07_DR-100_0092_1_sentence_5.wav,"[4, 4, 4, 3, 2, 2, 3, 2, 6]","[3, 5, 3, 6, 3, 4, 1, 3, 6]","['ALQPGVQZEZSUE', 'A124E03UMDZAA9', 'A27SMEOPKV84VI', 'A1PUHCEBSOWETV', 'AKZ8SFOAI4RZN', 'A1FP3SH704X01V', 'A2AAY4VT9L71SY', 'A1T79J0XQXDDGC', 'self_report_07']"
04_DR-100_0082_1_sentence_7.wav,"[3, 4, 2, 2, 3, 1, 1, 3, 4]","[5, 4, 5, 5, 4, 4, 4, 3, 5]","['A1PUHCEBSOWETV', 'A2JP9IKRHNLRPI', 'A27SMEOPKV84VI', 'A1FP3SH704X01V', 'A124E03UMDZAA9', 'A2FFNO6G4FEE2N', 'AKZ8SFOAI4RZN', 'AW4AHMQ7EN4QI', 'self_report_04']"
08_DR-100_0090_9_sentence_7.wav,"[4, 1, 5, 3, 6, 4, 5, 3, 5]","[5, 6, 6, 7, 5, 5, 6, 6, 6]","['A2JP9IKRHNLRPI', 'A1NIO3JNX5QTN8', 'A2AAY4VT9L71SY', 'A1PUHCEBSOWETV', 'A2NBVTY6FLBEAF', 'A1ET2J1PIP0RGO', 'A27SMEOPKV84VI', 'A1FP3SH704X01V', 'self_report_08']"
10_DR-100_0096_7_sentence_7.wav,"[3, 6, 4, 2, 1, 2, 3, 6, 5]","[4, 2, 3, 3, 2, 1, 4, 4, 4]","['A1PUHCEBSOWETV', 'A27SMEOPKV84VI', 'A2JP9IKRHNLRPI', 'A1FP3SH704X01V', 'A1T79J0XQXDDGC', 'A2AG45K4ULNBHF', 'A124E03UMDZAA9', 'A2TBXASXZIRNNW', 'self_report_10']"
06_DR-100_0093_9_sentence_6.wav,"[5, 5, 3, 5, 3, 2, 1, 6, 6]","[3, 3, 3, 6, 3, 4, 5, 7, 6]","['A2JP9IKRHNLRPI', 'A1PUHCEBSOWETV', 'A1T79J0XQXDDGC', 'A124E03UMDZAA9', 'A2NBVTY6FLBEAF', 'A2B8HPIZDKYKDR', 'A2F48NO7AD9VKK', 'A1ET2J1PIP0RGO', 'self_report_06']"
04_DR-100_0082_7_sentence_3.wav,"[5, 3, 3, 3, 4, 6, 5, 3, 4]","[7, 6, 4, 7, 3, 5, 4, 5, 5]","['A27SMEOPKV84VI', 'A1PUHCEBSOWETV', 'A2NBVTY6FLBEAF', 'A1T79J0XQXDDGC', 'A2AAY4VT9L71SY', 'A2AG45K4ULNBHF', 'AW4AHMQ7EN4QI', 'A1FP3SH704X01V', 'self_report_04']"
03_DR-100_0099_9_sentence_8.wav,"[3, 3, 5, 2, 7, 3, 4, 4, 2]","[1, 1, 2, 3, 1, 1, 2, 2, 2]","['ALQPGVQZEZSUE', 'A2JP9IKRHNLRPI', 'A1T79J0XQXDDGC', 'A124E03UMDZAA9', 'A27SMEOPKV84VI', 'A365SN61J4UNGR', 'A1PUHCEBSOWETV', 'A394S7JSNUA3TS', 'self_report_03']"
03_DR-100_0099_5_sentence_7.wav,"[7, 5, 5, 8, 8, 5, 8, 8, 4]","[2, 2, 7, 3, 3, 3, 3, 4, 6]","['A1T79J0XQXDDGC', 'A1PUHCEBSOWETV', 'A1ET2J1PIP0RGO', 'A2AAY4VT9L71SY', 'A2AG45K4ULNBHF', 'AKZ8SFOAI4RZN', 'A394S7JSNUA3TS', 'A27SMEOPKV84VI', 'self_report_03']"
08_DR-100_0090_9_sentence_2.wav,"[5, 1, 4, 3, 2, 7, 4, 6, 5]","[7, 5, 5, 6, 5, 6, 5, 6, 6]","['AKZ8SFOAI4RZN', 'A10GZ0SWBZIRBK', 'A2JP9IKRHNLRPI', 'A1PUHCEBSOWETV', 'A365SN61J4UNGR', 'A27SMEOPKV84VI', 'A2NBVTY6FLBEAF', 'A124E03UMDZAA9', 'self_report_08']"
03_DR-100_0099_7_sentence_2.wav,"[3, 7, 5, 3, 8, 3, 8, 5, 4]","[6, 5, 3, 7, 5, 5, 3, 7, 4]","['A1PUHCEBSOWETV', 'A2JP9IKRHNLRPI', 'A1T79J0XQXDDGC', 'A1VC6F0FYG1L5I', 'A2B6WQG0A9CKXQ', 'A1FHS282JP487T', 'A2AAY4VT9L71SY', 'A1ET2J1PIP0RGO', 'self_report_03']"
09_DR-100_0100_5_sentence_1.wav,"[2, 3, 1, 3, 1, 1, 4, 4, 6]","[4, 5, 4, 2, 5, 5, 5, 4, 5]","['A365SN61J4UNGR', 'A1PUHCEBSOWETV', 'A1NIO3JNX5QTN8', 'A27SMEOPKV84VI', 'A1FP3SH704X01V', 'A1T79J0XQXDDGC', 'A124E03UMDZAA9', 'A2NBVTY6FLBEAF', 'self_report_09']"
04_DR-100_0082_7_sentence_6.wav,"[2, 2, 5, 2, 3, 4, 4, 6, 4]","[4, 3, 3, 4, 3, 5, 3, 3, 5]","['A1PUHCEBSOWETV', 'A365SN61J4UNGR', 'A2JP9IKRHNLRPI', 'A2FFNO6G4FEE2N', 'AW4AHMQ7EN4QI', 'A1ET2J1PIP0RGO', 'A2AAY4VT9L71SY', 'A27SMEOPKV84VI', 'self_report_04']"
03_DR-100_0099_3_sentence_3.wav,"[7, 8, 3, 4, 6, 7, 8, 7, 7]","[2, 2, 4, 2, 1, 4, 1, 2, 2]","['A2JP9IKRHNLRPI', 'A27SMEOPKV84VI', 'A124E03UMDZAA9', 'A1NIO3JNX5QTN8', 'A1PUHCEBSOWETV', 'A1ET2J1PIP0RGO', 'A2TBXASXZIRNNW', 'AKZ8SFOAI4RZN', 'self_report_03']"
03_DR-100_0099_7_sentence_12.wav,"[7, 3, 7, 6, 7, 3, 3, 6, 4]","[4, 3, 5, 2, 5, 4, 4, 6, 4]","['A27SMEOPKV84VI', 'A365SN61J4UNGR', 'A2AG45K4ULNBHF', 'A2TBXASXZIRNNW', 'A2AAY4VT9L71SY', 'A1PUHCEBSOWETV', 'A124E03UMDZAA9', 'A1ET2J1PIP0RGO', 'self_report_03']"
08_DR-100_0090_1_sentence_6.wav,"[3, 4, 5, 6, 5, 2, 6, 5, 4]","[5, 7, 7, 7, 7, 8, 7, 7, 5]","['A1FP3SH704X01V', 'A27SMEOPKV84VI', 'A2JP9IKRHNLRPI', 'A2NBVTY6FLBEAF', 'A124E03UMDZAA9', 'A1T79J0XQXDDGC', 'A2TBXASXZIRNNW', 'A2FFNO6G4FEE2N', 'self_report_08']"
06_DR-100_0093_5_sentence_2.wav,"[5, 5, 3, 1, 3, 2, 4, 2, 6]","[5, 7, 5, 6, 6, 8, 6, 5, 6]","['ALQPGVQZEZSUE', 'A2JP9IKRHNLRPI', 'A365SN61J4UNGR', 'A1T79J0XQXDDGC', 'A2AAY4VT9L71SY', 'A2AG45K4ULNBHF', 'A1ET2J1PIP0RGO', 'A394S7JSNUA3TS', 'self_report_06']"
10_DR-100_0096_1_sentence_4.wav,"[4, 3, 6, 4, 8, 2, 5, 1, 6]","[6, 6, 4, 3, 3, 6, 3, 5, 6]","['A124E03UMDZAA9', 'AKZ8SFOAI4RZN', 'A27SMEOPKV84VI', 'A2JP9IKRHNLRPI', 'A2TBXASXZIRNNW', 'ARVXIBUCA8WDZ', 'A2AAY4VT9L71SY', 'A1FHS282JP487T', 'self_report_10']"
05_DR-100_0098_7_sentence_4.wav,"[4, 2, 5, 5, 2, 5, 5, 3, 4]","[5, 3, 6, 4, 4, 4, 3, 4, 3]","['AKZ8SFOAI4RZN', 'A365SN61J4UNGR', 'A2JP9IKRHNLRPI', 'A2NBVTY6FLBEAF', 'A1FP3SH704X01V', 'A124E03UMDZAA9', 'A2AAY4VT9L71SY', 'A2F48NO7AD9VKK', 'self_report_05']"
07_DR-100_0092_7_sentence_8.wav,"[1, 5, 6, 1, 3, 3, 5, 1, 4]","[5, 5, 5, 5, 5, 6, 5, 5, 6]","['A1NIO3JNX5QTN8', 'A2B6WQG0A9CKXQ', 'A2NBVTY6FLBEAF', 'A394S7JSNUA3TS', 'A2JP9IKRHNLRPI', 'A1PUHCEBSOWETV', 'A1ET2J1PIP0RGO', 'A1FHS282JP487T', 'self_report_07']"
03_DR-100_0099_9_sentence_6.wav,"[7, 7, 8, 4, 6, 3, 8, 7, 2]","[1, 1, 1, 6, 2, 3, 2, 2, 2]","['A1NIO3JNX5QTN8', 'A2JP9IKRHNLRPI', 'AKZ8SFOAI4RZN', 'A1PUHCEBSOWETV', 'A1T79J0XQXDDGC', 'A124E03UMDZAA9', 'A2AG45K4ULNBHF', 'A2TBXASXZIRNNW', 'self_report_03']"
09_DR-100_0100_3_sentence_6.wav,"[2, 4, 1, 2, 1, 3, 2, 3, 5]","[4, 4, 4, 2, 5, 4, 6, 4, 4]","['A27SMEOPKV84VI', 'A2JP9IKRHNLRPI', 'A10GZ0SWBZIRBK', 'A365SN61J4UNGR', 'A1T79J0XQXDDGC', 'A2NBVTY6FLBEAF', 'A2AG45K4ULNBHF', 'A394S7JSNUA3TS', 'self_report_09']"
06_DR-100_0093_1_sentence_2.wav,"[5, 4, 2, 4, 3, 2, 2, 3, 6]","[7, 8, 9, 6, 8, 7, 6, 7, 7]","['ALQPGVQZEZSUE', 'A2JP9IKRHNLRPI', 'A1T79J0XQXDDGC', 'A2FFNO6G4FEE2N', 'A2AG45K4ULNBHF', 'A394S7JSNUA3TS', 'A1FHS282JP487T', 'A2AAY4VT9L71SY', 'self_report_06']"
03_DR-100_0099_1_sentence_1.wav,"[7, 4, 8, 3, 8, 6, 4, 4, 4]","[4, 7, 1, 4, 3, 3, 4, 3, 3]","['A2B6WQG0A9CKXQ', 'AKZ8SFOAI4RZN', 'A27SMEOPKV84VI', 'A124E03UMDZAA9', 'A2AG45K4ULNBHF', 'A1ET2J1PIP0RGO', 'A1FP3SH704X01V', 'A1NIO3JNX5QTN8', 'self_report_03']"
10_DR-100_0096_7_sentence_8.wav,"[2, 1, 3, 7, 4, 7, 4, 2, 5]","[2, 5, 4, 3, 4, 2, 7, 3, 4]","['A365SN61J4UNGR', 'A1FP3SH704X01V', 'A27SMEOPKV84VI', 'A2NBVTY6FLBEAF', 'A2JP9IKRHNLRPI', 'A2TBXASXZIRNNW', 'A1ET2J1PIP0RGO', 'A1T79J0XQXDDGC', 'self_report_10']"
03_DR-100_0099_7_sentence_9.wav,"[3, 3, 4, 6, 4, 2, 5, 5, 4]","[4, 4, 4, 4, 3, 4, 4, 2, 4]","['A1PUHCEBSOWETV', 'A1FP3SH704X01V', 'A124E03UMDZAA9', 'A2AAY4VT9L71SY', 'AKZ8SFOAI4RZN', 'A1T79J0XQXDDGC', 'A394S7JSNUA3TS', 'A1NIO3JNX5QTN8', 'self_report_03']"
03_DR-100_0099_1_sentence_4.wav,"[6, 4, 8, 7, 6, 5, 4, 8, 4]","[2, 1, 2, 2, 1, 3, 2, 2, 3]","['AKZ8SFOAI4RZN', 'A1T79J0XQXDDGC', 'A1PUHCEBSOWETV', 'A2TBXASXZIRNNW', 'A2AAY4VT9L71SY', 'A124E03UMDZAA9', 'A1ET2J1PIP0RGO', 'A27SMEOPKV84VI', 'self_report_03']"
08_DR-100_0090_7_sentence_8.wav,"[2, 7, 6, 6, 4, 6, 5, 1, 5]","[5, 5, 5, 6, 4, 6, 4, 5, 5]","['A1FP3SH704X01V', 'A27SMEOPKV84VI', 'A2B6WQG0A9CKXQ', 'A2NBVTY6FLBEAF', 'A2JP9IKRHNLRPI', 'A1ET2J1PIP0RGO', 'A124E03UMDZAA9', 'A394S7JSNUA3TS', 'self_report_08']"
08_DR-100_0090_7_sentence_1.wav,"[6, 3, 4, 3, 5, 3, 6, 3, 5]","[6, 5, 5, 7, 5, 6, 6, 6, 5]","['A27SMEOPKV84VI', 'A10GZ0SWBZIRBK', 'A2B6WQG0A9CKXQ', 'A2AG45K4ULNBHF', 'A2TBXASXZIRNNW', 'A2AAY4VT9L71SY', 'A124E03UMDZAA9', 'A1PUHCEBSOWETV', 'self_report_08']"
07_DR-100_0092_9_sentence_6.wav,"[1, 6, 2, 2, 7, 4, 2, 1, 4]","[5, 5, 5, 5, 5, 5, 4, 5, 6]","['A1FP3SH704X01V', 'A2JP9IKRHNLRPI', 'AKZ8SFOAI4RZN', 'A1NIO3JNX5QTN8', 'A27SMEOPKV84VI', 'A2B6WQG0A9CKXQ', 'A365SN61J4UNGR', 'A2F48NO7AD9VKK', 'self_report_07']"
05_DR-100_0098_7_sentence_1.wav,"[2, 3, 3, 4, 2, 3, 1, 1, 4]","[5, 5, 5, 4, 4, 4, 5, 4, 3]","['A1T79J0XQXDDGC', 'A124E03UMDZAA9', 'A2B6WQG0A9CKXQ', 'A2JP9IKRHNLRPI', 'A10GZ0SWBZIRBK', 'A2AAY4VT9L71SY', 'A1FP3SH704X01V', 'A2F48NO7AD9VKK', 'self_report_05']"
08_DR-100_0090_3_sentence_6.wav,"[4, 3, 3, 5, 4, 4, 1, 2, 5]","[4, 3, 4, 4, 4, 6, 4, 6, 6]","['A2JP9IKRHNLRPI', 'A1T79J0XQXDDGC', 'A1FP3SH704X01V', 'AW4AHMQ7EN4QI', 'A2AAY4VT9L71SY', 'A1ET2J1PIP0RGO', 'A1NIO3JNX5QTN8', 'A1FHS282JP487T', 'self_report_08']"
04_DR-100_0082_9_sentence_2.wav,"[5, 8, 4, 7, 2, 2, 7, 4, 4]","[7, 7, 7, 7, 7, 5, 6, 6, 5]","['A2TBXASXZIRNNW', 'A2B6WQG0A9CKXQ', 'A1T79J0XQXDDGC', 'A27SMEOPKV84VI', 'A1FP3SH704X01V', 'A1ET2J1PIP0RGO', 'A124E03UMDZAA9', 'A2AAY4VT9L71SY', 'self_report_04']"
07_DR-100_0092_3_sentence_5.wav,"[3, 2, 4, 3, 2, 3, 3, 2, 4]","[5, 6, 6, 7, 6, 7, 6, 5, 6]","['A1PUHCEBSOWETV', 'A365SN61J4UNGR', 'A2JP9IKRHNLRPI', 'A1T79J0XQXDDGC', 'A1FP3SH704X01V', 'AKZ8SFOAI4RZN', 'A2AAY4VT9L71SY', 'A1FHS282JP487T', 'self_report_07']"
06_DR-100_0093_1_sentence_11.wav,"[2, 6, 2, 5, 1, 4, 3, 2, 6]","[5, 6, 7, 6, 4, 6, 7, 6, 7]","['A1PUHCEBSOWETV', 'A27SMEOPKV84VI', 'A1T79J0XQXDDGC', 'A124E03UMDZAA9', 'ARVXIBUCA8WDZ', 'A2AAY4VT9L71SY', 'A2B6WQG0A9CKXQ', 'A394S7JSNUA3TS', 'self_report_06']"
03_DR-100_0099_1_sentence_9.wav,"[2, 4, 2, 7, 2, 3, 5, 2, 4]","[4, 1, 1, 2, 3, 4, 4, 3, 3]","['A1PUHCEBSOWETV', 'A27SMEOPKV84VI', 'A2JP9IKRHNLRPI', 'A1T79J0XQXDDGC', 'A1ET2J1PIP0RGO', 'A1FP3SH704X01V', 'A2AAY4VT9L71SY', 'A394S7JSNUA3TS', 'self_report_03']"
03_DR-100_0099_7_sentence_8.wav,"[1, 4, 6, 3, 4, 3, 7, 1, 4]","[5, 6, 7, 5, 6, 7, 3, 5, 4]","['A1FP3SH704X01V', 'A124E03UMDZAA9', 'A2B6WQG0A9CKXQ', 'AKZ8SFOAI4RZN', 'A2AAY4VT9L71SY', 'A1PUHCEBSOWETV', 'A2TBXASXZIRNNW', 'A1T79J0XQXDDGC', 'self_report_03']"
09_DR-100_0100_7_sentence_1.wav,"[1, 4, 1, 3, 1, 3, 5, 1, 3]","[5, 4, 5, 5, 4, 6, 6, 5, 6]","['A2B6WQG0A9CKXQ', 'A2JP9IKRHNLRPI', 'A10GZ0SWBZIRBK', 'A2AAY4VT9L71SY', 'A1T79J0XQXDDGC', 'A1PUHCEBSOWETV', 'A1ET2J1PIP0RGO', 'A394S7JSNUA3TS', 'self_report_09']"
09_DR-100_0100_5_sentence_7.wav,"[4, 2, 3, 1, 1, 5, 2, 2, 6]","[4, 4, 6, 4, 4, 4, 3, 4, 5]","['A2NBVTY6FLBEAF', 'A2AG45K4ULNBHF', 'A1PUHCEBSOWETV', 'A394S7JSNUA3TS', 'A1T79J0XQXDDGC', 'A2JP9IKRHNLRPI', 'A2B6WQG0A9CKXQ', 'A2AAY4VT9L71SY', 'self_report_09']"
04_DR-100_0082_5_sentence_6.wav,"[3, 4, 5, 5, 4, 4, 1, 1, 4]","[5, 5, 5, 6, 5, 6, 5, 5, 5]","['A3KCUB6P3IE8NL', 'A2B6WQG0A9CKXQ', 'ALQPGVQZEZSUE', 'A124E03UMDZAA9', 'A27SMEOPKV84VI', 'A1PUHCEBSOWETV', 'A1FP3SH704X01V', 'A394S7JSNUA3TS', 'self_report_04']"
03_DR-100_0099_3_sentence_1.wav,"[8, 8, 6, 6, 4, 3, 5, 4, 7]","[1, 3, 2, 2, 5, 5, 3, 3, 2]","['A27SMEOPKV84VI', 'A2NBVTY6FLBEAF', 'A2TBXASXZIRNNW', 'A2JP9IKRHNLRPI', 'A1PUHCEBSOWETV', 'A1FHS282JP487T', 'A394S7JSNUA3TS', 'A1FP3SH704X01V', 'self_report_03']"
03_DR-100_0099_5_sentence_9.wav,"[3, 3, 2, 8, 6, 4, 7, 4, 4]","[5, 4, 4, 3, 3, 3, 2, 2, 6]","['A1PUHCEBSOWETV', 'A124E03UMDZAA9', 'A1T79J0XQXDDGC', 'A2AG45K4ULNBHF', 'A2B6WQG0A9CKXQ', 'A1FP3SH704X01V', 'AKZ8SFOAI4RZN', 'AW4AHMQ7EN4QI', 'self_report_03']"
09_DR-100_0100_1_sentence_2.wav,"[1, 5, 1, 4, 3, 3, 3, 4, 5]","[5, 6, 5, 5, 6, 6, 6, 5, 4]","['A10GZ0SWBZIRBK', 'A124E03UMDZAA9', 'A2B6WQG0A9CKXQ', 'A27SMEOPKV84VI', 'A1PUHCEBSOWETV', 'A1VC6F0FYG1L5I', 'A1ET2J1PIP0RGO', 'A2JP9IKRHNLRPI', 'self_report_09']"
06_DR-100_0093_3_sentence_1.wav,"[2, 4, 4, 2, 4, 7, 5, 7, 5]","[5, 6, 6, 5, 6, 7, 5, 5, 8]","['A1NIO3JNX5QTN8', 'A124E03UMDZAA9', 'A1T79J0XQXDDGC', 'A1FP3SH704X01V', 'A365SN61J4UNGR', 'AKZ8SFOAI4RZN', 'ALQPGVQZEZSUE', 'A27SMEOPKV84VI', 'self_report_06']"
06_DR-100_0093_3_sentence_2.wav,"[7, 5, 2, 4, 7, 5, 4, 3, 5]","[5, 5, 7, 7, 4, 6, 5, 6, 8]","['A27SMEOPKV84VI', 'A124E03UMDZAA9', 'A394S7JSNUA3TS', 'A1PUHCEBSOWETV', 'A2TBXASXZIRNNW', 'A2B6WQG0A9CKXQ', 'A1ET2J1PIP0RGO', 'A1FHS282JP487T', 'self_report_06']"
06_DR-100_0093_9_sentence_2.wav,"[7, 1, 5, 4, 5, 5, 6, 1, 6]","[5, 7, 5, 6, 6, 7, 4, 5, 6]","['A27SMEOPKV84VI', 'A1T79J0XQXDDGC', 'A2B6WQG0A9CKXQ', 'A124E03UMDZAA9', 'A2JP9IKRHNLRPI', 'A1PUHCEBSOWETV', 'A2TBXASXZIRNNW', 'A1NIO3JNX5QTN8', 'self_report_06']"
09_DR-100_0100_1_sentence_6.wav,"[2, 1, 3, 4, 1, 1, 4, 2, 5]","[5, 5, 7, 5, 5, 5, 5, 5, 4]","['A2NBVTY6FLBEAF', 'A1T79J0XQXDDGC', 'A1PUHCEBSOWETV', 'AW4AHMQ7EN4QI', 'A1FP3SH704X01V', 'A1FHS282JP487T', 'A124E03UMDZAA9', 'A394S7JSNUA3TS', 'self_report_09']"
04_DR-100_0082_9_sentence_4.wav,"[4, 4, 6, 8, 5, 5, 7, 1, 4]","[4, 6, 3, 6, 4, 3, 2, 5, 5]","['ALQPGVQZEZSUE', 'A1PUHCEBSOWETV', 'A2JP9IKRHNLRPI', 'A27SMEOPKV84VI', 'AKZ8SFOAI4RZN', 'A2FFNO6G4FEE2N', 'A2AG45K4ULNBHF', 'A1FP3SH704X01V', 'self_report_04']"
05_DR-100_0098_3_sentence_5.wav,"[4, 2, 2, 2, 4, 3, 4, 5, 7]","[7, 7, 6, 3, 3, 8, 3, 7, 8]","['A2JP9IKRHNLRPI', 'A1T79J0XQXDDGC', 'A2TBXASXZIRNNW', 'A2AG45K4ULNBHF', 'A1PUHCEBSOWETV', 'A1ET2J1PIP0RGO', 'A27SMEOPKV84VI', 'AW4AHMQ7EN4QI', 'self_report_05']"
04_DR-100_0082_1_sentence_3.wav,"[1, 4, 4, 2, 6, 4, 5, 3, 4]","[5, 5, 8, 6, 3, 5, 6, 5, 5]","['A1T79J0XQXDDGC', 'A124E03UMDZAA9', 'A2AG45K4ULNBHF', 'A2AAY4VT9L71SY', 'A27SMEOPKV84VI', 'AW4AHMQ7EN4QI', 'A2JP9IKRHNLRPI', 'A1FHS282JP487T', 'self_report_04']"
09_DR-100_0100_3_sentence_5.wav,"[2, 3, 1, 3, 1, 5, 2, 2, 5]","[6, 6, 6, 5, 5, 3, 6, 6, 4]","['A2NBVTY6FLBEAF', 'A124E03UMDZAA9', 'A2B6WQG0A9CKXQ', 'A27SMEOPKV84VI', 'A1T79J0XQXDDGC', 'A2TBXASXZIRNNW', 'A394S7JSNUA3TS', 'A2AAY4VT9L71SY', 'self_report_09']"
07_DR-100_0092_9_sentence_7.wav,"[3, 3, 3, 5, 3, 3, 7, 3, 4]","[5, 6, 6, 7, 6, 5, 6, 7, 6]","['A1FP3SH704X01V', 'A1NIO3JNX5QTN8', 'A365SN61J4UNGR', 'A2TBXASXZIRNNW', 'AHZPOM46IUJ2N', 'A1T79J0XQXDDGC', 'A124E03UMDZAA9', 'A2F48NO7AD9VKK', 'self_report_07']"
07_DR-100_0092_3_sentence_6.wav,"[3, 5, 2, 1, 3, 4, 3, 5, 4]","[4, 6, 4, 6, 6, 4, 6, 5, 6]","['A1PUHCEBSOWETV', 'A124E03UMDZAA9', 'A10GZ0SWBZIRBK', 'A1NIO3JNX5QTN8', 'A2FFNO6G4FEE2N', 'A2JP9IKRHNLRPI', 'A27SMEOPKV84VI', 'A2B6WQG0A9CKXQ', 'self_report_07']"
08_DR-100_0090_5_sentence_3.wav,"[2, 4, 2, 1, 2, 3, 3, 4, 5]","[3, 4, 4, 6, 5, 5, 4, 6, 5]","['A2B6WQG0A9CKXQ', 'A124E03UMDZAA9', 'A1FP3SH704X01V', 'A2FFNO6G4FEE2N', 'A2AG45K4ULNBHF', 'A27SMEOPKV84VI', 'A2AAY4VT9L71SY', 'A1PUHCEBSOWETV', 'self_report_08']"
03_DR-100_0099_9_sentence_4.wav,"[6, 8, 3, 7, 9, 5, 7, 7, 2]","[2, 1, 1, 3, 1, 2, 2, 1, 2]","['AKZ8SFOAI4RZN', 'A1PUHCEBSOWETV', 'A10GZ0SWBZIRBK', 'A1VC6F0FYG1L5I', 'A2AAY4VT9L71SY', 'A1ET2J1PIP0RGO', 'A27SMEOPKV84VI', 'A2B6WQG0A9CKXQ', 'self_report_03']"
05_DR-100_0098_3_sentence_1.wav,"[3, 1, 1, 5, 5, 4, 3, 4, 7]","[6, 7, 7, 6, 9, 6, 7, 8, 8]","['A365SN61J4UNGR', 'A1NIO3JNX5QTN8', 'A1T79J0XQXDDGC', 'A2NBVTY6FLBEAF', 'A2B6WQG0A9CKXQ', 'A2JP9IKRHNLRPI', 'A1PUHCEBSOWETV', 'A394S7JSNUA3TS', 'self_report_05']"
05_DR-100_0098_9_sentence_2.wav,"[5, 1, 4, 4, 5, 1, 3, 2, 3]","[4, 6, 4, 4, 7, 5, 6, 6, 5]","['A27SMEOPKV84VI', 'A1T79J0XQXDDGC', 'A2B6WQG0A9CKXQ', 'A2JP9IKRHNLRPI', 'A2AG45K4ULNBHF', 'A1FP3SH704X01V', 'A2FFNO6G4FEE2N', 'A1FHS282JP487T', 'self_report_05']"
10_DR-100_0096_5_sentence_8.wav,"[1, 3, 4, 3, 3, 2, 5, 5, 6]","[7, 4, 5, 6, 6, 5, 5, 7, 5]","['A1T79J0XQXDDGC', 'A124E03UMDZAA9', 'A2JP9IKRHNLRPI', 'AKZ8SFOAI4RZN', 'A1PUHCEBSOWETV', 'A1FP3SH704X01V', 'A27SMEOPKV84VI', 'A1ET2J1PIP0RGO', 'self_report_10']"
06_DR-100_0093_1_sentence_9.wav,"[5, 6, 3, 5, 6, 3, 5, 2, 6]","[7, 6, 6, 6, 8, 7, 5, 6, 7]","['A2B6WQG0A9CKXQ', 'A2NBVTY6FLBEAF', 'A1PUHCEBSOWETV', 'A124E03UMDZAA9', 'A2TBXASXZIRNNW', 'AHZPOM46IUJ2N', 'AW4AHMQ7EN4QI', 'A1FP3SH704X01V', 'self_report_06']"
06_DR-100_0093_7_sentence_1.wav,"[4, 4, 6, 7, 1, 3, 5, 7, 7]","[5, 6, 3, 3, 5, 7, 4, 4, 4]","['A2B6WQG0A9CKXQ', 'A2JP9IKRHNLRPI', 'A2AAY4VT9L71SY', 'A2TBXASXZIRNNW', 'A1FP3SH704X01V', 'A1PUHCEBSOWETV', 'A394S7JSNUA3TS', 'A124E03UMDZAA9', 'self_report_06']"
05_DR-100_0098_3_sentence_2.wav,"[2, 1, 4, 6, 4, 1, 4, 2, 7]","[7, 7, 6, 7, 7, 7, 7, 5, 8]","['A2B6WQG0A9CKXQ', 'AKZ8SFOAI4RZN', 'A2JP9IKRHNLRPI', 'A2NBVTY6FLBEAF', 'A1PUHCEBSOWETV', 'A1T79J0XQXDDGC', 'A124E03UMDZAA9', 'A1VC6F0FYG1L5I', 'self_report_05']"
06_DR-100_0093_3_sentence_8.wav,"[6, 2, 6, 6, 2, 2, 4, 5, 5]","[4, 5, 7, 7, 6, 5, 7, 9, 8]","['A27SMEOPKV84VI', 'A1FP3SH704X01V', 'A2JP9IKRHNLRPI', 'A2TBXASXZIRNNW', 'A1NIO3JNX5QTN8', 'A2AG45K4ULNBHF', 'A1PUHCEBSOWETV', 'A1T79J0XQXDDGC', 'self_report_06']"
03_DR-100_0099_1_sentence_5.wav,"[8, 7, 4, 8, 3, 7, 5, 4, 4]","[5, 2, 4, 1, 4, 3, 2, 3, 3]","['A27SMEOPKV84VI', 'A2B6WQG0A9CKXQ', 'A1FP3SH704X01V', 'A1PUHCEBSOWETV', 'A124E03UMDZAA9', 'A2NBVTY6FLBEAF', 'A1T79J0XQXDDGC', 'A1NIO3JNX5QTN8', 'self_report_03']"
07_DR-100_0092_1_sentence_10.wav,"[8, 4, 5, 8, 4, 3, 2, 2, 6]","[7, 6, 6, 7, 6, 7, 6, 5, 6]","['A27SMEOPKV84VI', 'A124E03UMDZAA9', 'A2JP9IKRHNLRPI', 'A2TBXASXZIRNNW', 'A1PUHCEBSOWETV', 'A2EOOF9D135HQ1', 'A1FP3SH704X01V', 'A1NIO3JNX5QTN8', 'self_report_07']"
05_DR-100_0098_7_sentence_6.wav,"[3, 3, 7, 1, 2, 3, 4, 6, 4]","[5, 2, 3, 3, 4, 4, 3, 7, 3]","['A365SN61J4UNGR', 'A2B6WQG0A9CKXQ', 'A27SMEOPKV84VI', 'A1NIO3JNX5QTN8', 'A10GZ0SWBZIRBK', 'A2AAY4VT9L71SY', 'A1PUHCEBSOWETV', 'A2NBVTY6FLBEAF', 'self_report_05']"
03_DR-100_0099_1_sentence_8.wav,"[5, 6, 5, 4, 4, 3, 5, 7, 4]","[3, 3, 3, 3, 2, 3, 5, 3, 3]","['ALQPGVQZEZSUE', 'AKZ8SFOAI4RZN', 'A1T79J0XQXDDGC', 'A10GZ0SWBZIRBK', 'A2JP9IKRHNLRPI', 'A1FP3SH704X01V', 'A1ET2J1PIP0RGO', 'A124E03UMDZAA9', 'self_report_03']"
05_DR-100_0098_3_sentence_3.wav,"[2, 5, 2, 3, 4, 2, 4, 2, 7]","[5, 6, 6, 6, 5, 5, 5, 6, 8]","['A124E03UMDZAA9', 'A2NBVTY6FLBEAF', 'AKZ8SFOAI4RZN', 'A365SN61J4UNGR', 'A2JP9IKRHNLRPI', 'A2F48NO7AD9VKK', 'A2AAY4VT9L71SY', 'A2FFNO6G4FEE2N', 'self_report_05']"
07_DR-100_0092_1_sentence_4.wav,"[6, 4, 2, 1, 3, 2, 3, 5, 6]","[4, 3, 4, 3, 4, 4, 3, 3, 6]","['A27SMEOPKV84VI', 'ALQPGVQZEZSUE', 'A3KCUB6P3IE8NL', 'A1T79J0XQXDDGC', 'A1PUHCEBSOWETV', 'A2AAY4VT9L71SY', 'A2JP9IKRHNLRPI', 'A2B6WQG0A9CKXQ', 'self_report_07']"
10_DR-100_0096_7_sentence_1.wav,"[3, 2, 3, 3, 3, 2, 2, 1, 5]","[4, 5, 2, 4, 6, 4, 5, 5, 4]","['A124E03UMDZAA9', 'A2B6WQG0A9CKXQ', 'A2AG45K4ULNBHF', 'A1PUHCEBSOWETV', 'A2NBVTY6FLBEAF', 'A27SMEOPKV84VI', 'A1FHS282JP487T', 'A2F48NO7AD9VKK', 'self_report_10']"
03_DR-100_0099_9_sentence_7.wav,"[4, 8, 6, 8, 5, 6, 8, 3, 2]","[1, 2, 1, 1, 3, 2, 1, 6, 2]","['A1T79J0XQXDDGC', 'A2NBVTY6FLBEAF', 'A2JP9IKRHNLRPI', 'A27SMEOPKV84VI', 'A1PUHCEBSOWETV', 'A1FP3SH704X01V', 'A2AAY4VT9L71SY', 'A1FHS282JP487T', 'self_report_03']"
08_DR-100_0090_7_sentence_6.wav,"[3, 5, 1, 1, 5, 2, 1, 1, 5]","[6, 5, 5, 5, 6, 5, 6, 5, 5]","['A1PUHCEBSOWETV', 'A2JP9IKRHNLRPI', 'A10GZ0SWBZIRBK', 'A1FP3SH704X01V', 'A124E03UMDZAA9', 'A1NIO3JNX5QTN8', 'A1T79J0XQXDDGC', 'A394S7JSNUA3TS', 'self_report_08']"
05_DR-100_0098_3_sentence_4.wav,"[3, 1, 3, 2, 4, 3, 6, 2, 7]","[5, 6, 7, 5, 5, 6, 5, 5, 8]","['ALQPGVQZEZSUE', 'A1T79J0XQXDDGC', 'A365SN61J4UNGR', 'AKZ8SFOAI4RZN', 'A2JP9IKRHNLRPI', 'A1PUHCEBSOWETV', 'A27SMEOPKV84VI', 'A1FP3SH704X01V', 'self_report_05']"
07_DR-100_0092_5_sentence_3.wav,"[3, 1, 3, 5, 4, 3, 5, 4, 4]","[3, 5, 4, 4, 4, 7, 3, 6, 7]","['A365SN61J4UNGR', 'A1FP3SH704X01V', 'A2AAY4VT9L71SY', 'A2NBVTY6FLBEAF', 'A124E03UMDZAA9', 'A1PUHCEBSOWETV', 'A1ET2J1PIP0RGO', 'ARVXIBUCA8WDZ', 'self_report_07']"
08_DR-100_0090_7_sentence_3.wav,"[2, 5, 4, 3, 4, 4, 2, 3, 5]","[4, 4, 6, 4, 6, 7, 4, 7, 5]","['A1PUHCEBSOWETV', 'A2JP9IKRHNLRPI', 'A124E03UMDZAA9', 'A365SN61J4UNGR', 'AKZ8SFOAI4RZN', 'A2FFNO6G4FEE2N', 'A1FP3SH704X01V', 'A1FHS282JP487T', 'self_report_08']"
06_DR-100_0093_9_sentence_3.wav,"[1, 3, 4, 1, 3, 7, 7, 5, 6]","[5, 6, 7, 8, 6, 6, 3, 6, 6]","['A1NIO3JNX5QTN8', 'A2FFNO6G4FEE2N', 'A2AG45K4ULNBHF', 'A1T79J0XQXDDGC', 'A1PUHCEBSOWETV', 'A1ET2J1PIP0RGO', 'A2TBXASXZIRNNW', 'A124E03UMDZAA9', 'self_report_06']"
05_DR-100_0098_7_sentence_7.wav,"[4, 5, 1, 4, 6, 1, 5, 8, 4]","[4, 5, 5, 7, 6, 5, 4, 2, 3]","['A2JP9IKRHNLRPI', 'A124E03UMDZAA9', 'A2F48NO7AD9VKK', 'A1PUHCEBSOWETV', 'A2AAY4VT9L71SY', 'A1FP3SH704X01V', 'A27SMEOPKV84VI', 'A2TBXASXZIRNNW', 'self_report_05']"
10_DR-100_0096_5_sentence_5.wav,"[3, 3, 4, 1, 4, 2, 3, 1, 6]","[4, 4, 5, 4, 5, 4, 6, 5, 5]","['ALQPGVQZEZSUE', 'A27SMEOPKV84VI', 'A1PUHCEBSOWETV', 'AKZ8SFOAI4RZN', 'A2NBVTY6FLBEAF', 'A1FP3SH704X01V', 'A1ET2J1PIP0RGO', 'A1FHS282JP487T', 'self_report_10']"
03_DR-100_0099_7_sentence_1.wav,"[5, 7, 4, 5, 6, 8, 9, 8, 4]","[4, 2, 7, 6, 3, 5, 4, 2, 4]","['ALQPGVQZEZSUE', 'A1T79J0XQXDDGC', 'A1PUHCEBSOWETV', 'A365SN61J4UNGR', 'A1ET2J1PIP0RGO', 'A2B6WQG0A9CKXQ', 'A2AAY4VT9L71SY', 'A124E03UMDZAA9', 'self_report_03']"
09_DR-100_0100_7_sentence_5.wav,"[2, 1, 3, 1, 4, 2, 1, 4, 3]","[5, 5, 4, 5, 6, 4, 7, 3, 6]","['A3KCUB6P3IE8NL', 'A1NIO3JNX5QTN8', 'A27SMEOPKV84VI', 'A1T79J0XQXDDGC', 'A2JP9IKRHNLRPI', 'A1FP3SH704X01V', 'A2FFNO6G4FEE2N', 'A124E03UMDZAA9', 'self_report_09']"
03_DR-100_0099_9_sentence_5.wav,"[5, 7, 3, 9, 8, 5, 5, 6, 2]","[3, 2, 6, 1, 2, 3, 3, 3, 2]","['A1FP3SH704X01V', 'A2JP9IKRHNLRPI', 'A1PUHCEBSOWETV', 'A2AAY4VT9L71SY', 'A2NBVTY6FLBEAF', 'A2F48NO7AD9VKK', 'AW4AHMQ7EN4QI', 'A1T79J0XQXDDGC', 'self_report_03']"
08_DR-100_0090_1_sentence_3.wav,"[2, 2, 3, 1, 6, 1, 3, 3, 4]","[3, 4, 3, 4, 3, 5, 4, 5, 5]","['A2NBVTY6FLBEAF', 'A2FFNO6G4FEE2N', 'AKZ8SFOAI4RZN', 'A1T79J0XQXDDGC', 'A27SMEOPKV84VI', 'A2EOOF9D135HQ1', 'A394S7JSNUA3TS', 'A1ET2J1PIP0RGO', 'self_report_08']"
09_DR-100_0100_5_sentence_8.wav,"[1, 3, 2, 4, 1, 6, 4, 1, 6]","[4, 2, 3, 3, 2, 3, 3, 5, 5]","['AKZ8SFOAI4RZN', 'A27SMEOPKV84VI', 'A2AAY4VT9L71SY', 'A124E03UMDZAA9', 'A2AG45K4ULNBHF', 'A2TBXASXZIRNNW', 'A2JP9IKRHNLRPI', 'A1FHS282JP487T', 'self_report_09']"
05_DR-100_0098_9_sentence_7.wav,"[4, 2, 3, 4, 5, 1, 2, 4, 3]","[4, 4, 4, 4, 4, 5, 4, 4, 5]","['ALQPGVQZEZSUE', 'A1FP3SH704X01V', 'A1PUHCEBSOWETV', 'A2B6WQG0A9CKXQ', 'A27SMEOPKV84VI', 'A1FHS282JP487T', 'A2F48NO7AD9VKK', 'A2AAY4VT9L71SY', 'self_report_05']"
06_DR-100_0093_5_sentence_5.wav,"[3, 5, 3, 2, 5, 4, 2, 3, 6]","[4, 5, 8, 6, 6, 4, 5, 6, 6]","['A27SMEOPKV84VI', 'A2JP9IKRHNLRPI', 'A2AG45K4ULNBHF', 'A2FFNO6G4FEE2N', 'A1ET2J1PIP0RGO', 'A2AAY4VT9L71SY', 'A1FP3SH704X01V', 'ARVXIBUCA8WDZ', 'self_report_06']"
10_DR-100_0096_7_sentence_6.wav,"[3, 4, 1, 5, 5, 4, 3, 1, 5]","[5, 5, 7, 6, 4, 7, 7, 5, 4]","['A124E03UMDZAA9', 'A2B6WQG0A9CKXQ', 'A1T79J0XQXDDGC', 'A2TBXASXZIRNNW', 'A1ET2J1PIP0RGO', 'A27SMEOPKV84VI', 'A1FHS282JP487T', 'A1FP3SH704X01V', 'self_report_10']"
04_DR-100_0082_5_sentence_3.wav,"[1, 4, 6, 3, 3, 2, 4, 2, 4]","[4, 6, 4, 4, 3, 6, 6, 5, 5]","['A10GZ0SWBZIRBK', 'A2JP9IKRHNLRPI', 'A2NBVTY6FLBEAF', 'A124E03UMDZAA9', 'A1T79J0XQXDDGC', 'A2F48NO7AD9VKK', 'A2AAY4VT9L71SY', 'A1FHS282JP487T', 'self_report_04']"
07_DR-100_0092_1_sentence_11.wav,"[1, 2, 3, 3, 5, 5, 5, 4, 6]","[6, 6, 6, 6, 6, 4, 6, 6, 6]","['A1T79J0XQXDDGC', 'AKZ8SFOAI4RZN', 'A1PUHCEBSOWETV', 'A2FFNO6G4FEE2N', 'A1ET2J1PIP0RGO', 'A2TBXASXZIRNNW', 'A27SMEOPKV84VI', 'A2JP9IKRHNLRPI', 'self_report_07']"
09_DR-100_0100_7_sentence_4.wav,"[1, 3, 4, 2, 3, 2, 1, 1, 3]","[5, 5, 5, 4, 6, 5, 5, 5, 6]","['A1T79J0XQXDDGC', 'ALQPGVQZEZSUE', 'A2JP9IKRHNLRPI', 'A2TBXASXZIRNNW', 'A1PUHCEBSOWETV', 'A2AAY4VT9L71SY', 'A1FHS282JP487T', 'A1FP3SH704X01V', 'self_report_09']"
04_DR-100_0082_7_sentence_4.wav,"[2, 5, 2, 3, 6, 4, 4, 4, 4]","[5, 3, 6, 6, 4, 4, 4, 6, 5]","['A1FP3SH704X01V', 'A2AG45K4ULNBHF', 'A2AAY4VT9L71SY', 'A1PUHCEBSOWETV', 'A2TBXASXZIRNNW', 'A27SMEOPKV84VI', 'AW4AHMQ7EN4QI', 'A394S7JSNUA3TS', 'self_report_04']"
08_DR-100_0090_9_sentence_5.wav,"[5, 4, 1, 1, 3, 5, 6, 1, 5]","[6, 7, 5, 5, 4, 6, 5, 5, 6]","['A2JP9IKRHNLRPI', 'A1PUHCEBSOWETV', 'A1FP3SH704X01V', 'A1T79J0XQXDDGC', 'A1ET2J1PIP0RGO', 'A1VC6F0FYG1L5I', 'A27SMEOPKV84VI', 'A394S7JSNUA3TS', 'self_report_08']"
08_DR-100_0090_3_sentence_8.wav,"[5, 3, 5, 1, 1, 6, 3, 4, 5]","[6, 6, 4, 6, 7, 6, 5, 4, 6]","['A2JP9IKRHNLRPI', 'A1PUHCEBSOWETV', 'A27SMEOPKV84VI', 'A1NIO3JNX5QTN8', 'A1T79J0XQXDDGC', 'A2NBVTY6FLBEAF', 'ARVXIBUCA8WDZ', 'AW4AHMQ7EN4QI', 'self_report_08']"
04_DR-100_0082_9_sentence_1.wav,"[4, 7, 3, 1, 5, 4, 7, 3, 4]","[5, 5, 5, 5, 5, 5, 3, 6, 5]","['AKZ8SFOAI4RZN', 'A27SMEOPKV84VI', 'A2AAY4VT9L71SY', 'A1FP3SH704X01V', 'A2JP9IKRHNLRPI', 'AW4AHMQ7EN4QI', 'A2TBXASXZIRNNW', 'A1PUHCEBSOWETV', 'self_report_04']"
03_DR-100_0099_5_sentence_2.wav,"[6, 5, 6, 7, 2, 5, 6, 3, 4]","[3, 6, 5, 2, 4, 3, 5, 6, 6]","['A1T79J0XQXDDGC', 'A10GZ0SWBZIRBK', 'A2AAY4VT9L71SY', 'A2TBXASXZIRNNW', 'A394S7JSNUA3TS', 'A3GLUDQZGEJL5G', 'AW4AHMQ7EN4QI', 'A1PUHCEBSOWETV', 'self_report_03']"
05_DR-100_0098_9_sentence_5.wav,"[2, 1, 4, 1, 4, 4, 4, 2, 3]","[5, 5, 4, 5, 4, 4, 5, 5, 5]","['A1PUHCEBSOWETV', 'A1FP3SH704X01V', 'A124E03UMDZAA9', 'AKZ8SFOAI4RZN', 'A2B6WQG0A9CKXQ', 'A27SMEOPKV84VI', 'A2JP9IKRHNLRPI', 'A1NIO3JNX5QTN8', 'self_report_05']"
08_DR-100_0090_3_sentence_2.wav,"[3, 2, 6, 3, 2, 2, 3, 2, 5]","[5, 4, 2, 4, 4, 4, 6, 5, 6]","['A1PUHCEBSOWETV', 'A2TBXASXZIRNNW', 'A2AG45K4ULNBHF', 'A10GZ0SWBZIRBK', 'AHZPOM46IUJ2N', 'A2F48NO7AD9VKK', 'A1T79J0XQXDDGC', 'A1FP3SH704X01V', 'self_report_08']"
05_DR-100_0098_5_sentence_6.wav,"[4, 4, 1, 2, 3, 4, 4, 2, 8]","[7, 6, 5, 8, 6, 7, 9, 9, 8]","['ALQPGVQZEZSUE', 'A2JP9IKRHNLRPI', 'A1FP3SH704X01V', 'AKZ8SFOAI4RZN', 'A124E03UMDZAA9', 'A1PUHCEBSOWETV', 'A2B6WQG0A9CKXQ', 'A2AG45K4ULNBHF', 'self_report_05']"
09_DR-100_0100_1_sentence_3.wav,"[3, 2, 3, 3, 2, 1, 5, 1, 5]","[3, 3, 3, 6, 3, 7, 6, 4, 4]","['A1PUHCEBSOWETV', 'A2B6WQG0A9CKXQ', 'A10GZ0SWBZIRBK', 'A124E03UMDZAA9', 'A1FP3SH704X01V', 'A2EOOF9D135HQ1', 'A1ET2J1PIP0RGO', 'A1NIO3JNX5QTN8', 'self_report_09']"
07_DR-100_0092_7_sentence_9.wav,"[5, 3, 3, 7, 7, 4, 2, 3, 4]","[4, 4, 6, 3, 6, 5, 5, 6, 6]","['A2JP9IKRHNLRPI', 'A1T79J0XQXDDGC', 'A1PUHCEBSOWETV', 'A1ET2J1PIP0RGO', 'A124E03UMDZAA9', 'ARVXIBUCA8WDZ', 'A394S7JSNUA3TS', 'A1FHS282JP487T', 'self_report_07']"
03_DR-100_0099_7_sentence_11.wav,"[7, 3, 6, 6, 4, 4, 7, 3, 4]","[2, 5, 2, 4, 2, 2, 1, 4, 4]","['A2JP9IKRHNLRPI', 'A1PUHCEBSOWETV', 'A2NBVTY6FLBEAF', 'A124E03UMDZAA9', 'A394S7JSNUA3TS', 'A1FP3SH704X01V', 'A1T79J0XQXDDGC', 'A2F48NO7AD9VKK', 'self_report_03']"
08_DR-100_0090_3_sentence_9.wav,"[2, 1, 6, 2, 4, 1, 3, 3, 5]","[7, 6, 6, 5, 6, 6, 6, 6, 6]","['A27SMEOPKV84VI', 'A1NIO3JNX5QTN8', 'A2TBXASXZIRNNW', 'A2JP9IKRHNLRPI', 'A1ET2J1PIP0RGO', 'A1T79J0XQXDDGC', 'A1PUHCEBSOWETV', 'A394S7JSNUA3TS', 'self_report_08']"
10_DR-100_0096_5_sentence_7.wav,"[2, 3, 4, 4, 4, 6, 6, 2, 6]","[3, 2, 3, 5, 2, 7, 4, 4, 5]","['A1NIO3JNX5QTN8', 'A2B6WQG0A9CKXQ', 'A2JP9IKRHNLRPI', 'A124E03UMDZAA9', 'A2AAY4VT9L71SY', 'A1ET2J1PIP0RGO', 'A2TBXASXZIRNNW', 'ARVXIBUCA8WDZ', 'self_report_10']"
04_DR-100_0082_1_sentence_5.wav,"[2, 2, 5, 7, 2, 4, 3, 2, 4]","[6, 5, 6, 6, 7, 5, 6, 7, 5]","['A3KCUB6P3IE8NL', 'A365SN61J4UNGR', 'A124E03UMDZAA9', 'A27SMEOPKV84VI', 'AKZ8SFOAI4RZN', 'A2JP9IKRHNLRPI', 'A1PUHCEBSOWETV', 'A1T79J0XQXDDGC', 'self_report_04']"
06_DR-100_0093_1_sentence_3.wav,"[5, 4, 4, 4, 6, 3, 2, 2, 6]","[6, 6, 8, 6, 7, 6, 6, 6, 7]","['A27SMEOPKV84VI', 'A124E03UMDZAA9', 'A2B6WQG0A9CKXQ', 'A2JP9IKRHNLRPI', 'A2NBVTY6FLBEAF', 'A394S7JSNUA3TS', 'A1FHS282JP487T', 'A2B8HPIZDKYKDR', 'self_report_06']"
03_DR-100_0099_5_sentence_3.wav,"[5, 7, 6, 6, 3, 8, 3, 8, 4]","[7, 7, 7, 7, 6, 6, 6, 7, 6]","['A10GZ0SWBZIRBK', 'A2JP9IKRHNLRPI', 'A124E03UMDZAA9', 'A2AG45K4ULNBHF', 'A1PUHCEBSOWETV', 'A2AAY4VT9L71SY', 'A1FP3SH704X01V', 'A2B6WQG0A9CKXQ', 'self_report_03']"
07_DR-100_0092_3_sentence_3.wav,"[3, 6, 4, 4, 3, 2, 4, 2, 4]","[5, 6, 6, 7, 6, 6, 6, 6, 6]","['A365SN61J4UNGR', 'A27SMEOPKV84VI', 'A124E03UMDZAA9', 'A1PUHCEBSOWETV', 'AKZ8SFOAI4RZN', 'A1NIO3JNX5QTN8', 'A2JP9IKRHNLRPI', 'A1FP3SH704X01V', 'self_report_07']"
07_DR-100_0092_9_sentence_8.wav,"[1, 5, 3, 6, 1, 2, 3, 2, 4]","[5, 5, 7, 7, 7, 5, 6, 5, 6]","['A3KCUB6P3IE8NL', 'A2JP9IKRHNLRPI', 'AKZ8SFOAI4RZN', 'A2AAY4VT9L71SY', 'A1T79J0XQXDDGC', 'A1FP3SH704X01V', 'A1PUHCEBSOWETV', 'A1FHS282JP487T', 'self_report_07']"
07_DR-100_0092_1_sentence_7.wav,"[1, 4, 1, 3, 3, 5, 1, 2, 6]","[4, 4, 3, 3, 4, 6, 5, 5, 6]","['A1T79J0XQXDDGC', 'ALQPGVQZEZSUE', 'A10GZ0SWBZIRBK', 'A2TBXASXZIRNNW', 'A2JP9IKRHNLRPI', 'A124E03UMDZAA9', 'A1FHS282JP487T', 'A2B6WQG0A9CKXQ', 'self_report_07']"
04_DR-100_0082_9_sentence_7.wav,"[2, 3, 2, 3, 8, 5, 3, 3, 4]","[5, 4, 5, 5, 5, 6, 6, 4, 5]","['A3KCUB6P3IE8NL', 'A1PUHCEBSOWETV', 'A1T79J0XQXDDGC', 'A365SN61J4UNGR', 'A2B6WQG0A9CKXQ', 'A1ET2J1PIP0RGO', 'A1FHS282JP487T', 'A1NIO3JNX5QTN8', 'self_report_04']"
10_DR-100_0096_1_sentence_6.wav,"[1, 5, 2, 5, 6, 1, 6, 3, 6]","[5, 5, 5, 6, 3, 4, 3, 5, 6]","['A1NIO3JNX5QTN8', 'A2AAY4VT9L71SY', 'A1T79J0XQXDDGC', 'A124E03UMDZAA9', 'A2NBVTY6FLBEAF', 'ARVXIBUCA8WDZ', 'A2TBXASXZIRNNW', 'A27SMEOPKV84VI', 'self_report_10']"
03_DR-100_0099_9_sentence_2.wav,"[4, 6, 7, 6, 2, 2, 7, 4, 2]","[1, 1, 2, 2, 5, 2, 2, 1, 2]","['A365SN61J4UNGR', 'A2JP9IKRHNLRPI', 'AKZ8SFOAI4RZN', 'A1PUHCEBSOWETV', 'A1FHS282JP487T', 'A1T79J0XQXDDGC', 'A27SMEOPKV84VI', 'A1NIO3JNX5QTN8', 'self_report_03']"
09_DR-100_0100_5_sentence_5.wav,"[2, 2, 1, 6, 3, 5, 5, 2, 6]","[3, 4, 5, 4, 4, 4, 4, 3, 5]","['A1T79J0XQXDDGC', 'A1FP3SH704X01V', 'A2FFNO6G4FEE2N', 'A2TBXASXZIRNNW', 'A1PUHCEBSOWETV', 'A124E03UMDZAA9', 'A27SMEOPKV84VI', 'A2NBVTY6FLBEAF', 'self_report_09']"
07_DR-100_0092_9_sentence_9.wav,"[2, 1, 7, 5, 5, 1, 4, 4, 4]","[4, 5, 6, 6, 4, 5, 7, 6, 6]","['A10GZ0SWBZIRBK', 'A1NIO3JNX5QTN8', 'A27SMEOPKV84VI', 'A124E03UMDZAA9', 'A2JP9IKRHNLRPI', 'A394S7JSNUA3TS', 'A1T79J0XQXDDGC', 'A2AAY4VT9L71SY', 'self_report_07']"
06_DR-100_0093_1_sentence_6.wav,"[4, 4, 3, 3, 4, 2, 5, 6, 6]","[7, 6, 8, 6, 5, 7, 6, 7, 7]","['AKZ8SFOAI4RZN', 'A1PUHCEBSOWETV', 'A2AAY4VT9L71SY', 'A1FP3SH704X01V', 'A27SMEOPKV84VI', 'A1T79J0XQXDDGC', 'A2JP9IKRHNLRPI', 'A124E03UMDZAA9', 'self_report_06']"
08_DR-100_0090_9_sentence_4.wav,"[4, 2, 4, 7, 6, 6, 1, 5, 5]","[6, 6, 4, 6, 5, 7, 7, 5, 6]","['A124E03UMDZAA9', 'A3KCUB6P3IE8NL', 'A2JP9IKRHNLRPI', 'A27SMEOPKV84VI', 'A2B6WQG0A9CKXQ', 'A2AG45K4ULNBHF', 'A1T79J0XQXDDGC', 'A2AAY4VT9L71SY', 'self_report_08']"
04_DR-100_0082_3_sentence_1.wav,"[3, 2, 2, 2, 1, 6, 5, 2, 4]","[4, 6, 6, 6, 6, 7, 5, 4, 5]","['A1PUHCEBSOWETV', 'A2AG45K4ULNBHF', 'A2AAY4VT9L71SY', 'A1T79J0XQXDDGC', 'A1ET2J1PIP0RGO', 'A2NBVTY6FLBEAF', 'A2JP9IKRHNLRPI', 'A1NIO3JNX5QTN8', 'self_report_04']"
06_DR-100_0093_3_sentence_4.wav,"[5, 5, 3, 5, 6, 3, 2, 2, 5]","[6, 6, 6, 7, 7, 8, 6, 7, 8]","['A2JP9IKRHNLRPI', 'A1T79J0XQXDDGC', 'A1FP3SH704X01V', 'A394S7JSNUA3TS', 'A2NBVTY6FLBEAF', 'A10GZ0SWBZIRBK', 'A1FHS282JP487T', 'A1PUHCEBSOWETV', 'self_report_06']"
06_DR-100_0093_1_sentence_1.wav,"[5, 4, 3, 6, 2, 2, 4, 6, 6]","[6, 5, 6, 5, 6, 5, 5, 7, 7]","['A1PUHCEBSOWETV', 'ALQPGVQZEZSUE', 'A2B6WQG0A9CKXQ', 'A2NBVTY6FLBEAF', 'A1T79J0XQXDDGC', 'A1FHS282JP487T', 'A27SMEOPKV84VI', 'A124E03UMDZAA9', 'self_report_06']"
06_DR-100_0093_5_sentence_7.wav,"[2, 3, 3, 5, 5, 2, 3, 3, 6]","[2, 4, 4, 6, 3, 4, 6, 6, 6]","['A365SN61J4UNGR', 'A1NIO3JNX5QTN8', 'A1T79J0XQXDDGC', 'A124E03UMDZAA9', 'A2B6WQG0A9CKXQ', 'A1FP3SH704X01V', 'A1PUHCEBSOWETV', 'A2FFNO6G4FEE2N', 'self_report_06']"
10_DR-100_0096_5_sentence_3.wav,"[2, 5, 3, 2, 2, 5, 2, 2, 6]","[5, 6, 6, 3, 3, 7, 5, 6, 5]","['A365SN61J4UNGR', 'A124E03UMDZAA9', 'A1PUHCEBSOWETV', 'A2FFNO6G4FEE2N', 'A1T79J0XQXDDGC', 'A1ET2J1PIP0RGO', 'AKZ8SFOAI4RZN', 'A1FHS282JP487T', 'self_report_10']"
03_DR-100_0099_1_sentence_3.wav,"[3, 8, 7, 4, 6, 4, 5, 8, 4]","[3, 3, 1, 3, 3, 6, 3, 2, 3]","['A365SN61J4UNGR', 'A27SMEOPKV84VI', 'A2JP9IKRHNLRPI', 'A1PUHCEBSOWETV', 'AKZ8SFOAI4RZN', 'A2FFNO6G4FEE2N', 'A1FP3SH704X01V', 'A2AAY4VT9L71SY', 'self_report_03']"
05_DR-100_0098_5_sentence_3.wav,"[4, 2, 1, 1, 2, 4, 3, 2, 8]","[5, 5, 5, 5, 5, 4, 6, 5, 8]","['ALQPGVQZEZSUE', 'A365SN61J4UNGR', 'A1T79J0XQXDDGC', 'A394S7JSNUA3TS', 'A1FP3SH704X01V', 'A2JP9IKRHNLRPI', 'A1ET2J1PIP0RGO', 'A2F48NO7AD9VKK', 'self_report_05']"
07_DR-100_0092_5_sentence_10.wav,"[1, 1, 1, 3, 2, 5, 6, 2, 4]","[5, 5, 5, 5, 5, 5, 5, 5, 7]","['A1FP3SH704X01V', 'A1NIO3JNX5QTN8', 'A10GZ0SWBZIRBK', 'A2AG45K4ULNBHF', 'A1PUHCEBSOWETV', 'A2B6WQG0A9CKXQ', 'A2TBXASXZIRNNW', 'A1FHS282JP487T', 'self_report_07']"
04_DR-100_0082_9_sentence_9.wav,"[3, 2, 6, 3, 4, 7, 7, 6, 4]","[5, 6, 4, 4, 5, 4, 5, 5, 5]","['A1PUHCEBSOWETV', 'A1T79J0XQXDDGC', 'A124E03UMDZAA9', 'A1NIO3JNX5QTN8', 'A2JP9IKRHNLRPI', 'A2TBXASXZIRNNW', 'A2AG45K4ULNBHF', 'A2B6WQG0A9CKXQ', 'self_report_04']"
08_DR-100_0090_7_sentence_11.wav,"[3, 2, 5, 2, 2, 3, 5, 3, 5]","[1, 3, 3, 3, 3, 6, 3, 4, 5]","['A2B6WQG0A9CKXQ', 'AKZ8SFOAI4RZN', 'A27SMEOPKV84VI', 'AHZPOM46IUJ2N', 'A1FP3SH704X01V', 'A1PUHCEBSOWETV', 'A124E03UMDZAA9', 'A394S7JSNUA3TS', 'self_report_08']"
04_DR-100_0082_7_sentence_1.wav,"[5, 2, 5, 1, 2, 3, 4, 5, 4]","[4, 4, 3, 5, 7, 6, 5, 4, 5]","['A2JP9IKRHNLRPI', 'A3KCUB6P3IE8NL', 'A10GZ0SWBZIRBK', 'A1NIO3JNX5QTN8', 'A1T79J0XQXDDGC', 'A1PUHCEBSOWETV', 'A27SMEOPKV84VI', 'A1ET2J1PIP0RGO', 'self_report_04']"
06_DR-100_0093_7_sentence_4.wav,"[2, 2, 2, 3, 2, 4, 4, 3, 7]","[5, 2, 5, 5, 4, 3, 3, 6, 4]","['A1T79J0XQXDDGC', 'A365SN61J4UNGR', 'A1PUHCEBSOWETV', 'A2AG45K4ULNBHF', 'A1FP3SH704X01V', 'A27SMEOPKV84VI', 'A2AAY4VT9L71SY', 'ARVXIBUCA8WDZ', 'self_report_06']"
04_DR-100_0082_7_sentence_8.wav,"[3, 2, 7, 8, 6, 3, 5, 3, 4]","[4, 3, 3, 3, 3, 3, 4, 3, 5]","['AKZ8SFOAI4RZN', 'A365SN61J4UNGR', 'A2B6WQG0A9CKXQ', 'A27SMEOPKV84VI', 'A2TBXASXZIRNNW', 'A2AAY4VT9L71SY', 'A124E03UMDZAA9', 'A1T79J0XQXDDGC', 'self_report_04']"
06_DR-100_0093_1_sentence_10.wav,"[1, 1, 1, 5, 2, 1, 2, 1, 6]","[5, 5, 5, 6, 5, 5, 5, 5, 7]","['A1FP3SH704X01V', 'A1NIO3JNX5QTN8', 'A1T79J0XQXDDGC', 'A2TBXASXZIRNNW', 'A2AAY4VT9L71SY', 'A2B6WQG0A9CKXQ', 'A2JP9IKRHNLRPI', 'A394S7JSNUA3TS', 'self_report_06']"
08_DR-100_0090_7_sentence_5.wav,"[3, 5, 2, 2, 6, 1, 3, 4, 5]","[5, 5, 5, 5, 6, 5, 7, 5, 5]","['A2B6WQG0A9CKXQ', 'A2NBVTY6FLBEAF', 'A2AAY4VT9L71SY', 'A10GZ0SWBZIRBK', 'A2TBXASXZIRNNW', 'A1FP3SH704X01V', 'AKZ8SFOAI4RZN', 'A2JP9IKRHNLRPI', 'self_report_08']"
04_DR-100_0082_1_sentence_1.wav,"[2, 2, 2, 3, 5, 5, 5, 1, 4]","[6, 6, 6, 5, 6, 5, 5, 5, 5]","['A365SN61J4UNGR', 'A1T79J0XQXDDGC', 'A2AAY4VT9L71SY', 'A27SMEOPKV84VI', 'A124E03UMDZAA9', 'A2B6WQG0A9CKXQ', 'A1ET2J1PIP0RGO', 'A1FP3SH704X01V', 'self_report_04']"
05_DR-100_0098_5_sentence_4.wav,"[1, 1, 1, 2, 5, 3, 5, 2, 8]","[5, 6, 6, 6, 5, 6, 3, 5, 8]","['A1FP3SH704X01V', 'A10GZ0SWBZIRBK', 'A1T79J0XQXDDGC', 'AKZ8SFOAI4RZN', 'A124E03UMDZAA9', 'A1PUHCEBSOWETV', 'A2TBXASXZIRNNW', 'ARVXIBUCA8WDZ', 'self_report_05']"
10_DR-100_0096_3_sentence_6.wav,"[3, 2, 3, 4, 3, 2, 5, 2, 5]","[6, 4, 4, 6, 4, 5, 4, 5, 5]","['A1PUHCEBSOWETV', 'A3KCUB6P3IE8NL', 'A124E03UMDZAA9', 'A2AAY4VT9L71SY', 'A2JP9IKRHNLRPI', 'A2B6WQG0A9CKXQ', 'A2TBXASXZIRNNW', 'AHZPOM46IUJ2N', 'self_report_10']"
06_DR-100_0093_9_sentence_5.wav,"[5, 3, 5, 6, 3, 2, 1, 5, 6]","[3, 3, 2, 4, 6, 4, 4, 4, 6]","['A2JP9IKRHNLRPI', 'A2AAY4VT9L71SY', 'A2AG45K4ULNBHF', 'A2TBXASXZIRNNW', 'A1PUHCEBSOWETV', 'A2FFNO6G4FEE2N', 'A1T79J0XQXDDGC', 'A124E03UMDZAA9', 'self_report_06']"
04_DR-100_0082_5_sentence_4.wav,"[5, 4, 2, 2, 5, 6, 3, 3, 4]","[6, 3, 6, 5, 4, 4, 5, 4, 5]","['A124E03UMDZAA9', 'A2TBXASXZIRNNW', 'A1PUHCEBSOWETV', 'A1T79J0XQXDDGC', 'AW4AHMQ7EN4QI', 'A2F48NO7AD9VKK', 'A2FFNO6G4FEE2N', 'A394S7JSNUA3TS', 'self_report_04']"
10_DR-100_0096_3_sentence_3.wav,"[3, 3, 7, 4, 2, 1, 2, 2, 5]","[6, 6, 7, 6, 6, 5, 6, 6, 5]","['A27SMEOPKV84VI', 'A2B6WQG0A9CKXQ', 'A2NBVTY6FLBEAF', 'AW4AHMQ7EN4QI', 'A394S7JSNUA3TS', 'A2F48NO7AD9VKK', 'A1PUHCEBSOWETV', 'A1T79J0XQXDDGC', 'self_report_10']"
08_DR-100_0090_5_sentence_7.wav,"[4, 3, 4, 2, 5, 2, 1, 2, 5]","[6, 5, 8, 6, 4, 6, 6, 6, 5]","['A2JP9IKRHNLRPI', 'A2NBVTY6FLBEAF', 'A1PUHCEBSOWETV', 'A1FHS282JP487T', 'A124E03UMDZAA9', 'A1FP3SH704X01V', 'AKZ8SFOAI4RZN', 'A394S7JSNUA3TS', 'self_report_08']"
05_DR-100_0098_7_sentence_8.wav,"[2, 6, 2, 1, 5, 6, 4, 2, 4]","[5, 6, 2, 4, 3, 3, 7, 5, 3]","['A1T79J0XQXDDGC', 'A27SMEOPKV84VI', 'A10GZ0SWBZIRBK', 'A1NIO3JNX5QTN8', 'A2B6WQG0A9CKXQ', 'A2NBVTY6FLBEAF', 'A1ET2J1PIP0RGO', 'A1FHS282JP487T', 'self_report_05']"
08_DR-100_0090_9_sentence_6.wav,"[2, 4, 1, 4, 3, 6, 1, 4, 5]","[5, 5, 5, 6, 6, 6, 5, 4, 6]","['A3KCUB6P3IE8NL', 'A2JP9IKRHNLRPI', 'A1T79J0XQXDDGC', 'A2TBXASXZIRNNW', 'A1PUHCEBSOWETV', 'A2NBVTY6FLBEAF', 'A394S7JSNUA3TS', 'A1ET2J1PIP0RGO', 'self_report_08']"
03_DR-100_0099_5_sentence_1.wav,"[3, 4, 7, 3, 8, 6, 8, 6, 4]","[3, 1, 1, 2, 1, 7, 1, 1, 6]","['A1T79J0XQXDDGC', 'A365SN61J4UNGR', 'A2JP9IKRHNLRPI', 'A1FP3SH704X01V', 'A27SMEOPKV84VI', 'A1ET2J1PIP0RGO', 'A2NBVTY6FLBEAF', 'AW4AHMQ7EN4QI', 'self_report_03']"
03_DR-100_0099_7_sentence_13.wav,"[6, 3, 3, 6, 7, 6, 5, 1, 4]","[3, 4, 4, 3, 5, 4, 7, 5, 4]","['A2AG45K4ULNBHF', 'AKZ8SFOAI4RZN', 'A1NIO3JNX5QTN8', 'A2TBXASXZIRNNW', 'A2B6WQG0A9CKXQ', 'A2JP9IKRHNLRPI', 'A2FFNO6G4FEE2N', 'A1FP3SH704X01V', 'self_report_03']"
08_DR-100_0090_1_sentence_5.wav,"[1, 4, 2, 3, 5, 4, 3, 2, 4]","[6, 7, 6, 8, 5, 4, 8, 6, 5]","['A3KCUB6P3IE8NL', 'A2JP9IKRHNLRPI', 'A1FP3SH704X01V', 'A2B6WQG0A9CKXQ', 'A2NBVTY6FLBEAF', 'A1ET2J1PIP0RGO', 'AKZ8SFOAI4RZN', 'A1NIO3JNX5QTN8', 'self_report_08']"
06_DR-100_0093_3_sentence_5.wav,"[5, 3, 7, 7, 4, 6, 3, 5, 5]","[6, 6, 6, 7, 6, 6, 6, 7, 8]","['A2B6WQG0A9CKXQ', 'A1T79J0XQXDDGC', 'A27SMEOPKV84VI', 'A2TBXASXZIRNNW', 'A2JP9IKRHNLRPI', 'A1VC6F0FYG1L5I', 'A1PUHCEBSOWETV', 'A1ET2J1PIP0RGO', 'self_report_06']"
05_DR-100_0098_7_sentence_2.wav,"[4, 1, 4, 1, 1, 3, 5, 3, 4]","[3, 4, 3, 4, 3, 4, 4, 4, 3]","['A2JP9IKRHNLRPI', 'A2FFNO6G4FEE2N', 'A2NBVTY6FLBEAF', 'A2F48NO7AD9VKK', 'A1T79J0XQXDDGC', 'A1ET2J1PIP0RGO', 'A124E03UMDZAA9', 'A27SMEOPKV84VI', 'self_report_05']"
07_DR-100_0092_1_sentence_9.wav,"[2, 3, 1, 4, 3, 6, 3, 3, 6]","[5, 4, 5, 6, 4, 5, 5, 5, 6]","['A2B6WQG0A9CKXQ', 'A1PUHCEBSOWETV', 'A1T79J0XQXDDGC', 'A124E03UMDZAA9', 'A2TBXASXZIRNNW', 'A2NBVTY6FLBEAF', 'A2JP9IKRHNLRPI', 'A2AAY4VT9L71SY', 'self_report_07']"
05_DR-100_0098_7_sentence_5.wav,"[3, 4, 5, 2, 5, 4, 3, 3, 4]","[4, 3, 3, 2, 4, 2, 3, 3, 3]","['A1PUHCEBSOWETV', 'AKZ8SFOAI4RZN', 'A2JP9IKRHNLRPI', 'A1T79J0XQXDDGC', 'A124E03UMDZAA9', 'A2AG45K4ULNBHF', 'A1ET2J1PIP0RGO', 'A2F48NO7AD9VKK', 'self_report_05']"
08_DR-100_0090_3_sentence_4.wav,"[3, 4, 3, 2, 2, 7, 5, 4, 5]","[4, 3, 4, 7, 8, 7, 6, 5, 6]","['A365SN61J4UNGR', 'ALQPGVQZEZSUE', 'AKZ8SFOAI4RZN', 'A2AAY4VT9L71SY', 'A1T79J0XQXDDGC', 'A2NBVTY6FLBEAF', 'A27SMEOPKV84VI', 'A1ET2J1PIP0RGO', 'self_report_08']"
05_DR-100_0098_9_sentence_4.wav,"[1, 4, 6, 4, 2, 1, 3, 2, 3]","[4, 5, 4, 4, 4, 5, 2, 4, 5]","['A3KCUB6P3IE8NL', 'A124E03UMDZAA9', 'A27SMEOPKV84VI', 'A2JP9IKRHNLRPI', 'A10GZ0SWBZIRBK', 'A1FP3SH704X01V', 'A2B6WQG0A9CKXQ', 'A394S7JSNUA3TS', 'self_report_05']"
08_DR-100_0090_7_sentence_9.wav,"[4, 2, 5, 6, 3, 7, 3, 2, 5]","[5, 5, 6, 6, 7, 7, 6, 6, 5]","['A2JP9IKRHNLRPI', 'A3KCUB6P3IE8NL', 'AKZ8SFOAI4RZN', 'A2NBVTY6FLBEAF', 'A1ET2J1PIP0RGO', 'A2AG45K4ULNBHF', 'A1PUHCEBSOWETV', 'A1FP3SH704X01V', 'self_report_08']"
06_DR-100_0093_5_sentence_8.wav,"[5, 6, 5, 3, 6, 4, 4, 2, 6]","[4, 4, 4, 7, 3, 5, 3, 4, 6]","['A2NBVTY6FLBEAF', 'A27SMEOPKV84VI', 'AKZ8SFOAI4RZN', 'A1PUHCEBSOWETV', 'A124E03UMDZAA9', 'ARVXIBUCA8WDZ', 'A2AAY4VT9L71SY', 'A1NIO3JNX5QTN8', 'self_report_06']"
07_DR-100_0092_3_sentence_2.wav,"[4, 3, 8, 3, 5, 2, 3, 5, 4]","[6, 6, 3, 6, 7, 7, 7, 6, 6]","['A1PUHCEBSOWETV', 'A365SN61J4UNGR', 'A2TBXASXZIRNNW', 'A2FFNO6G4FEE2N', 'A2JP9IKRHNLRPI', 'A1T79J0XQXDDGC', 'A2F48NO7AD9VKK', 'A27SMEOPKV84VI', 'self_report_07']"
10_DR-100_0096_1_sentence_5.wav,"[2, 5, 3, 5, 6, 5, 4, 6, 6]","[2, 2, 7, 7, 4, 6, 2, 4, 6]","['A365SN61J4UNGR', 'A2NBVTY6FLBEAF', 'AKZ8SFOAI4RZN', 'A124E03UMDZAA9', 'A2TBXASXZIRNNW', 'A1ET2J1PIP0RGO', 'A2AAY4VT9L71SY', 'A27SMEOPKV84VI', 'self_report_10']"
06_DR-100_0093_5_sentence_3.wav,"[4, 5, 7, 6, 3, 3, 5, 4, 6]","[7, 8, 6, 7, 9, 7, 8, 6, 6]","['A2JP9IKRHNLRPI', 'A2B6WQG0A9CKXQ', 'A27SMEOPKV84VI', 'A2NBVTY6FLBEAF', 'A1T79J0XQXDDGC', 'A1PUHCEBSOWETV', 'A2AAY4VT9L71SY', 'A124E03UMDZAA9', 'self_report_06']"
08_DR-100_0090_3_sentence_3.wav,"[6, 5, 4, 7, 3, 4, 6, 2, 5]","[7, 7, 8, 8, 6, 8, 5, 6, 6]","['A2JP9IKRHNLRPI', 'A124E03UMDZAA9', 'A2B6WQG0A9CKXQ', 'A2TBXASXZIRNNW', 'A1PUHCEBSOWETV', 'A2AAY4VT9L71SY', 'A27SMEOPKV84VI', 'A394S7JSNUA3TS', 'self_report_08']"
03_DR-100_0099_7_sentence_14.wav,"[7, 2, 6, 3, 6, 2, 7, 6, 4]","[4, 6, 2, 6, 2, 5, 3, 5, 4]","['A1T79J0XQXDDGC', 'A10GZ0SWBZIRBK', 'A2JP9IKRHNLRPI', 'A1PUHCEBSOWETV', 'AW4AHMQ7EN4QI', 'A1FP3SH704X01V', 'A124E03UMDZAA9', 'A27SMEOPKV84VI', 'self_report_03']"
06_DR-100_0093_9_sentence_1.wav,"[3, 7, 4, 7, 3, 5, 7, 3, 6]","[5, 5, 7, 6, 6, 5, 4, 6, 6]","['A365SN61J4UNGR', 'A2B6WQG0A9CKXQ', 'A1PUHCEBSOWETV', 'A27SMEOPKV84VI', 'A1FP3SH704X01V', 'A2AG45K4ULNBHF', 'A2TBXASXZIRNNW', 'AHZPOM46IUJ2N', 'self_report_06']"
03_DR-100_0099_3_sentence_5.wav,"[6, 8, 2, 8, 7, 7, 2, 8, 7]","[3, 3, 6, 3, 2, 1, 2, 1, 2]","['A2JP9IKRHNLRPI', 'A27SMEOPKV84VI', 'A1PUHCEBSOWETV', 'A2NBVTY6FLBEAF', 'AKZ8SFOAI4RZN', 'A1T79J0XQXDDGC', 'A124E03UMDZAA9', 'A2B6WQG0A9CKXQ', 'self_report_03']"
07_DR-100_0092_3_sentence_1.wav,"[1, 4, 2, 6, 5, 3, 1, 1, 4]","[5, 5, 5, 4, 5, 6, 5, 5, 6]","['A10GZ0SWBZIRBK', 'A2JP9IKRHNLRPI', 'A1FP3SH704X01V', 'A1ET2J1PIP0RGO', 'A2AAY4VT9L71SY', 'A1PUHCEBSOWETV', 'A394S7JSNUA3TS', 'A2F48NO7AD9VKK', 'self_report_07']"
07_DR-100_0092_5_sentence_8.wav,"[4, 4, 5, 4, 2, 1, 1, 1, 4]","[4, 4, 4, 7, 5, 4, 4, 5, 7]","['A1PUHCEBSOWETV', 'A2NBVTY6FLBEAF', 'A27SMEOPKV84VI', 'A2AG45K4ULNBHF', 'ARVXIBUCA8WDZ', 'A1T79J0XQXDDGC', 'A1NIO3JNX5QTN8', 'A1FHS282JP487T', 'self_report_07']"
10_DR-100_0096_7_sentence_4.wav,"[2, 4, 5, 3, 6, 1, 5, 5, 5]","[2, 3, 3, 2, 2, 4, 2, 4, 4]","['A3KCUB6P3IE8NL', 'AKZ8SFOAI4RZN', 'A1FP3SH704X01V', 'A2FFNO6G4FEE2N', 'A27SMEOPKV84VI', 'A1NIO3JNX5QTN8', 'A2JP9IKRHNLRPI', 'A124E03UMDZAA9', 'self_report_10']"
08_DR-100_0090_5_sentence_6.wav,"[2, 6, 7, 5, 2, 6, 1, 2, 5]","[8, 7, 9, 6, 6, 7, 7, 8, 5]","['A10GZ0SWBZIRBK', 'A27SMEOPKV84VI', 'A2B6WQG0A9CKXQ', 'A124E03UMDZAA9', 'A1FP3SH704X01V', 'A2NBVTY6FLBEAF', 'A2F48NO7AD9VKK', 'A1T79J0XQXDDGC', 'self_report_08']"
05_DR-100_0098_5_sentence_10.wav,"[1, 4, 2, 1, 1, 3, 6, 2, 8]","[5, 5, 5, 5, 5, 5, 2, 5, 8]","['A3KCUB6P3IE8NL', 'A2JP9IKRHNLRPI', 'A2B6WQG0A9CKXQ', 'AKZ8SFOAI4RZN', 'A1NIO3JNX5QTN8', 'A2AG45K4ULNBHF', 'A2TBXASXZIRNNW', 'A1PUHCEBSOWETV', 'self_report_05']"
09_DR-100_0100_3_sentence_1.wav,"[2, 1, 3, 3, 4, 1, 2, 1, 5]","[5, 6, 6, 6, 4, 6, 6, 4, 4]","['A1FP3SH704X01V', 'A1T79J0XQXDDGC', 'A2TBXASXZIRNNW', 'A27SMEOPKV84VI', 'A124E03UMDZAA9', 'AHZPOM46IUJ2N', 'A2B6WQG0A9CKXQ', 'A1NIO3JNX5QTN8', 'self_report_09']"
04_DR-100_0082_9_sentence_6.wav,"[3, 7, 4, 3, 5, 4, 6, 2, 4]","[6, 5, 7, 6, 6, 7, 6, 8, 5]","['A3KCUB6P3IE8NL', 'A27SMEOPKV84VI', 'A1PUHCEBSOWETV', 'A1NIO3JNX5QTN8', 'A2JP9IKRHNLRPI', 'A2FFNO6G4FEE2N', 'A124E03UMDZAA9', 'A1T79J0XQXDDGC', 'self_report_04']"
10_DR-100_0096_9_sentence_1.wav,"[1, 4, 4, 3, 4, 4, 1, 2, 7]","[4, 6, 4, 7, 5, 5, 5, 4, 4]","['A1T79J0XQXDDGC', 'A124E03UMDZAA9', 'A2JP9IKRHNLRPI', 'A1PUHCEBSOWETV', 'A2AAY4VT9L71SY', 'A27SMEOPKV84VI', 'A394S7JSNUA3TS', 'A1FP3SH704X01V', 'self_report_10']"
10_DR-100_0096_7_sentence_2.wav,"[1, 2, 2, 4, 3, 3, 2, 1, 5]","[5, 3, 3, 3, 5, 2, 2, 4, 4]","['A3KCUB6P3IE8NL', 'AKZ8SFOAI4RZN', 'A2AG45K4ULNBHF', 'A2JP9IKRHNLRPI', 'A27SMEOPKV84VI', 'A394S7JSNUA3TS', 'A2B6WQG0A9CKXQ', 'A2F48NO7AD9VKK', 'self_report_10']"
07_DR-100_0092_5_sentence_1.wav,"[3, 5, 2, 6, 2, 6, 4, 6, 4]","[7, 5, 8, 6, 7, 4, 4, 4, 7]","['A1PUHCEBSOWETV', 'A2JP9IKRHNLRPI', 'A1T79J0XQXDDGC', 'A27SMEOPKV84VI', 'A2FFNO6G4FEE2N', 'A2AG45K4ULNBHF', 'A2NBVTY6FLBEAF', 'A1ET2J1PIP0RGO', 'self_report_07']"
03_DR-100_0099_7_sentence_10.wav,"[8, 6, 7, 7, 5, 7, 3, 4, 4]","[2, 2, 6, 6, 7, 3, 5, 4, 4]","['A2TBXASXZIRNNW', 'A2JP9IKRHNLRPI', 'A2AG45K4ULNBHF', 'A2AAY4VT9L71SY', 'A1T79J0XQXDDGC', 'A124E03UMDZAA9', 'A1FHS282JP487T', 'AKZ8SFOAI4RZN', 'self_report_03']"
09_DR-100_0100_9_sentence_5.wav,"[3, 5, 3, 3, 1, 4, 2, 1, 4]","[5, 5, 5, 6, 6, 6, 6, 6, 6]","['A365SN61J4UNGR', 'A2JP9IKRHNLRPI', 'A2B6WQG0A9CKXQ', 'A1PUHCEBSOWETV', 'A1T79J0XQXDDGC', 'A2NBVTY6FLBEAF', 'A2AAY4VT9L71SY', 'A394S7JSNUA3TS', 'self_report_09']"
07_DR-100_0092_1_sentence_12.wav,"[4, 3, 1, 5, 1, 5, 4, 1, 6]","[5, 4, 5, 5, 4, 6, 5, 5, 6]","['A2JP9IKRHNLRPI', 'ALQPGVQZEZSUE', 'A1T79J0XQXDDGC', 'A2TBXASXZIRNNW', 'A2F48NO7AD9VKK', 'A124E03UMDZAA9', 'A1ET2J1PIP0RGO', 'A2FFNO6G4FEE2N', 'self_report_07']"
10_DR-100_0096_1_sentence_3.wav,"[3, 2, 7, 3, 1, 3, 3, 4, 6]","[6, 5, 3, 5, 6, 7, 7, 5, 6]","['A2NBVTY6FLBEAF', 'A1FP3SH704X01V', 'A2TBXASXZIRNNW', 'A27SMEOPKV84VI', 'A1T79J0XQXDDGC', 'A2AAY4VT9L71SY', 'A394S7JSNUA3TS', 'A2JP9IKRHNLRPI', 'self_report_10']"
05_DR-100_0098_9_sentence_1.wav,"[3, 3, 1, 4, 6, 5, 4, 3, 3]","[7, 7, 6, 5, 7, 6, 5, 6, 5]","['A1PUHCEBSOWETV', 'AKZ8SFOAI4RZN', 'A1FHS282JP487T', 'A2B6WQG0A9CKXQ', 'A1ET2J1PIP0RGO', 'A2JP9IKRHNLRPI', 'A2AAY4VT9L71SY', 'A2F48NO7AD9VKK', 'self_report_05']"
04_DR-100_0082_3_sentence_6.wav,"[2, 3, 4, 3, 1, 4, 2, 5, 4]","[6, 5, 6, 7, 5, 6, 6, 6, 5]","['A2B6WQG0A9CKXQ', 'A365SN61J4UNGR', 'A2JP9IKRHNLRPI', 'A2TBXASXZIRNNW', 'A1VC6F0FYG1L5I', 'AW4AHMQ7EN4QI', 'AHZPOM46IUJ2N', 'A124E03UMDZAA9', 'self_report_04']"
06_DR-100_0093_9_sentence_7.wav,"[1, 2, 3, 4, 4, 1, 5, 6, 6]","[5, 4, 5, 4, 5, 6, 6, 6, 6]","['A10GZ0SWBZIRBK', 'A1FP3SH704X01V', 'A365SN61J4UNGR', 'A2JP9IKRHNLRPI', 'AW4AHMQ7EN4QI', 'A1T79J0XQXDDGC', 'A27SMEOPKV84VI', 'A124E03UMDZAA9', 'self_report_06']"
07_DR-100_0092_9_sentence_1.wav,"[6, 3, 5, 8, 3, 3, 3, 2, 4]","[5, 6, 4, 3, 3, 4, 6, 4, 6]","['A2B6WQG0A9CKXQ', 'A1PUHCEBSOWETV', 'A1T79J0XQXDDGC', 'A2TBXASXZIRNNW', 'A2AAY4VT9L71SY', 'AW4AHMQ7EN4QI', 'A1FHS282JP487T', 'A394S7JSNUA3TS', 'self_report_07']"
06_DR-100_0093_1_sentence_8.wav,"[2, 3, 5, 7, 2, 3, 3, 6, 6]","[7, 5, 6, 6, 6, 7, 7, 7, 7]","['A1T79J0XQXDDGC', 'A365SN61J4UNGR', 'A124E03UMDZAA9', 'A2TBXASXZIRNNW', 'A1FP3SH704X01V', 'AHZPOM46IUJ2N', 'AKZ8SFOAI4RZN', 'A1ET2J1PIP0RGO', 'self_report_06']"
05_DR-100_0098_1_sentence_1.wav,"[2, 2, 3, 2, 1, 4, 6, 4, 4]","[5, 6, 5, 6, 6, 6, 4, 5, 7]","['A3KCUB6P3IE8NL', 'A1T79J0XQXDDGC', 'A2NBVTY6FLBEAF', 'A394S7JSNUA3TS', 'A1FP3SH704X01V', 'A1ET2J1PIP0RGO', 'A2TBXASXZIRNNW', 'A27SMEOPKV84VI', 'self_report_05']"
04_DR-100_0082_1_sentence_9.wav,"[1, 1, 1, 6, 4, 1, 6, 3, 4]","[7, 5, 5, 4, 5, 5, 3, 7, 5]","['A1T79J0XQXDDGC', 'AKZ8SFOAI4RZN', 'A1FP3SH704X01V', 'A1ET2J1PIP0RGO', 'A27SMEOPKV84VI', 'A394S7JSNUA3TS', 'A2NBVTY6FLBEAF', 'A2FFNO6G4FEE2N', 'self_report_04']"
10_DR-100_0096_9_sentence_7.wav,"[2, 1, 1, 5, 4, 2, 5, 1, 7]","[3, 3, 3, 4, 3, 7, 4, 5, 4]","['A2NBVTY6FLBEAF', 'A2FFNO6G4FEE2N', 'A10GZ0SWBZIRBK', 'A124E03UMDZAA9', 'A2JP9IKRHNLRPI', 'A1PUHCEBSOWETV', 'A27SMEOPKV84VI', 'A1FHS282JP487T', 'self_report_10']"
09_DR-100_0100_9_sentence_4.wav,"[4, 1, 3, 3, 2, 1, 2, 1, 4]","[5, 5, 6, 4, 5, 6, 5, 5, 6]","['A2JP9IKRHNLRPI', 'A2B6WQG0A9CKXQ', 'A1PUHCEBSOWETV', 'A124E03UMDZAA9', 'A1ET2J1PIP0RGO', 'A2FFNO6G4FEE2N', 'A27SMEOPKV84VI', 'A1T79J0XQXDDGC', 'self_report_09']"
04_DR-100_0082_7_sentence_7.wav,"[3, 6, 5, 2, 4, 1, 3, 2, 4]","[3, 4, 2, 5, 2, 5, 6, 4, 5]","['A2EOOF9D135HQ1', 'A27SMEOPKV84VI', 'A2AAY4VT9L71SY', 'A1FHS282JP487T', 'A2B6WQG0A9CKXQ', 'A1FP3SH704X01V', 'A1PUHCEBSOWETV', 'A2F48NO7AD9VKK', 'self_report_04']"
07_DR-100_0092_3_sentence_4.wav,"[3, 3, 1, 4, 1, 3, 3, 4, 4]","[4, 5, 4, 4, 6, 3, 7, 4, 6]","['ALQPGVQZEZSUE', 'A365SN61J4UNGR', 'A10GZ0SWBZIRBK', 'A27SMEOPKV84VI', 'A1T79J0XQXDDGC', 'A2TBXASXZIRNNW', 'A1PUHCEBSOWETV', 'A2JP9IKRHNLRPI', 'self_report_07']"
03_DR-100_0099_5_sentence_5.wav,"[6, 7, 4, 7, 6, 3, 2, 8, 4]","[5, 2, 5, 5, 6, 1, 5, 5, 6]","['ALQPGVQZEZSUE', 'A2TBXASXZIRNNW', 'AW4AHMQ7EN4QI', 'A2AG45K4ULNBHF', 'A2JP9IKRHNLRPI', 'A1PUHCEBSOWETV', 'A1FHS282JP487T', 'A2AAY4VT9L71SY', 'self_report_03']"
04_DR-100_0082_7_sentence_5.wav,"[3, 1, 3, 7, 6, 4, 6, 2, 4]","[6, 7, 4, 6, 4, 6, 5, 6, 5]","['A10GZ0SWBZIRBK', 'A1NIO3JNX5QTN8', 'A1PUHCEBSOWETV', 'A2TBXASXZIRNNW', 'A1VC6F0FYG1L5I', 'AW4AHMQ7EN4QI', 'A2B6WQG0A9CKXQ', 'A1FHS282JP487T', 'self_report_04']"
08_DR-100_0090_7_sentence_10.wav,"[4, 2, 3, 3, 7, 4, 1, 5, 5]","[7, 6, 6, 6, 8, 6, 5, 7, 5]","['A2AG45K4ULNBHF', 'A1FP3SH704X01V', 'A1PUHCEBSOWETV', 'A2F48NO7AD9VKK', 'A2TBXASXZIRNNW', 'ADLYO655RWJUI', 'A394S7JSNUA3TS', 'A2B6WQG0A9CKXQ', 'self_report_08']"
09_DR-100_0100_1_sentence_5.wav,"[1, 2, 6, 5, 2, 4, 1, 3, 5]","[5, 5, 6, 4, 6, 6, 6, 6, 4]","['A1T79J0XQXDDGC', 'A2AG45K4ULNBHF', 'A1ET2J1PIP0RGO', 'A124E03UMDZAA9', 'A394S7JSNUA3TS', 'A2JP9IKRHNLRPI', 'AKZ8SFOAI4RZN', 'A27SMEOPKV84VI', 'self_report_09']"
03_DR-100_0099_3_sentence_2.wav,"[7, 8, 8, 5, 8, 8, 6, 3, 7]","[1, 1, 1, 1, 2, 1, 2, 2, 2]","['A2JP9IKRHNLRPI', 'A1T79J0XQXDDGC', 'A27SMEOPKV84VI', 'ALQPGVQZEZSUE', 'AKZ8SFOAI4RZN', 'A2AG45K4ULNBHF', 'AW4AHMQ7EN4QI', 'A124E03UMDZAA9', 'self_report_03']"
04_DR-100_0082_5_sentence_1.wav,"[2, 3, 4, 3, 3, 6, 5, 3, 4]","[4, 3, 3, 4, 6, 5, 4, 5, 5]","['AKZ8SFOAI4RZN', 'A365SN61J4UNGR', 'A2JP9IKRHNLRPI', 'A10GZ0SWBZIRBK', 'A1PUHCEBSOWETV', 'A2NBVTY6FLBEAF', 'A124E03UMDZAA9', 'A2AAY4VT9L71SY', 'self_report_04']"
10_DR-100_0096_3_sentence_5.wav,"[2, 2, 1, 5, 4, 4, 2, 2, 5]","[2, 3, 3, 3, 7, 6, 7, 5, 5]","['A365SN61J4UNGR', 'A1T79J0XQXDDGC', 'A10GZ0SWBZIRBK', 'A2JP9IKRHNLRPI', 'A2AAY4VT9L71SY', 'A27SMEOPKV84VI', 'AKZ8SFOAI4RZN', 'A1FHS282JP487T', 'self_report_10']"
09_DR-100_0100_1_sentence_4.wav,"[1, 1, 2, 2, 6, 3, 4, 4, 5]","[4, 4, 4, 4, 3, 3, 6, 5, 4]","['A1T79J0XQXDDGC', 'AKZ8SFOAI4RZN', 'A2B6WQG0A9CKXQ', 'A2AAY4VT9L71SY', 'A2NBVTY6FLBEAF', 'A2JP9IKRHNLRPI', 'A1PUHCEBSOWETV', 'A124E03UMDZAA9', 'self_report_09']"
05_DR-100_0098_5_sentence_9.wav,"[3, 1, 2, 3, 4, 4, 7, 1, 8]","[5, 5, 6, 7, 6, 5, 6, 5, 8]","['A365SN61J4UNGR', 'A1NIO3JNX5QTN8', 'A2TBXASXZIRNNW', 'A1PUHCEBSOWETV', 'A2AG45K4ULNBHF', 'A2B6WQG0A9CKXQ', 'A124E03UMDZAA9', 'A2F48NO7AD9VKK', 'self_report_05']"
09_DR-100_0100_1_sentence_7.wav,"[2, 1, 2, 4, 3, 3, 2, 1, 5]","[4, 4, 2, 5, 4, 3, 4, 4, 4]","['A1FP3SH704X01V', 'A1NIO3JNX5QTN8', 'A365SN61J4UNGR', 'A2JP9IKRHNLRPI', 'A2NBVTY6FLBEAF', 'AW4AHMQ7EN4QI', 'A2AAY4VT9L71SY', 'A2F48NO7AD9VKK', 'self_report_09']"
07_DR-100_0092_5_sentence_2.wav,"[5, 4, 7, 3, 2, 6, 7, 3, 4]","[6, 7, 6, 6, 8, 4, 8, 6, 7]","['A124E03UMDZAA9', 'A1PUHCEBSOWETV', 'A2B6WQG0A9CKXQ', 'A2AAY4VT9L71SY', 'AKZ8SFOAI4RZN', 'A2TBXASXZIRNNW', 'A1ET2J1PIP0RGO', 'A2AG45K4ULNBHF', 'self_report_07']"
06_DR-100_0093_5_sentence_4.wav,"[2, 5, 2, 1, 2, 3, 3, 6, 6]","[8, 7, 5, 5, 6, 6, 6, 5, 6]","['A10GZ0SWBZIRBK', 'A2JP9IKRHNLRPI', 'A1FP3SH704X01V', 'A2EOOF9D135HQ1', 'A394S7JSNUA3TS', 'A2F48NO7AD9VKK', 'ARVXIBUCA8WDZ', 'A27SMEOPKV84VI', 'self_report_06']"
03_DR-100_0099_9_sentence_3.wav,"[7, 7, 4, 8, 4, 2, 5, 9, 2]","[1, 1, 2, 4, 1, 3, 3, 1, 2]","['A1T79J0XQXDDGC', 'A2JP9IKRHNLRPI', 'A1PUHCEBSOWETV', 'A2B6WQG0A9CKXQ', 'A394S7JSNUA3TS', 'A124E03UMDZAA9', 'A1FP3SH704X01V', 'A2AAY4VT9L71SY', 'self_report_03']"
07_DR-100_0092_3_sentence_8.wav,"[2, 2, 3, 2, 4, 3, 7, 4, 4]","[6, 8, 7, 7, 8, 8, 6, 7, 6]","['A3KCUB6P3IE8NL', 'A1T79J0XQXDDGC', 'AKZ8SFOAI4RZN', 'AHZPOM46IUJ2N', 'A2B6WQG0A9CKXQ', 'A394S7JSNUA3TS', 'A2TBXASXZIRNNW', 'A2AG45K4ULNBHF', 'self_report_07']"
06_DR-100_0093_1_sentence_4.wav,"[5, 1, 3, 4, 6, 3, 3, 2, 6]","[5, 5, 6, 5, 6, 6, 7, 5, 7]","['A2JP9IKRHNLRPI', 'A1NIO3JNX5QTN8', 'A2AAY4VT9L71SY', 'A2B6WQG0A9CKXQ', 'A124E03UMDZAA9', 'A2FFNO6G4FEE2N', 'AKZ8SFOAI4RZN', 'A394S7JSNUA3TS', 'self_report_06']"
07_DR-100_0092_1_sentence_8.wav,"[2, 1, 4, 1, 2, 4, 4, 1, 6]","[5, 5, 5, 6, 6, 7, 7, 5, 6]","['A365SN61J4UNGR', 'A10GZ0SWBZIRBK', 'A2JP9IKRHNLRPI', 'A1NIO3JNX5QTN8', 'AKZ8SFOAI4RZN', 'A1ET2J1PIP0RGO', 'A1PUHCEBSOWETV', 'A1FHS282JP487T', 'self_report_07']"
10_DR-100_0096_7_sentence_3.wav,"[2, 3, 4, 1, 4, 4, 3, 1, 5]","[7, 3, 7, 8, 7, 7, 8, 5, 4]","['AKZ8SFOAI4RZN', 'A1FP3SH704X01V', 'ALQPGVQZEZSUE', 'A10GZ0SWBZIRBK', 'A1PUHCEBSOWETV', 'A124E03UMDZAA9', 'A2AG45K4ULNBHF', 'A1T79J0XQXDDGC', 'self_report_10']"
08_DR-100_0090_1_sentence_7.wav,"[2, 3, 4, 6, 8, 4, 2, 3, 4]","[6, 7, 7, 5, 8, 6, 6, 8, 5]","['A1PUHCEBSOWETV', 'A365SN61J4UNGR', 'A2NBVTY6FLBEAF', 'A27SMEOPKV84VI', 'A2TBXASXZIRNNW', 'A1ET2J1PIP0RGO', 'A1T79J0XQXDDGC', 'A2AAY4VT9L71SY', 'self_report_08']"
08_DR-100_0090_5_sentence_4.wav,"[3, 3, 3, 2, 4, 5, 1, 3, 5]","[7, 7, 6, 6, 6, 6, 8, 8, 5]","['ALQPGVQZEZSUE', 'A365SN61J4UNGR', 'A2NBVTY6FLBEAF', 'A1FP3SH704X01V', 'A2JP9IKRHNLRPI', 'A124E03UMDZAA9', 'A1T79J0XQXDDGC', 'A2AAY4VT9L71SY', 'self_report_08']"
06_DR-100_0093_3_sentence_7.wav,"[2, 5, 5, 2, 5, 2, 5, 5, 5]","[6, 7, 7, 5, 6, 8, 7, 7, 8]","['A365SN61J4UNGR', 'A1PUHCEBSOWETV', 'A27SMEOPKV84VI', 'A1FP3SH704X01V', 'A2JP9IKRHNLRPI', 'A2B6WQG0A9CKXQ', 'A1ET2J1PIP0RGO', 'A2AAY4VT9L71SY', 'self_report_06']"
04_DR-100_0082_3_sentence_7.wav,"[4, 4, 4, 7, 2, 4, 2, 4, 4]","[3, 8, 6, 3, 5, 6, 8, 7, 5]","['A27SMEOPKV84VI', 'A1PUHCEBSOWETV', 'A10GZ0SWBZIRBK', 'A2TBXASXZIRNNW', 'A1FHS282JP487T', 'A2JP9IKRHNLRPI', 'A1T79J0XQXDDGC', 'A394S7JSNUA3TS', 'self_report_04']"
07_DR-100_0092_5_sentence_4.wav,"[4, 3, 7, 7, 6, 3, 5, 6, 4]","[4, 4, 3, 2, 4, 6, 4, 4, 7]","['AKZ8SFOAI4RZN', 'A1FP3SH704X01V', 'A27SMEOPKV84VI', 'A2AG45K4ULNBHF', 'A2B6WQG0A9CKXQ', 'A1FHS282JP487T', 'A2JP9IKRHNLRPI', 'A124E03UMDZAA9', 'self_report_07']"
07_DR-100_0092_7_sentence_3.wav,"[6, 5, 1, 4, 8, 7, 3, 5, 4]","[5, 5, 5, 5, 4, 7, 4, 7, 6]","['ALQPGVQZEZSUE', 'A10GZ0SWBZIRBK', 'A1PUHCEBSOWETV', 'A1ET2J1PIP0RGO', 'A27SMEOPKV84VI', 'A124E03UMDZAA9', 'A2F48NO7AD9VKK', 'ARVXIBUCA8WDZ', 'self_report_07']"
03_DR-100_0099_9_sentence_9.wav,"[6, 5, 1, 3, 5, 7, 2, 5, 2]","[1, 1, 1, 2, 1, 3, 1, 3, 2]","['A1PUHCEBSOWETV', 'A1NIO3JNX5QTN8', 'A2B6WQG0A9CKXQ', 'A1T79J0XQXDDGC', 'A2AAY4VT9L71SY', 'A2NBVTY6FLBEAF', 'A27SMEOPKV84VI', 'A124E03UMDZAA9', 'self_report_03']"
05_DR-100_0098_5_sentence_7.wav,"[7, 5, 3, 3, 2, 2, 7, 5, 8]","[5, 5, 7, 5, 5, 5, 3, 7, 8]","['A27SMEOPKV84VI', 'A124E03UMDZAA9', 'A1T79J0XQXDDGC', 'A2NBVTY6FLBEAF', 'AHZPOM46IUJ2N', 'ADLYO655RWJUI', 'A2TBXASXZIRNNW', 'A2FFNO6G4FEE2N', 'self_report_05']"
07_DR-100_0092_7_sentence_6.wav,"[3, 6, 3, 2, 5, 1, 5, 5, 4]","[6, 5, 4, 5, 5, 4, 4, 5, 6]","['A124E03UMDZAA9', 'A2NBVTY6FLBEAF', 'A2AAY4VT9L71SY', 'A1T79J0XQXDDGC', 'A2B6WQG0A9CKXQ', 'A2F48NO7AD9VKK', 'A1PUHCEBSOWETV', 'A27SMEOPKV84VI', 'self_report_07']"
09_DR-100_0100_9_sentence_2.wav,"[1, 3, 1, 4, 3, 3, 7, 2, 4]","[5, 3, 6, 5, 5, 6, 4, 4, 6]","['A1T79J0XQXDDGC', 'A2B6WQG0A9CKXQ', 'AKZ8SFOAI4RZN', 'A2JP9IKRHNLRPI', 'A27SMEOPKV84VI', 'A1PUHCEBSOWETV', 'A2TBXASXZIRNNW', 'A2FFNO6G4FEE2N', 'self_report_09']"
09_DR-100_0100_7_sentence_2.wav,"[1, 2, 2, 3, 4, 4, 6, 3, 3]","[4, 5, 4, 3, 3, 5, 4, 4, 6]","['A3KCUB6P3IE8NL', 'A1T79J0XQXDDGC', 'A2AAY4VT9L71SY', 'A27SMEOPKV84VI', 'A2JP9IKRHNLRPI', 'A124E03UMDZAA9', 'A2TBXASXZIRNNW', 'A1FP3SH704X01V', 'self_report_09']"
09_DR-100_0100_5_sentence_3.wav,"[1, 2, 2, 3, 3, 2, 1, 1, 6]","[4, 3, 2, 5, 3, 5, 3, 5, 5]","['A1T79J0XQXDDGC', 'A27SMEOPKV84VI', 'A365SN61J4UNGR', 'ALQPGVQZEZSUE', 'A1PUHCEBSOWETV', 'AKZ8SFOAI4RZN', 'A10GZ0SWBZIRBK', 'A1FP3SH704X01V', 'self_report_09']"
03_DR-100_0099_7_sentence_4.wav,"[4, 7, 7, 6, 6, 7, 5, 6, 4]","[6, 5, 5, 2, 5, 3, 4, 2, 4]","['A1PUHCEBSOWETV', 'A2B6WQG0A9CKXQ', 'A2AG45K4ULNBHF', 'A2JP9IKRHNLRPI', 'A27SMEOPKV84VI', 'A124E03UMDZAA9', 'A394S7JSNUA3TS', 'A1ET2J1PIP0RGO', 'self_report_03']"
04_DR-100_0082_1_sentence_6.wav,"[2, 1, 4, 4, 1, 3, 3, 1, 4]","[5, 5, 5, 6, 7, 5, 6, 5, 5]","['A3KCUB6P3IE8NL', 'A1NIO3JNX5QTN8', 'A2JP9IKRHNLRPI', 'A124E03UMDZAA9', 'A1T79J0XQXDDGC', 'A2B6WQG0A9CKXQ', 'A1PUHCEBSOWETV', 'A394S7JSNUA3TS', 'self_report_04']"
10_DR-100_0096_7_sentence_5.wav,"[4, 3, 4, 3, 2, 1, 4, 3, 5]","[4, 4, 4, 4, 3, 4, 4, 3, 4]","['A2JP9IKRHNLRPI', 'A3KCUB6P3IE8NL', 'ALQPGVQZEZSUE', 'AKZ8SFOAI4RZN', 'A10GZ0SWBZIRBK', 'A2FFNO6G4FEE2N', 'A2B6WQG0A9CKXQ', 'A2AAY4VT9L71SY', 'self_report_10']"
07_DR-100_0092_3_sentence_7.wav,"[1, 3, 2, 2, 5, 3, 4, 1, 4]","[6, 6, 6, 6, 6, 4, 5, 4, 6]","['A1T79J0XQXDDGC', 'A1PUHCEBSOWETV', 'A1VC6F0FYG1L5I', 'A1ET2J1PIP0RGO', 'A27SMEOPKV84VI', 'AW4AHMQ7EN4QI', 'A124E03UMDZAA9', 'ARVXIBUCA8WDZ', 'self_report_07']"
03_DR-100_0099_1_sentence_2.wav,"[5, 4, 4, 7, 6, 7, 6, 6, 4]","[2, 2, 2, 2, 2, 3, 2, 4, 3]","['ALQPGVQZEZSUE', 'A10GZ0SWBZIRBK', 'A1PUHCEBSOWETV', 'A2NBVTY6FLBEAF', 'A2B6WQG0A9CKXQ', 'A27SMEOPKV84VI', 'A1T79J0XQXDDGC', 'A1ET2J1PIP0RGO', 'self_report_03']"
05_DR-100_0098_9_sentence_3.wav,"[5, 1, 3, 3, 2, 4, 2, 3, 3]","[5, 5, 6, 5, 6, 4, 5, 6, 5]","['A2JP9IKRHNLRPI', 'A1FP3SH704X01V', 'A1PUHCEBSOWETV', 'A2AAY4VT9L71SY', 'A1FHS282JP487T', 'A124E03UMDZAA9', 'A394S7JSNUA3TS', 'A1ET2J1PIP0RGO', 'self_report_05']"
08_DR-100_0090_1_sentence_4.wav,"[3, 1, 7, 5, 3, 6, 6, 3, 4]","[5, 7, 6, 5, 6, 6, 3, 7, 5]","['ALQPGVQZEZSUE', 'A1T79J0XQXDDGC', 'A27SMEOPKV84VI', 'A2JP9IKRHNLRPI', 'A1PUHCEBSOWETV', 'A2TBXASXZIRNNW', 'A1ET2J1PIP0RGO', 'A394S7JSNUA3TS', 'self_report_08']"
07_DR-100_0092_7_sentence_1.wav,"[8, 4, 3, 3, 1, 5, 2, 1, 4]","[5, 7, 4, 5, 5, 5, 5, 4, 6]","['A27SMEOPKV84VI', 'A1PUHCEBSOWETV', 'ADLYO655RWJUI', 'A1FHS282JP487T', 'A1T79J0XQXDDGC', 'A2JP9IKRHNLRPI', 'A1FP3SH704X01V', 'A394S7JSNUA3TS', 'self_report_07']"
08_DR-100_0090_3_sentence_1.wav,"[6, 6, 3, 4, 4, 7, 4, 3, 5]","[1, 5, 4, 7, 3, 8, 2, 6, 6]","['A2NBVTY6FLBEAF', 'A27SMEOPKV84VI', 'A365SN61J4UNGR', 'A1PUHCEBSOWETV', 'AW4AHMQ7EN4QI', 'A2TBXASXZIRNNW', 'A2AG45K4ULNBHF', 'A1FHS282JP487T', 'self_report_08']"
07_DR-100_0092_9_sentence_2.wav,"[1, 5, 7, 2, 2, 2, 6, 1, 4]","[4, 4, 4, 5, 3, 5, 4, 4, 6]","['A1T79J0XQXDDGC', 'A2B6WQG0A9CKXQ', 'A27SMEOPKV84VI', 'AKZ8SFOAI4RZN', 'A2AAY4VT9L71SY', 'A1PUHCEBSOWETV', 'A2TBXASXZIRNNW', 'A394S7JSNUA3TS', 'self_report_07']"
09_DR-100_0100_5_sentence_4.wav,"[2, 6, 3, 2, 6, 3, 1, 2, 6]","[3, 3, 4, 4, 4, 4, 5, 4, 5]","['A365SN61J4UNGR', 'A2TBXASXZIRNNW', 'A1PUHCEBSOWETV', 'A2NBVTY6FLBEAF', 'A1ET2J1PIP0RGO', 'A27SMEOPKV84VI', 'A1FHS282JP487T', 'ARVXIBUCA8WDZ', 'self_report_09']"
03_DR-100_0099_9_sentence_1.wav,"[8, 9, 4, 3, 6, 7, 3, 4, 2]","[1, 2, 6, 4, 4, 1, 4, 2, 2]","['A2JP9IKRHNLRPI', 'A27SMEOPKV84VI', 'A2NBVTY6FLBEAF', 'A124E03UMDZAA9', 'A1T79J0XQXDDGC', 'A1PUHCEBSOWETV', 'A2F48NO7AD9VKK', 'ARVXIBUCA8WDZ', 'self_report_03']"
08_DR-100_0090_5_sentence_1.wav,"[3, 5, 4, 2, 5, 4, 3, 2, 5]","[7, 7, 7, 7, 6, 7, 6, 9, 5]","['A2B6WQG0A9CKXQ', 'A2AG45K4ULNBHF', 'A1PUHCEBSOWETV', 'A2TBXASXZIRNNW', 'AW4AHMQ7EN4QI', 'A2F48NO7AD9VKK', 'ARVXIBUCA8WDZ', 'A1T79J0XQXDDGC', 'self_report_08']"
10_DR-100_0096_1_sentence_2.wav,"[1, 2, 4, 3, 2, 4, 6, 3, 6]","[5, 4, 3, 4, 3, 3, 2, 3, 6]","['A1PUHCEBSOWETV', 'A3KCUB6P3IE8NL', 'A2B6WQG0A9CKXQ', 'A124E03UMDZAA9', 'A27SMEOPKV84VI', 'A2JP9IKRHNLRPI', 'A2AG45K4ULNBHF', 'AW4AHMQ7EN4QI', 'self_report_10']"
07_DR-100_0092_1_sentence_6.wav,"[4, 6, 4, 1, 4, 3, 1, 1, 6]","[5, 4, 4, 5, 5, 4, 6, 5, 6]","['A124E03UMDZAA9', 'A2NBVTY6FLBEAF', 'A2AAY4VT9L71SY', 'AKZ8SFOAI4RZN', 'A1ET2J1PIP0RGO', 'ARVXIBUCA8WDZ', 'A1T79J0XQXDDGC', 'A1FP3SH704X01V', 'self_report_07']"
06_DR-100_0093_1_sentence_7.wav,"[2, 5, 3, 5, 4, 6, 6, 5, 6]","[5, 7, 6, 7, 7, 7, 8, 4, 7]","['A365SN61J4UNGR', 'A1T79J0XQXDDGC', 'A1NIO3JNX5QTN8', 'A2TBXASXZIRNNW', 'A2FFNO6G4FEE2N', 'A2NBVTY6FLBEAF', 'A2B6WQG0A9CKXQ', 'A124E03UMDZAA9', 'self_report_06']"
08_DR-100_0090_3_sentence_5.wav,"[2, 3, 5, 2, 4, 1, 3, 7, 5]","[8, 3, 8, 4, 8, 6, 8, 6, 6]","['A1T79J0XQXDDGC', 'A1PUHCEBSOWETV', 'A2JP9IKRHNLRPI', 'A1FP3SH704X01V', 'A2B6WQG0A9CKXQ', 'A1NIO3JNX5QTN8', 'A2AAY4VT9L71SY', 'A27SMEOPKV84VI', 'self_report_08']"
09_DR-100_0100_3_sentence_4.wav,"[1, 4, 4, 1, 3, 6, 2, 1, 5]","[4, 4, 3, 4, 4, 6, 4, 5, 4]","['A10GZ0SWBZIRBK', 'A2JP9IKRHNLRPI', 'A1PUHCEBSOWETV', 'A2B6WQG0A9CKXQ', 'A2TBXASXZIRNNW', 'A1ET2J1PIP0RGO', 'A394S7JSNUA3TS', 'A1T79J0XQXDDGC', 'self_report_09']"
05_DR-100_0098_1_sentence_5.wav,"[2, 4, 6, 6, 2, 5, 2, 3, 4]","[6, 6, 4, 3, 6, 6, 7, 6, 7]","['A365SN61J4UNGR', 'A124E03UMDZAA9', 'A27SMEOPKV84VI', 'A2TBXASXZIRNNW', 'A2F48NO7AD9VKK', 'A2B6WQG0A9CKXQ', 'A394S7JSNUA3TS', 'A1NIO3JNX5QTN8', 'self_report_05']"
06_DR-100_0093_5_sentence_1.wav,"[8, 4, 6, 6, 4, 5, 5, 3, 6]","[4, 7, 7, 7, 5, 8, 6, 7, 6]","['A27SMEOPKV84VI', 'A1PUHCEBSOWETV', 'A2JP9IKRHNLRPI', 'A2NBVTY6FLBEAF', 'A124E03UMDZAA9', 'A2B6WQG0A9CKXQ', 'A1ET2J1PIP0RGO', 'A1T79J0XQXDDGC', 'self_report_06']"
06_DR-100_0093_7_sentence_5.wav,"[3, 5, 1, 3, 6, 2, 6, 2, 7]","[3, 3, 4, 2, 6, 4, 5, 3, 4]","['A1PUHCEBSOWETV', 'A2JP9IKRHNLRPI', 'A1T79J0XQXDDGC', 'AKZ8SFOAI4RZN', 'A2NBVTY6FLBEAF', 'A1FP3SH704X01V', 'A124E03UMDZAA9', 'A394S7JSNUA3TS', 'self_report_06']"
09_DR-100_0100_9_sentence_1.wav,"[4, 2, 1, 3, 2, 4, 2, 3, 4]","[7, 8, 3, 6, 3, 4, 5, 5, 6]","['A1PUHCEBSOWETV', 'A2AG45K4ULNBHF', 'A1T79J0XQXDDGC', 'AKZ8SFOAI4RZN', 'A1FP3SH704X01V', 'A2JP9IKRHNLRPI', 'AW4AHMQ7EN4QI', 'A124E03UMDZAA9', 'self_report_09']"
03_DR-100_0099_3_sentence_4.wav,"[7, 8, 5, 4, 9, 8, 6, 5, 7]","[1, 2, 3, 6, 1, 1, 1, 4, 2]","['A2JP9IKRHNLRPI', 'A2AG45K4ULNBHF', 'A1FP3SH704X01V', 'A124E03UMDZAA9', 'A27SMEOPKV84VI', 'A2NBVTY6FLBEAF', 'A394S7JSNUA3TS', 'A2FFNO6G4FEE2N', 'self_report_03']"
08_DR-100_0090_5_sentence_8.wav,"[4, 6, 7, 3, 7, 3, 3, 3, 5]","[6, 7, 6, 8, 7, 8, 7, 8, 5]","['ALQPGVQZEZSUE', 'A2JP9IKRHNLRPI', 'A27SMEOPKV84VI', 'A365SN61J4UNGR', 'A2NBVTY6FLBEAF', 'A2B6WQG0A9CKXQ', 'A1ET2J1PIP0RGO', 'A2AAY4VT9L71SY', 'self_report_08']"
08_DR-100_0090_9_sentence_1.wav,"[3, 4, 4, 4, 4, 2, 4, 2, 5]","[5, 7, 8, 7, 7, 7, 7, 7, 6]","['A10GZ0SWBZIRBK', 'A365SN61J4UNGR', 'A27SMEOPKV84VI', 'A124E03UMDZAA9', 'A2FFNO6G4FEE2N', 'A2TBXASXZIRNNW', 'A1PUHCEBSOWETV', 'A1FHS282JP487T', 'self_report_08']"
06_DR-100_0093_9_sentence_4.wav,"[1, 6, 3, 6, 5, 6, 5, 1, 6]","[5, 6, 8, 7, 6, 7, 6, 6, 6]","['A1FP3SH704X01V', 'A2NBVTY6FLBEAF', 'A1T79J0XQXDDGC', 'A124E03UMDZAA9', 'A27SMEOPKV84VI', 'A2AAY4VT9L71SY', 'A2JP9IKRHNLRPI', 'A2F48NO7AD9VKK', 'self_report_06']"
08_DR-100_0090_7_sentence_4.wav,"[3, 4, 6, 4, 6, 1, 4, 3, 5]","[3, 6, 7, 4, 3, 4, 5, 7, 5]","['A2B6WQG0A9CKXQ', 'A2FFNO6G4FEE2N', 'A2NBVTY6FLBEAF', 'A2JP9IKRHNLRPI', 'A27SMEOPKV84VI', 'A1T79J0XQXDDGC', 'A124E03UMDZAA9', 'A1PUHCEBSOWETV', 'self_report_08']"
04_DR-100_0082_3_sentence_4.wav,"[2, 6, 1, 7, 4, 7, 6, 5, 4]","[6, 7, 7, 6, 9, 4, 8, 6, 5]","['A1NIO3JNX5QTN8', 'A2JP9IKRHNLRPI', 'AKZ8SFOAI4RZN', 'A27SMEOPKV84VI', 'A2B6WQG0A9CKXQ', 'A2TBXASXZIRNNW', 'A1ET2J1PIP0RGO', 'A124E03UMDZAA9', 'self_report_04']"
10_DR-100_0096_9_sentence_4.wav,"[4, 2, 5, 5, 3, 3, 3, 2, 7]","[4, 4, 2, 4, 4, 6, 5, 5, 4]","['A2JP9IKRHNLRPI', 'A1FP3SH704X01V', 'A2NBVTY6FLBEAF', 'A27SMEOPKV84VI', 'A124E03UMDZAA9', 'A1PUHCEBSOWETV', 'A2FFNO6G4FEE2N', 'A1FHS282JP487T', 'self_report_10']"
07_DR-100_0092_9_sentence_4.wav,"[4, 5, 2, 2, 3, 6, 1, 2, 4]","[4, 6, 4, 3, 4, 3, 4, 4, 6]","['A2JP9IKRHNLRPI', 'A124E03UMDZAA9', 'A1PUHCEBSOWETV', 'A10GZ0SWBZIRBK', 'A1FP3SH704X01V', 'A2NBVTY6FLBEAF', 'A394S7JSNUA3TS', 'A1NIO3JNX5QTN8', 'self_report_07']"
05_DR-100_0098_5_sentence_1.wav,"[4, 5, 3, 1, 1, 2, 4, 1, 8]","[5, 5, 6, 5, 5, 5, 5, 5, 8]","['A27SMEOPKV84VI', 'A2B6WQG0A9CKXQ', 'A1PUHCEBSOWETV', 'A1T79J0XQXDDGC', 'A2AG45K4ULNBHF', 'A2FFNO6G4FEE2N', 'A2JP9IKRHNLRPI', 'A394S7JSNUA3TS', 'self_report_05']"
05_DR-100_0098_3_sentence_6.wav,"[1, 4, 4, 4, 2, 2, 7, 1, 7]","[7, 7, 6, 8, 6, 6, 3, 6, 8]","['AKZ8SFOAI4RZN', 'A1PUHCEBSOWETV', 'A2JP9IKRHNLRPI', 'A2AAY4VT9L71SY', 'A1T79J0XQXDDGC', 'A1FP3SH704X01V', 'A2TBXASXZIRNNW', 'A2F48NO7AD9VKK', 'self_report_05']"
03_DR-100_0099_7_sentence_6.wav,"[6, 3, 8, 2, 7, 2, 6, 4, 4]","[6, 6, 6, 5, 5, 8, 6, 6, 4]","['A2NBVTY6FLBEAF', 'A1PUHCEBSOWETV', 'A2AAY4VT9L71SY', 'A1FP3SH704X01V', 'A27SMEOPKV84VI', 'A2FFNO6G4FEE2N', 'A2JP9IKRHNLRPI', 'ADLYO655RWJUI', 'self_report_03']"
07_DR-100_0092_1_sentence_3.wav,"[1, 3, 4, 6, 8, 5, 3, 2, 6]","[5, 6, 6, 6, 4, 6, 6, 6, 6]","['A1FP3SH704X01V', 'A1PUHCEBSOWETV', 'A2JP9IKRHNLRPI', 'A2NBVTY6FLBEAF', 'A2TBXASXZIRNNW', 'A124E03UMDZAA9', 'A2FFNO6G4FEE2N', 'A1FHS282JP487T', 'self_report_07']"
10_DR-100_0096_9_sentence_3.wav,"[2, 2, 5, 3, 2, 2, 3, 4, 7]","[5, 4, 4, 5, 5, 6, 5, 5, 4]","['A365SN61J4UNGR', 'A1FP3SH704X01V', 'A124E03UMDZAA9', 'ALQPGVQZEZSUE', 'A2NBVTY6FLBEAF', 'AKZ8SFOAI4RZN', 'A27SMEOPKV84VI', 'A2JP9IKRHNLRPI', 'self_report_10']"
10_DR-100_0096_3_sentence_1.wav,"[2, 4, 4, 2, 3, 1, 4, 2, 5]","[6, 6, 6, 7, 8, 6, 8, 8, 5]","['A3KCUB6P3IE8NL', 'A2JP9IKRHNLRPI', 'A124E03UMDZAA9', 'A2TBXASXZIRNNW', 'A27SMEOPKV84VI', 'A2FFNO6G4FEE2N', 'A1PUHCEBSOWETV', 'A2AG45K4ULNBHF', 'self_report_10']"
06_DR-100_0093_5_sentence_6.wav,"[3, 4, 4, 6, 2, 5, 4, 2, 6]","[4, 3, 3, 5, 2, 4, 4, 4, 6]","['AKZ8SFOAI4RZN', 'ALQPGVQZEZSUE', 'A1PUHCEBSOWETV', 'A27SMEOPKV84VI', 'A365SN61J4UNGR', 'A2B6WQG0A9CKXQ', 'A124E03UMDZAA9', 'A2AG45K4ULNBHF', 'self_report_06']"
04_DR-100_0082_7_sentence_2.wav,"[2, 2, 3, 3, 2, 5, 3, 4, 4]","[4, 5, 5, 5, 3, 5, 4, 5, 5]","['A3KCUB6P3IE8NL', 'A365SN61J4UNGR', 'A1T79J0XQXDDGC', 'A1PUHCEBSOWETV', 'A2NBVTY6FLBEAF', 'A2JP9IKRHNLRPI', 'A2FFNO6G4FEE2N', 'A124E03UMDZAA9', 'self_report_04']"
10_DR-100_0096_5_sentence_6.wav,"[3, 1, 1, 4, 5, 2, 3, 5, 6]","[4, 6, 5, 4, 5, 5, 4, 5, 5]","['A124E03UMDZAA9', 'A2FFNO6G4FEE2N', 'A1T79J0XQXDDGC', 'A2AAY4VT9L71SY', 'A2B6WQG0A9CKXQ', 'AKZ8SFOAI4RZN', 'A1PUHCEBSOWETV', 'A27SMEOPKV84VI', 'self_report_10']"
09_DR-100_0100_5_sentence_2.wav,"[1, 4, 3, 2, 3, 1, 2, 2, 6]","[4, 4, 4, 4, 4, 4, 4, 4, 5]","['AKZ8SFOAI4RZN', 'A2JP9IKRHNLRPI', 'ALQPGVQZEZSUE', 'A1FP3SH704X01V', 'A27SMEOPKV84VI', 'A1T79J0XQXDDGC', 'A2NBVTY6FLBEAF', 'ADLYO655RWJUI', 'self_report_09']"
03_DR-100_0099_7_sentence_5.wav,"[7, 6, 3, 8, 8, 8, 4, 5, 4]","[5, 5, 5, 5, 8, 5, 5, 4, 4]","['A2B6WQG0A9CKXQ', 'A2JP9IKRHNLRPI', 'A365SN61J4UNGR', 'A27SMEOPKV84VI', 'A2TBXASXZIRNNW', 'A2AAY4VT9L71SY', 'ARVXIBUCA8WDZ', 'A1NIO3JNX5QTN8', 'self_report_03']"
07_DR-100_0092_5_sentence_12.wav,"[2, 3, 3, 7, 4, 1, 7, 2, 4]","[7, 6, 3, 6, 5, 5, 4, 5, 7]","['A2AAY4VT9L71SY', 'A1PUHCEBSOWETV', 'A2TBXASXZIRNNW', 'A2B6WQG0A9CKXQ', 'A2JP9IKRHNLRPI', 'A1FP3SH704X01V', 'A27SMEOPKV84VI', 'A2FFNO6G4FEE2N', 'self_report_07']"
03_DR-100_0099_1_sentence_6.wav,"[6, 8, 7, 6, 4, 5, 3, 4, 4]","[4, 2, 3, 4, 4, 5, 4, 7, 3]","['A2JP9IKRHNLRPI', 'A27SMEOPKV84VI', 'A2B6WQG0A9CKXQ', 'A124E03UMDZAA9', 'A1FP3SH704X01V', 'A2F48NO7AD9VKK', 'AKZ8SFOAI4RZN', 'A1T79J0XQXDDGC', 'self_report_03']"
14_DR-100_0088_7_sentence_3.wav,"[4, 5, 2, 6, 4, 1, 5, 5, 5]","[6, 6, 6, 4, 6, 5, 4, 4, 5]","['A1PUHCEBSOWETV', 'A2JP9IKRHNLRPI', 'A1FHS282JP487T', 'A2B8HPIZDKYKDR', 'ARVXIBUCA8WDZ', 'A20ALQT1HIVSAH', 'A2MUCL20GTQJA0', 'ALQPGVQZEZSUE', 'self_report_14']"
14_DR-100_0088_5_sentence_6.wav,"[3, 2, 4, 3, 2, 4, 2, 3, 4]","[5, 5, 5, 6, 5, 5, 5, 5, 5]","['A2NBVTY6FLBEAF', 'A1FP3SH704X01V', 'A3UWM3KJYEL5XU', 'A1PUHCEBSOWETV', 'A1FHS282JP487T', 'ALQPGVQZEZSUE', 'A20ALQT1HIVSAH', 'A2I3Y0L38HMQLZ', 'self_report_14']"
13_DR-100_0098_1_sentence_5.wav,"[2, 5, 6, 5, 3, 2, 4, 1, 4]","[6, 6, 4, 6, 6, 7, 6, 6, 6]","['A2FFNO6G4FEE2N', 'A27SMEOPKV84VI', 'A2TBXASXZIRNNW', 'A2JP9IKRHNLRPI', 'A1PUHCEBSOWETV', 'A2MUCL20GTQJA0', 'A3UWM3KJYEL5XU', 'A2F48NO7AD9VKK', 'self_report_13']"
14_DR-100_0088_5_sentence_7.wav,"[5, 3, 6, 7, 6, 5, 2, 2, 4]","[5, 6, 6, 4, 6, 6, 5, 7, 5]","['A27SMEOPKV84VI', 'A1PUHCEBSOWETV', 'A2NBVTY6FLBEAF', 'A2TBXASXZIRNNW', 'ALQPGVQZEZSUE', 'ARVXIBUCA8WDZ', 'A3TWYQENN82FJI', 'A2F48NO7AD9VKK', 'self_report_14']"
14_DR-100_0088_5_sentence_1.wav,"[3, 1, 4, 6, 3, 2, 3, 1, 4]","[6, 5, 5, 5, 5, 5, 5, 5, 5]","['A1PUHCEBSOWETV', 'A1FP3SH704X01V', 'A27SMEOPKV84VI', 'A2TBXASXZIRNNW', 'ARVXIBUCA8WDZ', 'A1FHS282JP487T', 'A2I3Y0L38HMQLZ', 'A2F48NO7AD9VKK', 'self_report_14']"
12_DR-100_0086_5_sentence_6.wav,"[1, 6, 2, 3, 1, 3, 3, 3, 6]","[5, 3, 5, 6, 5, 4, 4, 4, 4]","['A20ALQT1HIVSAH', 'A3UWM3KJYEL5XU', 'A1FP3SH704X01V', 'A1PUHCEBSOWETV', 'A2F48NO7AD9VKK', 'ARVXIBUCA8WDZ', 'A1ET2J1PIP0RGO', 'A2B8HPIZDKYKDR', 'self_report_12']"
14_DR-100_0088_7_sentence_6.wav,"[6, 8, 2, 3, 5, 5, 3, 1, 5]","[6, 4, 5, 6, 4, 6, 5, 5, 5]","['A2NBVTY6FLBEAF', 'A2TBXASXZIRNNW', 'A20ALQT1HIVSAH', 'A1PUHCEBSOWETV', 'A2B8HPIZDKYKDR', 'A2MUCL20GTQJA0', 'A3TWYQENN82FJI', 'A2FFNO6G4FEE2N', 'self_report_14']"
11_DR-100_0093_7_sentence_7.wav,"[3, 3, 3, 8, 2, 7, 5, 5, 7]","[4, 4, 6, 4, 5, 3, 4, 4, 4]","['A2FFNO6G4FEE2N', 'AEO84PDSWW0W', 'A1PUHCEBSOWETV', 'A2TBXASXZIRNNW', 'A20ALQT1HIVSAH', 'A3UWM3KJYEL5XU', 'ARVXIBUCA8WDZ', 'A2B6WQG0A9CKXQ', 'self_report_11']"
14_DR-100_0088_9_sentence_9.wav,"[2, 3, 5, 5, 7, 2, 3, 6, 5]","[6, 6, 4, 5, 5, 7, 3, 4, 5]","['A1FP3SH704X01V', 'A1PUHCEBSOWETV', 'A2TBXASXZIRNNW', 'ALQPGVQZEZSUE', 'A27SMEOPKV84VI', 'A2FFNO6G4FEE2N', 'A1ET2J1PIP0RGO', 'A2B8HPIZDKYKDR', 'self_report_14']"
11_DR-100_0093_3_sentence_9.wav,"[3, 2, 2, 1, 4, 6, 1, 2, 6]","[6, 6, 7, 6, 7, 8, 7, 5, 4]","['A1PUHCEBSOWETV', 'A1FP3SH704X01V', 'A20ALQT1HIVSAH', 'A2FFNO6G4FEE2N', 'ALQPGVQZEZSUE', 'A3UWM3KJYEL5XU', 'A3TWYQENN82FJI', 'A2T007HZK66WM', 'self_report_11']"
12_DR-100_0086_3_sentence_4.wav,"[4, 2, 5, 3, 4, 2, 2, 2, 6]","[4, 6, 3, 3, 4, 5, 4, 5, 6]","['A27SMEOPKV84VI', 'A1PUHCEBSOWETV', 'A2TBXASXZIRNNW', 'AEO84PDSWW0W', 'A3UWM3KJYEL5XU', 'A1FHS282JP487T', 'A3TWYQENN82FJI', 'A2B6WQG0A9CKXQ', 'self_report_12']"
13_DR-100_0098_1_sentence_2.wav,"[1, 3, 3, 2, 2, 6, 5, 2, 4]","[6, 4, 6, 5, 6, 6, 7, 6, 6]","['A1FP3SH704X01V', 'A27SMEOPKV84VI', 'ALQPGVQZEZSUE', 'ARVXIBUCA8WDZ', 'A20ALQT1HIVSAH', 'A2JP9IKRHNLRPI', 'A3UWM3KJYEL5XU', 'A1FHS282JP487T', 'self_report_13']"
12_DR-100_0086_9_sentence_6.wav,"[4, 4, 2, 4, 6, 2, 4, 3, 6]","[6, 7, 5, 2, 3, 6, 5, 5, 7]","['ALQPGVQZEZSUE', 'A1PUHCEBSOWETV', 'A1FP3SH704X01V', 'A1ET2J1PIP0RGO', 'A2MUCL20GTQJA0', 'A20ALQT1HIVSAH', 'A2F48NO7AD9VKK', 'A3TWYQENN82FJI', 'self_report_12']"
11_DR-100_0093_7_sentence_4.wav,"[3, 5, 6, 3, 8, 4, 6, 6, 7]","[6, 4, 6, 6, 6, 5, 6, 3, 4]","['A1FP3SH704X01V', 'ALQPGVQZEZSUE', 'A2JP9IKRHNLRPI', 'A1PUHCEBSOWETV', 'A3UWM3KJYEL5XU', 'A2NBVTY6FLBEAF', 'A2B8HPIZDKYKDR', 'A2TBXASXZIRNNW', 'self_report_11']"
14_DR-100_0088_3_sentence_11.wav,"[3, 5, 2, 2, 2, 5, 2, 2, 6]","[7, 6, 8, 6, 6, 6, 6, 6, 5]","['A1PUHCEBSOWETV', 'A2NBVTY6FLBEAF', 'A1Y0Y6U906ABT5', 'A2F48NO7AD9VKK', 'AEO84PDSWW0W', 'A27SMEOPKV84VI', 'A20ALQT1HIVSAH', 'A2B8HPIZDKYKDR', 'self_report_14']"
14_DR-100_0088_9_sentence_3.wav,"[4, 8, 3, 2, 4, 7, 2, 2, 5]","[6, 5, 6, 5, 6, 7, 6, 6, 5]","['A2FFNO6G4FEE2N', 'A2TBXASXZIRNNW', 'A1PUHCEBSOWETV', 'A1FHS282JP487T', 'ARVXIBUCA8WDZ', 'A3UWM3KJYEL5XU', 'A20ALQT1HIVSAH', 'A2F48NO7AD9VKK', 'self_report_14']"
11_DR-100_0093_1_sentence_5.wav,"[3, 5, 1, 6, 4, 3, 3, 6, 6]","[4, 3, 5, 4, 7, 5, 6, 6, 6]","['ARVXIBUCA8WDZ', 'A2TBXASXZIRNNW', 'A2F48NO7AD9VKK', 'A1ET2J1PIP0RGO', 'A1PUHCEBSOWETV', 'A1FHS282JP487T', 'AEO84PDSWW0W', 'A2FFNO6G4FEE2N', 'self_report_11']"
12_DR-100_0086_5_sentence_7.wav,"[3, 3, 2, 2, 3, 6, 5, 5, 6]","[4, 6, 5, 4, 4, 4, 3, 3, 4]","['ARVXIBUCA8WDZ', 'A1PUHCEBSOWETV', 'A1FHS282JP487T', 'A1FP3SH704X01V', 'A2FFNO6G4FEE2N', 'ALQPGVQZEZSUE', 'A2I3Y0L38HMQLZ', 'A2B8HPIZDKYKDR', 'self_report_12']"
11_DR-100_0093_9_sentence_1.wav,"[3, 7, 7, 5, 8, 7, 8, 3, 6]","[5, 3, 2, 4, 7, 3, 5, 7, 6]","['A1PUHCEBSOWETV', 'A2JP9IKRHNLRPI', 'A2B8HPIZDKYKDR', 'A2MUCL20GTQJA0', 'A3UWM3KJYEL5XU', 'A2TBXASXZIRNNW', 'A27SMEOPKV84VI', 'A2F48NO7AD9VKK', 'self_report_11']"
11_DR-100_0093_5_sentence_4.wav,"[3, 2, 5, 7, 7, 3, 5, 2, 7]","[6, 4, 4, 3, 3, 6, 4, 3, 6]","['A1PUHCEBSOWETV', 'A1FP3SH704X01V', 'A27SMEOPKV84VI', 'A2TBXASXZIRNNW', 'A2NBVTY6FLBEAF', 'A1FHS282JP487T', 'A2I3Y0L38HMQLZ', 'A2F48NO7AD9VKK', 'self_report_11']"
13_DR-100_0098_9_sentence_4.wav,"[3, 3, 2, 3, 4, 6, 4, 3, 7]","[6, 6, 6, 5, 6, 4, 7, 5, 4]","['A1PUHCEBSOWETV', 'A2NBVTY6FLBEAF', 'A1FHS282JP487T', 'A27SMEOPKV84VI', 'ALQPGVQZEZSUE', 'A2TBXASXZIRNNW', 'A2B8HPIZDKYKDR', 'A2B6WQG0A9CKXQ', 'self_report_13']"
13_DR-100_0098_7_sentence_7.wav,"[1, 3, 5, 6, 4, 1, 1, 4, 6]","[5, 6, 5, 5, 4, 5, 5, 5, 5]","['A1FP3SH704X01V', 'A1PUHCEBSOWETV', 'A2TBXASXZIRNNW', 'A3UWM3KJYEL5XU', 'A2NBVTY6FLBEAF', 'A2F48NO7AD9VKK', 'A2FFNO6G4FEE2N', 'A27SMEOPKV84VI', 'self_report_13']"
14_DR-100_0088_7_sentence_5.wav,"[4, 5, 3, 5, 2, 7, 2, 2, 5]","[3, 4, 6, 4, 4, 4, 4, 4, 5]","['A3UWM3KJYEL5XU', 'ALQPGVQZEZSUE', 'A1PUHCEBSOWETV', 'A2TBXASXZIRNNW', 'A3TWYQENN82FJI', 'A27SMEOPKV84VI', 'A2F48NO7AD9VKK', 'A1FP3SH704X01V', 'self_report_14']"
12_DR-100_0086_1_sentence_4.wav,"[4, 5, 2, 1, 3, 3, 5, 7, 4]","[6, 5, 5, 5, 6, 5, 5, 5, 4]","['A1PUHCEBSOWETV', 'A2NBVTY6FLBEAF', 'A1FP3SH704X01V', 'A20ALQT1HIVSAH', 'A1FHS282JP487T', 'A2B8HPIZDKYKDR', 'ALQPGVQZEZSUE', 'A27SMEOPKV84VI', 'self_report_12']"
14_DR-100_0088_1_sentence_7.wav,"[6, 7, 5, 5, 3, 2, 4, 2, 5]","[7, 6, 5, 5, 6, 7, 6, 5, 6]","['A3UWM3KJYEL5XU', 'A27SMEOPKV84VI', 'ALQPGVQZEZSUE', 'A2JP9IKRHNLRPI', 'A1PUHCEBSOWETV', 'A2FFNO6G4FEE2N', 'AEO84PDSWW0W', 'A1FHS282JP487T', 'self_report_14']"
13_DR-100_0098_5_sentence_6.wav,"[3, 5, 4, 2, 5, 2, 2, 2, 4]","[5, 6, 6, 5, 9, 7, 7, 6, 5]","['A1PUHCEBSOWETV', 'A2JP9IKRHNLRPI', 'A2NBVTY6FLBEAF', 'A1FP3SH704X01V', 'A3UWM3KJYEL5XU', 'A20ALQT1HIVSAH', 'A2FFNO6G4FEE2N', 'A2T007HZK66WM', 'self_report_13']"
14_DR-100_0088_1_sentence_1.wav,"[6, 2, 5, 3, 2, 6, 4, 2, 5]","[5, 7, 5, 6, 5, 5, 6, 5, 6]","['A2TBXASXZIRNNW', 'A2MUCL20GTQJA0', 'A1ET2J1PIP0RGO', 'A1PUHCEBSOWETV', 'A2F48NO7AD9VKK', 'ALQPGVQZEZSUE', 'A2I3Y0L38HMQLZ', 'A2T007HZK66WM', 'self_report_14']"
11_DR-100_0093_1_sentence_4.wav,"[4, 4, 6, 5, 4, 5, 1, 1, 6]","[4, 7, 5, 4, 4, 4, 5, 4, 6]","['A2JP9IKRHNLRPI', 'A1PUHCEBSOWETV', 'A27SMEOPKV84VI', 'ALQPGVQZEZSUE', 'ARVXIBUCA8WDZ', 'A2I3Y0L38HMQLZ', 'A1FHS282JP487T', 'A2T007HZK66WM', 'self_report_11']"
12_DR-100_0086_1_sentence_3.wav,"[4, 3, 2, 6, 5, 6, 2, 6, 4]","[6, 6, 6, 6, 7, 7, 5, 7, 4]","['ARVXIBUCA8WDZ', 'A1PUHCEBSOWETV', 'A2F48NO7AD9VKK', 'A2JP9IKRHNLRPI', 'A2I3Y0L38HMQLZ', 'ALQPGVQZEZSUE', 'A1FHS282JP487T', 'A27SMEOPKV84VI', 'self_report_12']"
12_DR-100_0086_5_sentence_2.wav,"[3, 2, 6, 1, 6, 5, 2, 6, 6]","[6, 4, 4, 5, 4, 6, 5, 4, 4]","['A1PUHCEBSOWETV', 'A1FP3SH704X01V', 'A2NBVTY6FLBEAF', 'A2F48NO7AD9VKK', 'A27SMEOPKV84VI', 'ARVXIBUCA8WDZ', 'A1FHS282JP487T', 'A2I3Y0L38HMQLZ', 'self_report_12']"
14_DR-100_0088_5_sentence_13.wav,"[5, 2, 6, 4, 5, 2, 2, 5, 4]","[5, 5, 3, 6, 6, 5, 5, 7, 5]","['A3UWM3KJYEL5XU', 'A1FP3SH704X01V', 'A2TBXASXZIRNNW', 'A1PUHCEBSOWETV', 'ALQPGVQZEZSUE', 'A1FHS282JP487T', 'A2F48NO7AD9VKK', 'ARVXIBUCA8WDZ', 'self_report_14']"
11_DR-100_0093_7_sentence_6.wav,"[3, 5, 3, 5, 1, 2, 2, 2, 7]","[5, 6, 6, 5, 5, 7, 6, 6, 4]","['ARVXIBUCA8WDZ', 'ALQPGVQZEZSUE', 'A1PUHCEBSOWETV', 'A2I3Y0L38HMQLZ', 'A1FHS282JP487T', 'A2FFNO6G4FEE2N', 'A20ALQT1HIVSAH', 'A1FP3SH704X01V', 'self_report_11']"
13_DR-100_0098_9_sentence_2.wav,"[3, 6, 4, 3, 4, 5, 1, 1, 7]","[7, 5, 6, 7, 6, 6, 6, 6, 4]","['A1PUHCEBSOWETV', 'A2TBXASXZIRNNW', 'A2NBVTY6FLBEAF', 'A2B8HPIZDKYKDR', 'A2I3Y0L38HMQLZ', 'ALQPGVQZEZSUE', 'A20ALQT1HIVSAH', 'A3TWYQENN82FJI', 'self_report_13']"
14_DR-100_0088_5_sentence_2.wav,"[5, 2, 3, 6, 5, 5, 4, 2, 4]","[4, 4, 7, 3, 6, 7, 5, 5, 5]","['A27SMEOPKV84VI', 'A1FP3SH704X01V', 'A1PUHCEBSOWETV', 'A2NBVTY6FLBEAF', 'A3UWM3KJYEL5XU', 'ARVXIBUCA8WDZ', 'A2I3Y0L38HMQLZ', 'A20ALQT1HIVSAH', 'self_report_14']"
14_DR-100_0088_3_sentence_6.wav,"[3, 6, 7, 6, 5, 5, 1, 2, 6]","[6, 5, 5, 4, 4, 6, 5, 7, 5]","['A1PUHCEBSOWETV', 'A27SMEOPKV84VI', 'A2TBXASXZIRNNW', 'A3UWM3KJYEL5XU', 'A2I3Y0L38HMQLZ', 'A1ET2J1PIP0RGO', 'A1FHS282JP487T', 'A2FFNO6G4FEE2N', 'self_report_14']"
11_DR-100_0093_3_sentence_6.wav,"[2, 6, 3, 3, 3, 6, 3, 7, 6]","[6, 4, 6, 6, 6, 3, 3, 8, 4]","['A20ALQT1HIVSAH', 'A2NBVTY6FLBEAF', 'ARVXIBUCA8WDZ', 'A1PUHCEBSOWETV', 'A2FFNO6G4FEE2N', 'A2TBXASXZIRNNW', 'AEO84PDSWW0W', 'A2B8HPIZDKYKDR', 'self_report_11']"
12_DR-100_0086_9_sentence_2.wav,"[3, 4, 3, 6, 3, 7, 3, 6, 6]","[6, 6, 6, 5, 6, 4, 6, 5, 7]","['A1PUHCEBSOWETV', 'ARVXIBUCA8WDZ', 'A20ALQT1HIVSAH', 'ALQPGVQZEZSUE', 'A1FHS282JP487T', 'A2NBVTY6FLBEAF', 'A1FP3SH704X01V', 'A2I3Y0L38HMQLZ', 'self_report_12']"
14_DR-100_0088_1_sentence_8.wav,"[5, 3, 2, 2, 1, 6, 1, 2, 5]","[5, 6, 5, 5, 6, 5, 7, 6, 6]","['ALQPGVQZEZSUE', 'A1PUHCEBSOWETV', 'A20ALQT1HIVSAH', 'A1FHS282JP487T', 'A2MUCL20GTQJA0', 'A2NBVTY6FLBEAF', 'A2FFNO6G4FEE2N', 'A3TWYQENN82FJI', 'self_report_14']"
11_DR-100_0093_1_sentence_2.wav,"[2, 4, 4, 4, 3, 2, 4, 4, 6]","[5, 5, 5, 6, 6, 6, 7, 6, 6]","['A1FHS282JP487T', 'A27SMEOPKV84VI', 'ARVXIBUCA8WDZ', 'A2I3Y0L38HMQLZ', 'A1PUHCEBSOWETV', 'A3TWYQENN82FJI', 'A2FFNO6G4FEE2N', 'A2B8HPIZDKYKDR', 'self_report_11']"
11_DR-100_0093_3_sentence_7.wav,"[4, 8, 4, 3, 4, 5, 5, 1, 6]","[6, 7, 6, 6, 4, 7, 6, 6, 4]","['A1PUHCEBSOWETV', 'A3UWM3KJYEL5XU', 'ALQPGVQZEZSUE', 'AEO84PDSWW0W', 'ARVXIBUCA8WDZ', 'A2FFNO6G4FEE2N', 'A2I3Y0L38HMQLZ', 'A2F48NO7AD9VKK', 'self_report_11']"
13_DR-100_0098_9_sentence_3.wav,"[3, 5, 3, 1, 2, 4, 4, 4, 7]","[4, 4, 5, 4, 6, 5, 4, 4, 4]","['A2B8HPIZDKYKDR', 'A2TBXASXZIRNNW', 'A1PUHCEBSOWETV', 'A2F48NO7AD9VKK', 'A1FHS282JP487T', 'ALQPGVQZEZSUE', 'AEO84PDSWW0W', 'ARVXIBUCA8WDZ', 'self_report_13']"
11_DR-100_0093_1_sentence_6.wav,"[7, 3, 7, 5, 4, 5, 3, 4, 6]","[6, 6, 5, 6, 5, 4, 6, 6, 6]","['A3UWM3KJYEL5XU', 'A1PUHCEBSOWETV', 'A27SMEOPKV84VI', 'ALQPGVQZEZSUE', 'ARVXIBUCA8WDZ', 'A2JP9IKRHNLRPI', 'A1FHS282JP487T', 'A2B6WQG0A9CKXQ', 'self_report_11']"
14_DR-100_0088_3_sentence_2.wav,"[1, 4, 3, 4, 2, 5, 6, 4, 6]","[5, 5, 6, 6, 5, 4, 6, 7, 5]","['A2F48NO7AD9VKK', 'A2TBXASXZIRNNW', 'A1PUHCEBSOWETV', 'A2JP9IKRHNLRPI', 'A1FHS282JP487T', 'A2I3Y0L38HMQLZ', 'A1ET2J1PIP0RGO', 'A2FFNO6G4FEE2N', 'self_report_14']"
11_DR-100_0093_3_sentence_8.wav,"[4, 5, 6, 1, 3, 2, 4, 5, 6]","[7, 6, 5, 5, 4, 6, 6, 5, 4]","['A1PUHCEBSOWETV', 'A2JP9IKRHNLRPI', 'A27SMEOPKV84VI', 'A2F48NO7AD9VKK', 'A2I3Y0L38HMQLZ', 'A20ALQT1HIVSAH', 'ARVXIBUCA8WDZ', 'A2B6WQG0A9CKXQ', 'self_report_11']"
14_DR-100_0088_1_sentence_5.wav,"[3, 7, 6, 6, 5, 2, 4, 2, 5]","[6, 5, 6, 6, 4, 6, 6, 5, 6]","['A1PUHCEBSOWETV', 'A27SMEOPKV84VI', 'A3UWM3KJYEL5XU', 'ALQPGVQZEZSUE', 'A2TBXASXZIRNNW', 'A1FP3SH704X01V', 'AEO84PDSWW0W', 'A1FHS282JP487T', 'self_report_14']"
14_DR-100_0088_5_sentence_10.wav,"[6, 8, 3, 3, 2, 5, 3, 7, 4]","[6, 4, 6, 6, 6, 6, 6, 6, 5]","['A2NBVTY6FLBEAF', 'A2TBXASXZIRNNW', 'A1PUHCEBSOWETV', 'A2FFNO6G4FEE2N', 'A1FP3SH704X01V', 'A2I3Y0L38HMQLZ', 'A2F48NO7AD9VKK', 'A27SMEOPKV84VI', 'self_report_14']"
12_DR-100_0086_3_sentence_3.wav,"[3, 5, 4, 6, 3, 4, 6, 5, 6]","[7, 6, 6, 7, 4, 6, 2, 6, 6]","['A1PUHCEBSOWETV', 'A2JP9IKRHNLRPI', 'A2B8HPIZDKYKDR', 'A3UWM3KJYEL5XU', 'A2MUCL20GTQJA0', 'ARVXIBUCA8WDZ', 'A2TBXASXZIRNNW', 'A2I3Y0L38HMQLZ', 'self_report_12']"
13_DR-100_0098_5_sentence_7.wav,"[6, 6, 4, 3, 1, 2, 3, 3, 4]","[6, 4, 5, 6, 5, 6, 5, 5, 5]","['A3UWM3KJYEL5XU', 'A2TBXASXZIRNNW', 'ALQPGVQZEZSUE', 'A1PUHCEBSOWETV', 'A2F48NO7AD9VKK', 'A1FHS282JP487T', 'AEO84PDSWW0W', 'A2B6WQG0A9CKXQ', 'self_report_13']"
12_DR-100_0086_5_sentence_9.wav,"[3, 4, 4, 5, 5, 2, 3, 1, 6]","[6, 4, 4, 4, 6, 4, 3, 5, 4]","['A1PUHCEBSOWETV', 'A2NBVTY6FLBEAF', 'A27SMEOPKV84VI', 'A2JP9IKRHNLRPI', 'ARVXIBUCA8WDZ', 'A1FP3SH704X01V', 'A2B8HPIZDKYKDR', 'A1FHS282JP487T', 'self_report_12']"
14_DR-100_0088_1_sentence_4.wav,"[1, 7, 4, 3, 4, 3, 6, 3, 5]","[5, 9, 6, 6, 6, 6, 6, 6, 6]","['A20ALQT1HIVSAH', 'A3UWM3KJYEL5XU', 'A1PUHCEBSOWETV', 'A1FHS282JP487T', 'A2FFNO6G4FEE2N', 'AEO84PDSWW0W', 'ALQPGVQZEZSUE', 'A3TWYQENN82FJI', 'self_report_14']"
11_DR-100_0093_7_sentence_3.wav,"[2, 4, 4, 2, 4, 3, 3, 1, 7]","[5, 5, 5, 5, 5, 5, 5, 5, 4]","['A2FFNO6G4FEE2N', 'A27SMEOPKV84VI', 'A2NBVTY6FLBEAF', 'AEO84PDSWW0W', 'A2JP9IKRHNLRPI', 'A1PUHCEBSOWETV', 'A2I3Y0L38HMQLZ', 'A2T007HZK66WM', 'self_report_11']"
13_DR-100_0098_7_sentence_1.wav,"[2, 3, 6, 5, 4, 1, 4, 4, 6]","[5, 6, 5, 6, 5, 4, 5, 4, 5]","['A20ALQT1HIVSAH', 'A1PUHCEBSOWETV', 'A27SMEOPKV84VI', 'ALQPGVQZEZSUE', 'A1ET2J1PIP0RGO', 'A2F48NO7AD9VKK', 'ARVXIBUCA8WDZ', 'A2B8HPIZDKYKDR', 'self_report_13']"
12_DR-100_0086_5_sentence_5.wav,"[2, 3, 4, 2, 1, 5, 1, 5, 6]","[4, 3, 4, 5, 4, 3, 3, 4, 4]","['A2FFNO6G4FEE2N', 'A2B8HPIZDKYKDR', 'A2NBVTY6FLBEAF', 'A1FHS282JP487T', 'A20ALQT1HIVSAH', 'A2JP9IKRHNLRPI', 'A3TWYQENN82FJI', 'A27SMEOPKV84VI', 'self_report_12']"
14_DR-100_0088_7_sentence_2.wav,"[3, 6, 4, 5, 5, 2, 4, 3, 5]","[6, 6, 7, 8, 6, 7, 6, 7, 5]","['A1PUHCEBSOWETV', 'A2TBXASXZIRNNW', 'ARVXIBUCA8WDZ', 'A2B8HPIZDKYKDR', 'ALQPGVQZEZSUE', 'A20ALQT1HIVSAH', 'A2FFNO6G4FEE2N', 'AEO84PDSWW0W', 'self_report_14']"
11_DR-100_0093_9_sentence_2.wav,"[4, 7, 8, 4, 3, 5, 2, 5, 6]","[7, 4, 3, 4, 6, 4, 3, 3, 6]","['A1PUHCEBSOWETV', 'A2NBVTY6FLBEAF', 'A2B8HPIZDKYKDR', 'A1ET2J1PIP0RGO', 'A1FHS282JP487T', 'A2I3Y0L38HMQLZ', 'A3TWYQENN82FJI', 'ALQPGVQZEZSUE', 'self_report_11']"
12_DR-100_0086_9_sentence_9.wav,"[3, 6, 2, 6, 5, 2, 3, 3, 6]","[6, 4, 7, 2, 7, 6, 6, 6, 7]","['A1PUHCEBSOWETV', 'A3UWM3KJYEL5XU', 'A20ALQT1HIVSAH', 'A2TBXASXZIRNNW', 'A2JP9IKRHNLRPI', 'A1FP3SH704X01V', 'A2FFNO6G4FEE2N', 'A1FHS282JP487T', 'self_report_12']"
11_DR-100_0093_3_sentence_5.wav,"[5, 3, 5, 6, 2, 5, 3, 5, 6]","[3, 6, 4, 3, 4, 3, 4, 4, 4]","['A2B8HPIZDKYKDR', 'A1PUHCEBSOWETV', 'ALQPGVQZEZSUE', 'A3UWM3KJYEL5XU', 'A1FP3SH704X01V', 'A2I3Y0L38HMQLZ', 'A2T007HZK66WM', 'A2B6WQG0A9CKXQ', 'self_report_11']"
14_DR-100_0088_3_sentence_7.wav,"[2, 6, 4, 2, 4, 5, 4, 7, 6]","[7, 7, 7, 6, 7, 7, 6, 7, 5]","['A20ALQT1HIVSAH', 'A2NBVTY6FLBEAF', 'A2B8HPIZDKYKDR', 'A1FP3SH704X01V', 'ARVXIBUCA8WDZ', 'A2JP9IKRHNLRPI', 'A2I3Y0L38HMQLZ', 'A27SMEOPKV84VI', 'self_report_14']"
12_DR-100_0086_9_sentence_7.wav,"[5, 4, 6, 3, 3, 1, 4, 6, 6]","[6, 8, 3, 6, 6, 5, 6, 5, 7]","['ALQPGVQZEZSUE', 'A2FFNO6G4FEE2N', 'A2TBXASXZIRNNW', 'A20ALQT1HIVSAH', 'A1PUHCEBSOWETV', 'A2F48NO7AD9VKK', 'A2I3Y0L38HMQLZ', 'A27SMEOPKV84VI', 'self_report_12']"
13_DR-100_0098_7_sentence_4.wav,"[2, 5, 3, 2, 3, 4, 5, 3, 6]","[4, 4, 6, 6, 6, 6, 6, 6, 5]","['A1FP3SH704X01V', 'A2TBXASXZIRNNW', 'A1PUHCEBSOWETV', 'A2B8HPIZDKYKDR', 'A2MUCL20GTQJA0', 'A3UWM3KJYEL5XU', 'ALQPGVQZEZSUE', 'A2FFNO6G4FEE2N', 'self_report_13']"
11_DR-100_0093_5_sentence_2.wav,"[7, 6, 2, 7, 4, 4, 5, 6, 7]","[5, 7, 5, 5, 7, 6, 5, 4, 6]","['A27SMEOPKV84VI', 'A2FFNO6G4FEE2N', 'A1PUHCEBSOWETV', 'A2TBXASXZIRNNW', 'A2MUCL20GTQJA0', 'AEO84PDSWW0W', 'ALQPGVQZEZSUE', 'A2I3Y0L38HMQLZ', 'self_report_11']"
12_DR-100_0086_3_sentence_5.wav,"[4, 7, 2, 6, 7, 6, 7, 3, 6]","[6, 7, 6, 7, 2, 7, 6, 7, 6]","['A1PUHCEBSOWETV', 'A3UWM3KJYEL5XU', 'A1FP3SH704X01V', 'A2B8HPIZDKYKDR', 'A2TBXASXZIRNNW', 'A2NBVTY6FLBEAF', 'A27SMEOPKV84VI', 'A2FFNO6G4FEE2N', 'self_report_12']"
12_DR-100_0086_7_sentence_5.wav,"[4, 2, 6, 5, 3, 2, 4, 3, 6]","[4, 4, 3, 4, 6, 4, 4, 5, 3]","['A2NBVTY6FLBEAF', 'A1FP3SH704X01V', 'A2TBXASXZIRNNW', 'A3UWM3KJYEL5XU', 'A1PUHCEBSOWETV', 'A20ALQT1HIVSAH', 'ARVXIBUCA8WDZ', 'A2B6WQG0A9CKXQ', 'self_report_12']"
13_DR-100_0098_9_sentence_1.wav,"[3, 4, 2, 4, 5, 6, 3, 2, 7]","[6, 6, 5, 6, 6, 5, 6, 6, 4]","['A1PUHCEBSOWETV', 'A3UWM3KJYEL5XU', 'A2FFNO6G4FEE2N', 'ARVXIBUCA8WDZ', 'ALQPGVQZEZSUE', 'A27SMEOPKV84VI', 'A1FHS282JP487T', 'A2T007HZK66WM', 'self_report_13']"
14_DR-100_0088_7_sentence_7.wav,"[2, 4, 4, 5, 5, 3, 5, 1, 5]","[5, 6, 4, 6, 6, 5, 4, 6, 5]","['A1FP3SH704X01V', 'A2JP9IKRHNLRPI', 'A2NBVTY6FLBEAF', 'ARVXIBUCA8WDZ', 'ALQPGVQZEZSUE', 'A1PUHCEBSOWETV', 'A2I3Y0L38HMQLZ', 'A2T007HZK66WM', 'self_report_14']"
14_DR-100_0088_3_sentence_10.wav,"[3, 6, 6, 7, 6, 6, 1, 4, 6]","[6, 5, 6, 4, 6, 6, 5, 6, 5]","['A1PUHCEBSOWETV', 'A27SMEOPKV84VI', 'A2JP9IKRHNLRPI', 'A2TBXASXZIRNNW', 'ALQPGVQZEZSUE', 'A3UWM3KJYEL5XU', 'A1FHS282JP487T', 'AEO84PDSWW0W', 'self_report_14']"
12_DR-100_0086_3_sentence_6.wav,"[8, 4, 4, 3, 7, 1, 2, 6, 6]","[7, 6, 6, 6, 6, 6, 7, 7, 6]","['A3UWM3KJYEL5XU', 'ARVXIBUCA8WDZ', 'A2FFNO6G4FEE2N', 'A1PUHCEBSOWETV', 'A27SMEOPKV84VI', 'A3TWYQENN82FJI', 'A2F48NO7AD9VKK', 'A2B8HPIZDKYKDR', 'self_report_12']"
12_DR-100_0086_5_sentence_8.wav,"[3, 2, 4, 3, 6, 4, 2, 5, 6]","[4, 6, 3, 6, 3, 5, 5, 3, 4]","['A27SMEOPKV84VI', 'A20ALQT1HIVSAH', 'A2TBXASXZIRNNW', 'A1PUHCEBSOWETV', 'A2I3Y0L38HMQLZ', 'ARVXIBUCA8WDZ', 'A1FHS282JP487T', 'A2B8HPIZDKYKDR', 'self_report_12']"
13_DR-100_0098_1_sentence_7.wav,"[3, 6, 1, 3, 1, 1, 5, 3, 4]","[6, 5, 5, 7, 5, 5, 5, 7, 6]","['ALQPGVQZEZSUE', 'A2TBXASXZIRNNW', 'A1FP3SH704X01V', 'A1PUHCEBSOWETV', 'A2FFNO6G4FEE2N', 'A2F48NO7AD9VKK', 'A1ET2J1PIP0RGO', 'A2B6WQG0A9CKXQ', 'self_report_13']"
14_DR-100_0088_5_sentence_3.wav,"[4, 2, 3, 2, 3, 2, 5, 2, 4]","[5, 6, 6, 4, 4, 5, 4, 3, 5]","['A27SMEOPKV84VI', 'A1FHS282JP487T', 'A1PUHCEBSOWETV', 'A1FP3SH704X01V', 'AEO84PDSWW0W', 'A20ALQT1HIVSAH', 'ALQPGVQZEZSUE', 'A2F48NO7AD9VKK', 'self_report_14']"
13_DR-100_0098_1_sentence_3.wav,"[7, 3, 5, 6, 3, 2, 1, 5, 4]","[5, 6, 4, 6, 5, 6, 5, 7, 6]","['A27SMEOPKV84VI', 'A1PUHCEBSOWETV', 'A3UWM3KJYEL5XU', 'A2TBXASXZIRNNW', 'ARVXIBUCA8WDZ', 'A1FHS282JP487T', 'A2F48NO7AD9VKK', 'A2B8HPIZDKYKDR', 'self_report_13']"
13_DR-100_0098_7_sentence_6.wav,"[3, 4, 3, 3, 3, 2, 4, 1, 6]","[5, 7, 6, 6, 6, 5, 6, 5, 5]","['A1PUHCEBSOWETV', 'A3UWM3KJYEL5XU', 'A2NBVTY6FLBEAF', 'A27SMEOPKV84VI', 'A2MUCL20GTQJA0', 'A1FHS282JP487T', 'ALQPGVQZEZSUE', 'A20ALQT1HIVSAH', 'self_report_13']"
11_DR-100_0093_3_sentence_4.wav,"[2, 7, 4, 4, 3, 3, 1, 4, 6]","[4, 4, 4, 5, 6, 4, 3, 2, 4]","['A20ALQT1HIVSAH', 'A2NBVTY6FLBEAF', 'ALQPGVQZEZSUE', 'ARVXIBUCA8WDZ', 'A1PUHCEBSOWETV', 'A2FFNO6G4FEE2N', 'A3TWYQENN82FJI', 'A2B6WQG0A9CKXQ', 'self_report_11']"
12_DR-100_0086_5_sentence_4.wav,"[3, 6, 4, 5, 2, 3, 4, 2, 6]","[3, 2, 3, 4, 6, 6, 3, 5, 4]","['A2B8HPIZDKYKDR', 'A3UWM3KJYEL5XU', 'A2MUCL20GTQJA0', 'A27SMEOPKV84VI', 'A1FP3SH704X01V', 'A1PUHCEBSOWETV', 'ALQPGVQZEZSUE', 'A1FHS282JP487T', 'self_report_12']"
11_DR-100_0093_5_sentence_6.wav,"[6, 2, 3, 5, 3, 7, 2, 3, 7]","[4, 4, 6, 3, 2, 3, 4, 4, 6]","['A2NBVTY6FLBEAF', 'A1FHS282JP487T', 'A1PUHCEBSOWETV', 'A2JP9IKRHNLRPI', 'A2B8HPIZDKYKDR', 'A2TBXASXZIRNNW', 'A20ALQT1HIVSAH', 'A2FFNO6G4FEE2N', 'self_report_11']"
14_DR-100_0088_1_sentence_3.wav,"[3, 2, 1, 5, 7, 6, 3, 7, 5]","[7, 6, 6, 5, 4, 5, 6, 6, 6]","['A1PUHCEBSOWETV', 'A20ALQT1HIVSAH', 'A2F48NO7AD9VKK', 'A2JP9IKRHNLRPI', 'A2TBXASXZIRNNW', 'ALQPGVQZEZSUE', 'AEO84PDSWW0W', 'A27SMEOPKV84VI', 'self_report_14']"
14_DR-100_0088_3_sentence_4.wav,"[1, 3, 4, 2, 5, 2, 5, 4, 6]","[9, 6, 7, 5, 7, 7, 6, 9, 5]","['A2MUCL20GTQJA0', 'A1PUHCEBSOWETV', 'ARVXIBUCA8WDZ', 'A1FHS282JP487T', 'ALQPGVQZEZSUE', 'A1FP3SH704X01V', 'A2I3Y0L38HMQLZ', 'A2B6WQG0A9CKXQ', 'self_report_14']"
11_DR-100_0093_9_sentence_4.wav,"[3, 5, 2, 6, 5, 7, 3, 2, 6]","[6, 4, 4, 3, 4, 5, 4, 4, 6]","['A1PUHCEBSOWETV', 'ARVXIBUCA8WDZ', 'A1FP3SH704X01V', 'A2NBVTY6FLBEAF', 'AEO84PDSWW0W', 'A27SMEOPKV84VI', 'A2FFNO6G4FEE2N', 'A2F48NO7AD9VKK', 'self_report_11']"
12_DR-100_0086_1_sentence_1.wav,"[5, 5, 4, 3, 6, 4, 7, 5, 4]","[6, 4, 5, 6, 5, 5, 6, 6, 4]","['ARVXIBUCA8WDZ', 'A2TBXASXZIRNNW', 'A2B8HPIZDKYKDR', 'A1PUHCEBSOWETV', 'A2I3Y0L38HMQLZ', 'ALQPGVQZEZSUE', 'A27SMEOPKV84VI', 'A2FFNO6G4FEE2N', 'self_report_12']"
14_DR-100_0088_1_sentence_6.wav,"[3, 1, 4, 6, 4, 5, 4, 7, 5]","[6, 5, 5, 4, 5, 5, 6, 5, 6]","['A1PUHCEBSOWETV', 'A20ALQT1HIVSAH', 'A2JP9IKRHNLRPI', 'A2TBXASXZIRNNW', 'A2B8HPIZDKYKDR', 'ALQPGVQZEZSUE', 'AEO84PDSWW0W', 'A27SMEOPKV84VI', 'self_report_14']"
11_DR-100_0093_1_sentence_1.wav,"[4, 2, 3, 5, 7, 2, 5, 2, 6]","[6, 6, 6, 6, 3, 5, 6, 5, 6]","['ALQPGVQZEZSUE', 'A2MUCL20GTQJA0', 'A1PUHCEBSOWETV', 'A2I3Y0L38HMQLZ', 'A2TBXASXZIRNNW', 'A20ALQT1HIVSAH', 'A2JP9IKRHNLRPI', 'A3TWYQENN82FJI', 'self_report_11']"
12_DR-100_0086_1_sentence_5.wav,"[2, 4, 2, 3, 5, 7, 3, 3, 4]","[7, 4, 7, 6, 5, 6, 6, 7, 4]","['A20ALQT1HIVSAH', 'A2TBXASXZIRNNW', 'A3TWYQENN82FJI', 'A1PUHCEBSOWETV', 'A3UWM3KJYEL5XU', 'A27SMEOPKV84VI', 'A1FHS282JP487T', 'A2FFNO6G4FEE2N', 'self_report_12']"
14_DR-100_0088_5_sentence_9.wav,"[2, 7, 4, 4, 5, 6, 2, 6, 4]","[6, 4, 7, 6, 4, 3, 6, 6, 5]","['A1FP3SH704X01V', 'A2TBXASXZIRNNW', 'A1PUHCEBSOWETV', 'ALQPGVQZEZSUE', 'A2I3Y0L38HMQLZ', 'A2NBVTY6FLBEAF', 'A2F48NO7AD9VKK', 'A2B8HPIZDKYKDR', 'self_report_14']"
12_DR-100_0086_9_sentence_5.wav,"[3, 1, 7, 6, 4, 4, 3, 1, 6]","[6, 5, 4, 5, 4, 4, 5, 5, 7]","['A2FFNO6G4FEE2N', 'A20ALQT1HIVSAH', 'A2TBXASXZIRNNW', 'A27SMEOPKV84VI', 'ARVXIBUCA8WDZ', 'A2B8HPIZDKYKDR', 'A1FHS282JP487T', 'A2F48NO7AD9VKK', 'self_report_12']"
13_DR-100_0098_7_sentence_3.wav,"[3, 5, 3, 2, 2, 5, 4, 3, 6]","[6, 3, 6, 6, 6, 5, 5, 5, 5]","['A1PUHCEBSOWETV', 'A3UWM3KJYEL5XU', 'A2B8HPIZDKYKDR', 'A2F48NO7AD9VKK', 'A20ALQT1HIVSAH', 'A2JP9IKRHNLRPI', 'A1ET2J1PIP0RGO', 'A2B6WQG0A9CKXQ', 'self_report_13']"
14_DR-100_0088_3_sentence_3.wav,"[1, 1, 6, 1, 3, 2, 2, 5, 6]","[6, 7, 7, 5, 6, 6, 5, 7, 5]","['A2FFNO6G4FEE2N', 'A2MUCL20GTQJA0', 'A2TBXASXZIRNNW', 'A1FP3SH704X01V', 'A1PUHCEBSOWETV', 'A20ALQT1HIVSAH', 'A1FHS282JP487T', 'A2B8HPIZDKYKDR', 'self_report_14']"
11_DR-100_0093_7_sentence_2.wav,"[6, 3, 7, 2, 2, 6, 7, 2, 7]","[5, 6, 7, 5, 5, 5, 2, 6, 4]","['A27SMEOPKV84VI', 'A1PUHCEBSOWETV', 'A3UWM3KJYEL5XU', 'A3TWYQENN82FJI', 'A1FHS282JP487T', 'A2JP9IKRHNLRPI', 'A2TBXASXZIRNNW', 'A20ALQT1HIVSAH', 'self_report_11']"
14_DR-100_0088_9_sentence_7.wav,"[1, 5, 5, 5, 2, 6, 4, 2, 5]","[4, 4, 5, 4, 5, 4, 5, 5, 5]","['A20ALQT1HIVSAH', 'A2TBXASXZIRNNW', 'A27SMEOPKV84VI', 'A2JP9IKRHNLRPI', 'A1FHS282JP487T', 'A3UWM3KJYEL5XU', 'A2B8HPIZDKYKDR', 'A1FP3SH704X01V', 'self_report_14']"
12_DR-100_0086_9_sentence_4.wav,"[3, 4, 5, 5, 6, 2, 5, 2, 6]","[6, 5, 4, 5, 6, 6, 6, 5, 7]","['A1PUHCEBSOWETV', 'ALQPGVQZEZSUE', 'A2JP9IKRHNLRPI', 'A27SMEOPKV84VI', 'A1ET2J1PIP0RGO', 'A1FHS282JP487T', 'ARVXIBUCA8WDZ', 'A2F48NO7AD9VKK', 'self_report_12']"
13_DR-100_0098_5_sentence_1.wav,"[5, 2, 3, 5, 2, 4, 4, 6, 4]","[6, 6, 6, 7, 5, 6, 5, 5, 5]","['A2JP9IKRHNLRPI', 'A2NBVTY6FLBEAF', 'A1PUHCEBSOWETV', 'A3UWM3KJYEL5XU', 'A1FHS282JP487T', 'A2I3Y0L38HMQLZ', 'A2TBXASXZIRNNW', 'A27SMEOPKV84VI', 'self_report_13']"
13_DR-100_0098_3_sentence_5.wav,"[3, 3, 7, 8, 4, 2, 4, 2, 6]","[5, 4, 5, 6, 6, 5, 5, 6, 6]","['A1PUHCEBSOWETV', 'A20ALQT1HIVSAH', 'A2TBXASXZIRNNW', 'A2B8HPIZDKYKDR', 'ARVXIBUCA8WDZ', 'A1FP3SH704X01V', 'A2F48NO7AD9VKK', 'A1FHS282JP487T', 'self_report_13']"
11_DR-100_0093_3_sentence_1.wav,"[2, 6, 4, 4, 3, 3, 6, 3, 6]","[4, 2, 6, 4, 3, 3, 4, 3, 4]","['A20ALQT1HIVSAH', 'A2TBXASXZIRNNW', 'A1PUHCEBSOWETV', 'ALQPGVQZEZSUE', 'AEO84PDSWW0W', 'A3TWYQENN82FJI', 'A27SMEOPKV84VI', 'A2F48NO7AD9VKK', 'self_report_11']"
12_DR-100_0086_3_sentence_1.wav,"[4, 3, 7, 5, 7, 5, 2, 2, 6]","[6, 5, 4, 6, 6, 6, 6, 6, 6]","['A2NBVTY6FLBEAF', 'A1PUHCEBSOWETV', 'A2TBXASXZIRNNW', 'ALQPGVQZEZSUE', 'A27SMEOPKV84VI', 'A1ET2J1PIP0RGO', 'A2F48NO7AD9VKK', 'A3TWYQENN82FJI', 'self_report_12']"
11_DR-100_0093_5_sentence_5.wav,"[5, 7, 5, 3, 7, 2, 5, 2, 7]","[4, 2, 6, 6, 2, 4, 4, 4, 6]","['A27SMEOPKV84VI', 'A3UWM3KJYEL5XU', 'A2FFNO6G4FEE2N', 'A1PUHCEBSOWETV', 'A2NBVTY6FLBEAF', 'A1FP3SH704X01V', 'ARVXIBUCA8WDZ', 'A20ALQT1HIVSAH', 'self_report_11']"
14_DR-100_0088_9_sentence_5.wav,"[5, 3, 4, 4, 2, 3, 3, 1, 5]","[5, 5, 4, 6, 7, 4, 6, 6, 5]","['A2JP9IKRHNLRPI', 'A1FHS282JP487T', 'A2I3Y0L38HMQLZ', 'ALQPGVQZEZSUE', 'A2FFNO6G4FEE2N', 'AEO84PDSWW0W', 'A1PUHCEBSOWETV', 'A20ALQT1HIVSAH', 'self_report_14']"
14_DR-100_0088_5_sentence_8.wav,"[3, 4, 6, 6, 2, 2, 6, 6, 4]","[6, 7, 7, 7, 5, 6, 6, 6, 5]","['A1PUHCEBSOWETV', 'A2FFNO6G4FEE2N', 'A2B8HPIZDKYKDR', 'A2JP9IKRHNLRPI', 'A1FHS282JP487T', 'A20ALQT1HIVSAH', 'A3UWM3KJYEL5XU', 'ALQPGVQZEZSUE', 'self_report_14']"
14_DR-100_0088_3_sentence_1.wav,"[2, 2, 3, 5, 2, 5, 4, 4, 6]","[5, 6, 6, 5, 5, 5, 6, 7, 5]","['A1FHS282JP487T', 'A2F48NO7AD9VKK', 'A1PUHCEBSOWETV', 'A2NBVTY6FLBEAF', 'A3TWYQENN82FJI', 'A27SMEOPKV84VI', 'AEO84PDSWW0W', 'A2B8HPIZDKYKDR', 'self_report_14']"
12_DR-100_0086_1_sentence_2.wav,"[3, 5, 4, 2, 4, 2, 5, 7, 4]","[6, 6, 6, 6, 6, 6, 7, 6, 4]","['A1PUHCEBSOWETV', 'ALQPGVQZEZSUE', 'A3UWM3KJYEL5XU', 'A2F48NO7AD9VKK', 'A2NBVTY6FLBEAF', 'A3TWYQENN82FJI', 'ARVXIBUCA8WDZ', 'A27SMEOPKV84VI', 'self_report_12']"
14_DR-100_0088_5_sentence_5.wav,"[2, 3, 6, 2, 5, 5, 5, 4, 4]","[5, 6, 7, 5, 4, 3, 5, 4, 5]","['ARVXIBUCA8WDZ', 'A1PUHCEBSOWETV', 'A2B8HPIZDKYKDR', 'A2FFNO6G4FEE2N', 'A2JP9IKRHNLRPI', 'A2TBXASXZIRNNW', 'A2I3Y0L38HMQLZ', 'AEO84PDSWW0W', 'self_report_14']"
13_DR-100_0098_3_sentence_8.wav,"[6, 3, 4, 4, 5, 2, 5, 2, 6]","[3, 5, 4, 7, 4, 4, 5, 4, 6]","['A3UWM3KJYEL5XU', 'A2FFNO6G4FEE2N', 'A2JP9IKRHNLRPI', 'A1PUHCEBSOWETV', 'ALQPGVQZEZSUE', 'A20ALQT1HIVSAH', 'A27SMEOPKV84VI', 'A3TWYQENN82FJI', 'self_report_13']"
13_DR-100_0098_1_sentence_4.wav,"[2, 2, 4, 3, 3, 2, 5, 1, 4]","[5, 5, 4, 4, 6, 4, 4, 4, 6]","['A20ALQT1HIVSAH', 'A1FHS282JP487T', 'A2NBVTY6FLBEAF', 'ARVXIBUCA8WDZ', 'A1PUHCEBSOWETV', 'A2FFNO6G4FEE2N', 'A2TBXASXZIRNNW', 'A2F48NO7AD9VKK', 'self_report_13']"
13_DR-100_0098_1_sentence_1.wav,"[1, 5, 3, 6, 6, 2, 2, 4, 4]","[4, 7, 6, 5, 6, 6, 6, 6, 6]","['A20ALQT1HIVSAH', 'A3UWM3KJYEL5XU', 'A1PUHCEBSOWETV', 'A2TBXASXZIRNNW', 'ALQPGVQZEZSUE', 'AEO84PDSWW0W', 'A1FP3SH704X01V', 'A2I3Y0L38HMQLZ', 'self_report_13']"
12_DR-100_0086_5_sentence_3.wav,"[3, 2, 5, 2, 4, 4, 2, 3, 6]","[6, 4, 3, 5, 4, 4, 4, 2, 4]","['A1PUHCEBSOWETV', 'A20ALQT1HIVSAH', 'A2TBXASXZIRNNW', 'A1FHS282JP487T', 'ARVXIBUCA8WDZ', 'A3UWM3KJYEL5XU', 'A1FP3SH704X01V', 'A2B6WQG0A9CKXQ', 'self_report_12']"
11_DR-100_0093_3_sentence_2.wav,"[3, 3, 5, 6, 3, 5, 2, 3, 6]","[6, 6, 4, 5, 3, 4, 5, 5, 4]","['A1PUHCEBSOWETV', 'A2FFNO6G4FEE2N', 'A2JP9IKRHNLRPI', 'A27SMEOPKV84VI', 'A2B8HPIZDKYKDR', 'A3UWM3KJYEL5XU', 'A2F48NO7AD9VKK', 'ARVXIBUCA8WDZ', 'self_report_11']"
13_DR-100_0098_9_sentence_5.wav,"[6, 3, 3, 2, 4, 1, 2, 1, 7]","[4, 5, 6, 6, 6, 6, 6, 7, 4]","['A2TBXASXZIRNNW', 'A27SMEOPKV84VI', 'A1PUHCEBSOWETV', 'A20ALQT1HIVSAH', 'A2I3Y0L38HMQLZ', 'A2F48NO7AD9VKK', 'A1FP3SH704X01V', 'A3TWYQENN82FJI', 'self_report_13']"
14_DR-100_0088_5_sentence_11.wav,"[2, 4, 4, 6, 6, 6, 2, 2, 4]","[5, 6, 4, 4, 6, 7, 4, 5, 5]","['A1FHS282JP487T', 'A1PUHCEBSOWETV', 'A2NBVTY6FLBEAF', 'A2TBXASXZIRNNW', 'ALQPGVQZEZSUE', 'A1ET2J1PIP0RGO', 'A1FP3SH704X01V', 'A3TWYQENN82FJI', 'self_report_14']"
13_DR-100_0098_3_sentence_4.wav,"[3, 6, 2, 2, 5, 2, 4, 3, 6]","[6, 5, 5, 5, 5, 6, 6, 5, 6]","['A1PUHCEBSOWETV', 'A27SMEOPKV84VI', 'ARVXIBUCA8WDZ', 'A20ALQT1HIVSAH', 'A2TBXASXZIRNNW', 'A1FHS282JP487T', 'A3UWM3KJYEL5XU', 'A2F48NO7AD9VKK', 'self_report_13']"
13_DR-100_0098_5_sentence_4.wav,"[1, 2, 3, 1, 4, 1, 2, 2, 4]","[5, 5, 6, 5, 4, 5, 5, 4, 5]","['A1FHS282JP487T', 'A2JP9IKRHNLRPI', 'A1PUHCEBSOWETV', 'A2F48NO7AD9VKK', 'A2TBXASXZIRNNW', 'A20ALQT1HIVSAH', 'A27SMEOPKV84VI', 'ARVXIBUCA8WDZ', 'self_report_13']"
12_DR-100_0086_7_sentence_3.wav,"[6, 3, 7, 3, 8, 6, 5, 5, 6]","[8, 7, 2, 5, 6, 7, 7, 8, 3]","['A3UWM3KJYEL5XU', 'A1PUHCEBSOWETV', 'A2TBXASXZIRNNW', 'A1FHS282JP487T', 'A27SMEOPKV84VI', 'A2NBVTY6FLBEAF', 'ALQPGVQZEZSUE', 'AEO84PDSWW0W', 'self_report_12']"
12_DR-100_0086_1_sentence_6.wav,"[3, 3, 2, 1, 7, 5, 6, 4, 4]","[6, 6, 3, 5, 3, 5, 5, 4, 4]","['A2FFNO6G4FEE2N', 'A1PUHCEBSOWETV', 'A3TWYQENN82FJI', 'A1FHS282JP487T', 'A2TBXASXZIRNNW', 'ALQPGVQZEZSUE', 'A2I3Y0L38HMQLZ', 'A2F48NO7AD9VKK', 'self_report_12']"
12_DR-100_0086_9_sentence_3.wav,"[3, 7, 3, 7, 4, 1, 5, 8, 6]","[6, 3, 4, 6, 5, 5, 5, 5, 7]","['A1PUHCEBSOWETV', 'A2TBXASXZIRNNW', 'AEO84PDSWW0W', 'A2B8HPIZDKYKDR', 'A1FHS282JP487T', 'A2F48NO7AD9VKK', 'A1FP3SH704X01V', 'A27SMEOPKV84VI', 'self_report_12']"
11_DR-100_0093_9_sentence_3.wav,"[7, 4, 2, 4, 3, 6, 2, 4, 6]","[5, 4, 4, 4, 7, 3, 4, 6, 6]","['A2TBXASXZIRNNW', 'A2NBVTY6FLBEAF', 'A1FP3SH704X01V', 'ARVXIBUCA8WDZ', 'A1PUHCEBSOWETV', 'A2I3Y0L38HMQLZ', 'A20ALQT1HIVSAH', 'A1FHS282JP487T', 'self_report_11']"
14_DR-100_0088_3_sentence_8.wav,"[3, 5, 1, 3, 5, 4, 5, 5, 6]","[7, 6, 5, 6, 6, 5, 5, 6, 5]","['A1PUHCEBSOWETV', 'A27SMEOPKV84VI', 'A20ALQT1HIVSAH', 'ARVXIBUCA8WDZ', 'A3UWM3KJYEL5XU', 'A2TBXASXZIRNNW', 'ALQPGVQZEZSUE', 'A2JP9IKRHNLRPI', 'self_report_14']"
12_DR-100_0086_7_sentence_4.wav,"[2, 3, 6, 1, 3, 6, 5, 4, 6]","[6, 6, 2, 5, 6, 6, 6, 9, 3]","['A1FP3SH704X01V', 'A2FFNO6G4FEE2N', 'A2TBXASXZIRNNW', 'A2F48NO7AD9VKK', 'A1PUHCEBSOWETV', 'A3UWM3KJYEL5XU', 'A2JP9IKRHNLRPI', 'A2B6WQG0A9CKXQ', 'self_report_12']"
11_DR-100_0093_1_sentence_7.wav,"[4, 6, 2, 3, 2, 2, 4, 2, 6]","[4, 3, 6, 6, 5, 4, 3, 4, 6]","['A27SMEOPKV84VI', 'A2TBXASXZIRNNW', 'A2FFNO6G4FEE2N', 'A1PUHCEBSOWETV', 'A1FHS282JP487T', 'A1FP3SH704X01V', 'A2JP9IKRHNLRPI', 'A2F48NO7AD9VKK', 'self_report_11']"
14_DR-100_0088_7_sentence_10.wav,"[3, 6, 3, 5, 7, 5, 2, 6, 5]","[5, 4, 5, 5, 5, 4, 5, 6, 5]","['A1PUHCEBSOWETV', 'A2I3Y0L38HMQLZ', 'A3TWYQENN82FJI', 'ALQPGVQZEZSUE', 'A27SMEOPKV84VI', 'AEO84PDSWW0W', 'A20ALQT1HIVSAH', 'A2B8HPIZDKYKDR', 'self_report_14']"
12_DR-100_0086_3_sentence_9.wav,"[3, 2, 4, 5, 3, 5, 4, 5, 6]","[6, 5, 3, 4, 4, 5, 6, 5, 6]","['A1PUHCEBSOWETV', 'A2F48NO7AD9VKK', 'A2B8HPIZDKYKDR', 'A3UWM3KJYEL5XU', 'AEO84PDSWW0W', 'A2JP9IKRHNLRPI', 'A2FFNO6G4FEE2N', 'A2B6WQG0A9CKXQ', 'self_report_12']"
14_DR-100_0088_9_sentence_8.wav,"[4, 7, 6, 3, 7, 4, 3, 4, 5]","[6, 4, 4, 6, 6, 4, 5, 6, 5]","['A1PUHCEBSOWETV', 'A2TBXASXZIRNNW', 'A3UWM3KJYEL5XU', 'A2F48NO7AD9VKK', 'A27SMEOPKV84VI', 'AEO84PDSWW0W', 'A1FHS282JP487T', 'A2B8HPIZDKYKDR', 'self_report_14']"
12_DR-100_0086_3_sentence_7.wav,"[3, 6, 3, 5, 6, 7, 4, 2, 6]","[7, 6, 5, 6, 5, 2, 6, 5, 6]","['A1PUHCEBSOWETV', 'A3UWM3KJYEL5XU', 'A1FHS282JP487T', 'A2JP9IKRHNLRPI', 'A27SMEOPKV84VI', 'A2TBXASXZIRNNW', 'A2FFNO6G4FEE2N', 'A20ALQT1HIVSAH', 'self_report_12']"
11_DR-100_0093_3_sentence_3.wav,"[2, 2, 8, 3, 5, 2, 3, 2, 6]","[6, 5, 2, 6, 3, 6, 6, 3, 4]","['A20ALQT1HIVSAH', 'A1FHS282JP487T', 'A3UWM3KJYEL5XU', 'A1PUHCEBSOWETV', 'A2TBXASXZIRNNW', 'A1FP3SH704X01V', 'A2FFNO6G4FEE2N', 'A3TWYQENN82FJI', 'self_report_11']"
13_DR-100_0098_7_sentence_8.wav,"[3, 1, 2, 4, 6, 4, 3, 4, 6]","[6, 4, 4, 5, 4, 4, 3, 3, 5]","['A1PUHCEBSOWETV', 'A2FFNO6G4FEE2N', 'AEO84PDSWW0W', 'A2JP9IKRHNLRPI', 'A3UWM3KJYEL5XU', 'A27SMEOPKV84VI', 'ARVXIBUCA8WDZ', 'A2TBXASXZIRNNW', 'self_report_13']"
11_DR-100_0093_5_sentence_1.wav,"[3, 6, 5, 8, 3, 3, 6, 5, 7]","[4, 4, 6, 3, 6, 6, 4, 3, 6]","['ARVXIBUCA8WDZ', 'A2I3Y0L38HMQLZ', 'A2FFNO6G4FEE2N', 'A3UWM3KJYEL5XU', 'A1FP3SH704X01V', 'A1PUHCEBSOWETV', 'A2NBVTY6FLBEAF', 'AEO84PDSWW0W', 'self_report_11']"
13_DR-100_0098_3_sentence_3.wav,"[3, 4, 5, 3, 4, 4, 4, 2, 6]","[6, 5, 5, 6, 6, 8, 5, 4, 6]","['A1PUHCEBSOWETV', 'ALQPGVQZEZSUE', 'A2JP9IKRHNLRPI', 'ARVXIBUCA8WDZ', 'A2TBXASXZIRNNW', 'A2FFNO6G4FEE2N', 'A2I3Y0L38HMQLZ', 'A20ALQT1HIVSAH', 'self_report_13']"
14_DR-100_0088_1_sentence_9.wav,"[6, 1, 3, 5, 4, 2, 2, 3, 5]","[8, 6, 6, 7, 6, 6, 5, 9, 6]","['A3UWM3KJYEL5XU', 'A20ALQT1HIVSAH', 'A2NBVTY6FLBEAF', 'A27SMEOPKV84VI', 'A1PUHCEBSOWETV', 'A2I3Y0L38HMQLZ', 'A2FFNO6G4FEE2N', 'A2F48NO7AD9VKK', 'self_report_14']"
14_DR-100_0088_9_sentence_6.wav,"[3, 7, 2, 6, 5, 3, 5, 6, 5]","[6, 3, 3, 3, 6, 3, 4, 3, 5]","['A1PUHCEBSOWETV', 'A2TBXASXZIRNNW', 'A2F48NO7AD9VKK', 'A3UWM3KJYEL5XU', 'ARVXIBUCA8WDZ', 'A2FFNO6G4FEE2N', 'A2I3Y0L38HMQLZ', 'A2B6WQG0A9CKXQ', 'self_report_14']"
13_DR-100_0098_5_sentence_2.wav,"[4, 2, 6, 2, 2, 2, 6, 3, 4]","[6, 4, 5, 5, 6, 6, 5, 5, 5]","['A2B8HPIZDKYKDR', 'A2F48NO7AD9VKK', 'A27SMEOPKV84VI', 'A20ALQT1HIVSAH', 'A2NBVTY6FLBEAF', 'AEO84PDSWW0W', 'A2TBXASXZIRNNW', 'ARVXIBUCA8WDZ', 'self_report_13']"
12_DR-100_0086_7_sentence_1.wav,"[6, 4, 3, 3, 6, 3, 3, 3, 6]","[8, 8, 6, 7, 7, 7, 6, 7, 3]","['A3UWM3KJYEL5XU', 'A2MUCL20GTQJA0', 'A1PUHCEBSOWETV', 'A1FP3SH704X01V', 'ALQPGVQZEZSUE', 'AEO84PDSWW0W', 'A1FHS282JP487T', 'A2FFNO6G4FEE2N', 'self_report_12']"
12_DR-100_0086_9_sentence_1.wav,"[6, 6, 1, 1, 3, 4, 2, 2, 6]","[5, 5, 4, 5, 6, 5, 6, 5, 7]","['A2NBVTY6FLBEAF', 'A3UWM3KJYEL5XU', 'A2F48NO7AD9VKK', 'A1FP3SH704X01V', 'A1PUHCEBSOWETV', 'A2JP9IKRHNLRPI', 'A1FHS282JP487T', 'A20ALQT1HIVSAH', 'self_report_12']"
11_DR-100_0093_9_sentence_7.wav,"[6, 5, 3, 3, 2, 2, 5, 2, 6]","[5, 6, 6, 6, 5, 4, 6, 5, 6]","['A27SMEOPKV84VI', 'A2JP9IKRHNLRPI', 'A1FHS282JP487T', 'A1PUHCEBSOWETV', 'A1FP3SH704X01V', 'A3TWYQENN82FJI', 'ARVXIBUCA8WDZ', 'A20ALQT1HIVSAH', 'self_report_11']"
13_DR-100_0098_5_sentence_5.wav,"[3, 5, 3, 5, 4, 4, 2, 4, 4]","[6, 6, 5, 6, 5, 6, 6, 5, 5]","['A1PUHCEBSOWETV', 'A3UWM3KJYEL5XU', 'A1FHS282JP487T', 'A2JP9IKRHNLRPI', 'ALQPGVQZEZSUE', 'A2I3Y0L38HMQLZ', 'A3TWYQENN82FJI', 'ARVXIBUCA8WDZ', 'self_report_13']"
13_DR-100_0098_7_sentence_9.wav,"[3, 3, 4, 2, 4, 4, 4, 1, 6]","[5, 6, 6, 6, 6, 6, 6, 5, 5]","['A27SMEOPKV84VI', 'A1PUHCEBSOWETV', 'ALQPGVQZEZSUE', 'A1FP3SH704X01V', 'A2I3Y0L38HMQLZ', 'A2TBXASXZIRNNW', 'AEO84PDSWW0W', 'A2T007HZK66WM', 'self_report_13']"
14_DR-100_0088_9_sentence_2.wav,"[5, 1, 1, 3, 4, 5, 4, 4, 5]","[6, 5, 6, 7, 5, 6, 6, 7, 5]","['A27SMEOPKV84VI', 'A20ALQT1HIVSAH', 'A2FFNO6G4FEE2N', 'A1PUHCEBSOWETV', 'ALQPGVQZEZSUE', 'A2JP9IKRHNLRPI', 'A2NBVTY6FLBEAF', 'ARVXIBUCA8WDZ', 'self_report_14']"
11_DR-100_0093_1_sentence_3.wav,"[7, 7, 3, 3, 2, 2, 2, 6, 6]","[4, 3, 6, 4, 3, 4, 4, 3, 6]","['A2TBXASXZIRNNW', 'A3UWM3KJYEL5XU', 'A1PUHCEBSOWETV', 'A2FFNO6G4FEE2N', 'A3TWYQENN82FJI', 'A2F48NO7AD9VKK', 'A20ALQT1HIVSAH', 'A2NBVTY6FLBEAF', 'self_report_11']"
14_DR-100_0088_1_sentence_10.wav,"[7, 3, 2, 3, 3, 4, 1, 3, 5]","[7, 6, 6, 6, 6, 6, 6, 5, 6]","['A3UWM3KJYEL5XU', 'A2B8HPIZDKYKDR', 'A2FFNO6G4FEE2N', 'A2I3Y0L38HMQLZ', 'A1PUHCEBSOWETV', 'ARVXIBUCA8WDZ', 'A3TWYQENN82FJI', 'A2T007HZK66WM', 'self_report_14']"
13_DR-100_0098_3_sentence_2.wav,"[3, 3, 5, 2, 3, 5, 5, 1, 6]","[4, 6, 5, 7, 6, 5, 6, 6, 6]","['A2TBXASXZIRNNW', 'ARVXIBUCA8WDZ', 'A3UWM3KJYEL5XU', 'A2B8HPIZDKYKDR', 'A1PUHCEBSOWETV', 'A2JP9IKRHNLRPI', 'ALQPGVQZEZSUE', 'A3TWYQENN82FJI', 'self_report_13']"
12_DR-100_0086_5_sentence_1.wav,"[1, 3, 4, 3, 5, 5, 2, 2, 6]","[3, 6, 3, 4, 4, 4, 4, 4, 4]","['A2SLEMDA17XTZ1', 'A1PUHCEBSOWETV', 'A3UWM3KJYEL5XU', 'ARVXIBUCA8WDZ', 'A27SMEOPKV84VI', 'A2TBXASXZIRNNW', 'A1FP3SH704X01V', 'A20ALQT1HIVSAH', 'self_report_12']"
13_DR-100_0098_3_sentence_1.wav,"[4, 3, 6, 6, 3, 3, 3, 4, 6]","[5, 7, 5, 4, 7, 6, 4, 8, 6]","['ALQPGVQZEZSUE', 'A1PUHCEBSOWETV', 'A2NBVTY6FLBEAF', 'A3UWM3KJYEL5XU', 'A2MUCL20GTQJA0', 'A2FFNO6G4FEE2N', 'AEO84PDSWW0W', 'A2B8HPIZDKYKDR', 'self_report_13']"
14_DR-100_0088_7_sentence_11.wav,"[5, 4, 3, 1, 1, 1, 5, 2, 5]","[3, 4, 6, 4, 5, 4, 4, 5, 5]","['A3UWM3KJYEL5XU', 'A2NBVTY6FLBEAF', 'A1PUHCEBSOWETV', 'A2FFNO6G4FEE2N', 'A1FP3SH704X01V', 'A20ALQT1HIVSAH', 'ALQPGVQZEZSUE', 'A1FHS282JP487T', 'self_report_14']"
11_DR-100_0093_5_sentence_7.wav,"[2, 5, 6, 6, 2, 3, 4, 4, 7]","[4, 3, 3, 5, 5, 6, 4, 5, 6]","['A1FP3SH704X01V', 'A2JP9IKRHNLRPI', 'A3UWM3KJYEL5XU', 'A27SMEOPKV84VI', 'A20ALQT1HIVSAH', 'A1PUHCEBSOWETV', 'A2NBVTY6FLBEAF', 'ARVXIBUCA8WDZ', 'self_report_11']"
13_DR-100_0098_7_sentence_5.wav,"[4, 4, 3, 1, 4, 6, 1, 3, 6]","[4, 4, 6, 3, 2, 3, 6, 3, 5]","['A2NBVTY6FLBEAF', 'A3UWM3KJYEL5XU', 'A1PUHCEBSOWETV', 'A2FFNO6G4FEE2N', 'A2TBXASXZIRNNW', 'A27SMEOPKV84VI', 'A1FHS282JP487T', 'AEO84PDSWW0W', 'self_report_13']"
12_DR-100_0086_3_sentence_2.wav,"[3, 3, 3, 2, 5, 7, 5, 2, 6]","[8, 7, 6, 6, 6, 6, 8, 7, 6]","['A1PUHCEBSOWETV', 'A2MUCL20GTQJA0', 'A2FFNO6G4FEE2N', 'A20ALQT1HIVSAH', 'A3UWM3KJYEL5XU', 'A27SMEOPKV84VI', 'A2B6WQG0A9CKXQ', 'A3TWYQENN82FJI', 'self_report_12']"
14_DR-100_0088_9_sentence_10.wav,"[3, 6, 4, 5, 3, 3, 2, 6, 5]","[6, 4, 4, 4, 6, 6, 5, 3, 5]","['A1PUHCEBSOWETV', 'A3UWM3KJYEL5XU', 'AEO84PDSWW0W', 'A2I3Y0L38HMQLZ', 'A1FHS282JP487T', 'A2FFNO6G4FEE2N', 'A20ALQT1HIVSAH', 'A2B8HPIZDKYKDR', 'self_report_14']"
14_DR-100_0088_5_sentence_12.wav,"[4, 2, 2, 2, 4, 2, 2, 1, 4]","[6, 5, 5, 5, 5, 6, 5, 5, 5]","['A1PUHCEBSOWETV', 'A20ALQT1HIVSAH', 'ARVXIBUCA8WDZ', 'A1FP3SH704X01V', 'A2JP9IKRHNLRPI', 'A2FFNO6G4FEE2N', 'A1FHS282JP487T', 'A2T007HZK66WM', 'self_report_14']"
11_DR-100_0093_7_sentence_1.wav,"[3, 6, 6, 6, 2, 5, 4, 2, 7]","[6, 5, 5, 4, 5, 6, 5, 5, 4]","['A1PUHCEBSOWETV', 'A2NBVTY6FLBEAF', 'A2JP9IKRHNLRPI', 'A2TBXASXZIRNNW', 'A1FHS282JP487T', 'A12I4JOVZ1HZW8', 'AEO84PDSWW0W', 'A2F48NO7AD9VKK', 'self_report_11']"
12_DR-100_0086_7_sentence_6.wav,"[3, 7, 5, 1, 1, 6, 5, 1, 6]","[6, 6, 3, 5, 6, 4, 2, 5, 3]","['A1PUHCEBSOWETV', 'A3UWM3KJYEL5XU', 'ALQPGVQZEZSUE', 'A1FHS282JP487T', 'A3TWYQENN82FJI', 'A27SMEOPKV84VI', 'A2I3Y0L38HMQLZ', 'A2F48NO7AD9VKK', 'self_report_12']"
12_DR-100_0086_1_sentence_7.wav,"[2, 3, 3, 6, 6, 5, 7, 5, 4]","[6, 3, 6, 4, 3, 3, 2, 4, 4]","['A2FFNO6G4FEE2N', 'A2B8HPIZDKYKDR', 'A1PUHCEBSOWETV', 'A27SMEOPKV84VI', 'A2I3Y0L38HMQLZ', 'A2JP9IKRHNLRPI', 'A2TBXASXZIRNNW', 'ARVXIBUCA8WDZ', 'self_report_12']"
13_DR-100_0098_3_sentence_7.wav,"[5, 3, 6, 8, 4, 6, 4, 3, 6]","[4, 4, 6, 3, 7, 5, 4, 6, 6]","['A2NBVTY6FLBEAF', 'A20ALQT1HIVSAH', 'A2TBXASXZIRNNW', 'A3UWM3KJYEL5XU', 'ARVXIBUCA8WDZ', 'ALQPGVQZEZSUE', 'A2F48NO7AD9VKK', 'A1FHS282JP487T', 'self_report_13']"
13_DR-100_0098_7_sentence_2.wav,"[6, 3, 5, 3, 4, 2, 2, 3, 6]","[5, 4, 6, 6, 5, 5, 5, 5, 5]","['A27SMEOPKV84VI', 'A2B8HPIZDKYKDR', 'A2TBXASXZIRNNW', 'A1PUHCEBSOWETV', 'A2JP9IKRHNLRPI', 'A3TWYQENN82FJI', 'A20ALQT1HIVSAH', 'A2I3Y0L38HMQLZ', 'self_report_13']"
14_DR-100_0088_9_sentence_4.wav,"[2, 6, 7, 5, 4, 1, 3, 4, 5]","[6, 6, 7, 7, 7, 7, 6, 7, 5]","['A20ALQT1HIVSAH', 'A3UWM3KJYEL5XU', 'ALQPGVQZEZSUE', 'ARVXIBUCA8WDZ', 'A2FFNO6G4FEE2N', 'A3TWYQENN82FJI', 'A1FHS282JP487T', 'AEO84PDSWW0W', 'self_report_14']"
11_DR-100_0093_5_sentence_3.wav,"[2, 4, 4, 3, 6, 3, 7, 5, 7]","[4, 6, 5, 4, 5, 6, 3, 4, 6]","['A20ALQT1HIVSAH', 'A1PUHCEBSOWETV', 'ALQPGVQZEZSUE', 'A2F48NO7AD9VKK', 'A27SMEOPKV84VI', 'A1FP3SH704X01V', 'A3UWM3KJYEL5XU', 'ARVXIBUCA8WDZ', 'self_report_11']"
11_DR-100_0093_9_sentence_6.wav,"[8, 4, 5, 3, 2, 6, 7, 6, 6]","[2, 6, 4, 6, 4, 6, 5, 3, 6]","['A3UWM3KJYEL5XU', 'ARVXIBUCA8WDZ', 'A2I3Y0L38HMQLZ', 'A1PUHCEBSOWETV', 'A3TWYQENN82FJI', 'ALQPGVQZEZSUE', 'A27SMEOPKV84VI', 'A2B6WQG0A9CKXQ', 'self_report_11']"
14_DR-100_0088_5_sentence_14.wav,"[3, 5, 3, 5, 6, 2, 7, 2, 4]","[6, 4, 6, 7, 5, 5, 4, 5, 5]","['A2FFNO6G4FEE2N', 'A2JP9IKRHNLRPI', 'A1PUHCEBSOWETV', 'ALQPGVQZEZSUE', 'A27SMEOPKV84VI', 'A20ALQT1HIVSAH', 'A3UWM3KJYEL5XU', 'A1FHS282JP487T', 'self_report_14']"
11_DR-100_0093_7_sentence_5.wav,"[3, 2, 3, 4, 5, 2, 6, 4, 7]","[7, 4, 4, 6, 4, 6, 5, 6, 4]","['A1PUHCEBSOWETV', 'A2F48NO7AD9VKK', 'ARVXIBUCA8WDZ', 'A2FFNO6G4FEE2N', 'ALQPGVQZEZSUE', 'A1FHS282JP487T', 'A27SMEOPKV84VI', 'A2B6WQG0A9CKXQ', 'self_report_11']"
14_DR-100_0088_7_sentence_4.wav,"[5, 3, 5, 3, 2, 5, 2, 4, 5]","[5, 6, 4, 4, 6, 4, 5, 4, 5]","['A27SMEOPKV84VI', 'A1PUHCEBSOWETV', 'A2JP9IKRHNLRPI', 'A2B8HPIZDKYKDR', 'A1FP3SH704X01V', 'A2I3Y0L38HMQLZ', 'A1FHS282JP487T', 'A2B6WQG0A9CKXQ', 'self_report_14']"
13_DR-100_0098_3_sentence_6.wav,"[6, 3, 7, 3, 8, 4, 7, 6, 6]","[8, 6, 6, 6, 3, 5, 5, 8, 6]","['A2B8HPIZDKYKDR', 'A20ALQT1HIVSAH', 'A27SMEOPKV84VI', 'A1PUHCEBSOWETV', 'A3UWM3KJYEL5XU', 'A1FHS282JP487T', 'A2NBVTY6FLBEAF', 'A2I3Y0L38HMQLZ', 'self_report_13']"
14_DR-100_0088_3_sentence_9.wav,"[2, 4, 3, 2, 3, 3, 6, 5, 6]","[6, 6, 6, 6, 5, 5, 4, 6, 5]","['A1FP3SH704X01V', 'ARVXIBUCA8WDZ', 'A1PUHCEBSOWETV', 'A20ALQT1HIVSAH', 'A2FFNO6G4FEE2N', 'A1FHS282JP487T', 'A2TBXASXZIRNNW', 'ALQPGVQZEZSUE', 'self_report_14']"
12_DR-100_0086_7_sentence_2.wav,"[4, 3, 3, 5, 4, 5, 5, 6, 6]","[6, 6, 6, 4, 5, 4, 7, 6, 3]","['A2NBVTY6FLBEAF', 'A1PUHCEBSOWETV', 'A2FFNO6G4FEE2N', 'A2MUCL20GTQJA0', 'A1ET2J1PIP0RGO', 'ALQPGVQZEZSUE', 'AEO84PDSWW0W', 'A2B8HPIZDKYKDR', 'self_report_12']"
13_DR-100_0098_5_sentence_3.wav,"[4, 2, 6, 2, 3, 3, 2, 1, 4]","[6, 6, 5, 5, 3, 5, 5, 5, 5]","['A1PUHCEBSOWETV', 'A1FP3SH704X01V', 'A2TBXASXZIRNNW', 'A1FHS282JP487T', 'A2B8HPIZDKYKDR', 'ARVXIBUCA8WDZ', 'A3TWYQENN82FJI', 'A20ALQT1HIVSAH', 'self_report_13']"
14_DR-100_0088_7_sentence_8.wav,"[3, 2, 5, 2, 5, 4, 4, 3, 5]","[5, 4, 5, 3, 3, 5, 4, 4, 5]","['A1PUHCEBSOWETV', 'A20ALQT1HIVSAH', 'ALQPGVQZEZSUE', 'A3TWYQENN82FJI', 'A2JP9IKRHNLRPI', 'ARVXIBUCA8WDZ', 'AEO84PDSWW0W', 'A1ET2J1PIP0RGO', 'self_report_14']"
14_DR-100_0088_1_sentence_2.wav,"[1, 3, 6, 6, 6, 5, 2, 3, 5]","[5, 7, 5, 5, 6, 7, 5, 5, 6]","['A2F48NO7AD9VKK', 'A1PUHCEBSOWETV', 'A2TBXASXZIRNNW', 'A27SMEOPKV84VI', 'A3UWM3KJYEL5XU', 'ARVXIBUCA8WDZ', 'A12I4JOVZ1HZW8', 'A3TWYQENN82FJI', 'self_report_14']"
14_DR-100_0088_9_sentence_1.wav,"[2, 2, 3, 5, 4, 3, 4, 6, 5]","[5, 5, 4, 5, 5, 6, 7, 5, 5]","['A20ALQT1HIVSAH', 'ARVXIBUCA8WDZ', 'A2F48NO7AD9VKK', 'A2JP9IKRHNLRPI', 'AEO84PDSWW0W', 'A1PUHCEBSOWETV', 'A2FFNO6G4FEE2N', 'ALQPGVQZEZSUE', 'self_report_14']"
13_DR-100_0098_1_sentence_6.wav,"[3, 4, 2, 5, 5, 1, 5, 1, 4]","[6, 5, 5, 4, 4, 5, 5, 5, 6]","['A1PUHCEBSOWETV', 'A2NBVTY6FLBEAF', 'A1FHS282JP487T', 'A2TBXASXZIRNNW', 'A3UWM3KJYEL5XU', 'A2FFNO6G4FEE2N', 'A27SMEOPKV84VI', 'A20ALQT1HIVSAH', 'self_report_13']"
14_DR-100_0088_3_sentence_5.wav,"[5, 2, 6, 2, 4, 3, 4, 2, 6]","[6, 6, 7, 5, 6, 6, 7, 6, 5]","['ALQPGVQZEZSUE', 'A1FHS282JP487T', 'A3UWM3KJYEL5XU', 'A3TWYQENN82FJI', 'ARVXIBUCA8WDZ', 'A1PUHCEBSOWETV', 'A2FFNO6G4FEE2N', 'A1FP3SH704X01V', 'self_report_14']"
14_DR-100_0088_7_sentence_9.wav,"[3, 8, 2, 4, 5, 4, 3, 1, 5]","[7, 5, 6, 6, 4, 5, 6, 5, 5]","['A1PUHCEBSOWETV', 'A3UWM3KJYEL5XU', 'A1FHS282JP487T', 'ARVXIBUCA8WDZ', 'ALQPGVQZEZSUE', 'AEO84PDSWW0W', 'A2FFNO6G4FEE2N', 'A20ALQT1HIVSAH', 'self_report_14']"
11_DR-100_0093_9_sentence_5.wav,"[4, 6, 3, 7, 7, 2, 6, 2, 6]","[5, 6, 6, 4, 6, 5, 6, 6, 6]","['ALQPGVQZEZSUE', 'A2JP9IKRHNLRPI', 'A1PUHCEBSOWETV', 'A3UWM3KJYEL5XU', 'A27SMEOPKV84VI', 'A2F48NO7AD9VKK', 'ARVXIBUCA8WDZ', 'A3TWYQENN82FJI', 'self_report_11']"
14_DR-100_0088_5_sentence_4.wav,"[1, 6, 5, 6, 3, 1, 5, 3, 4]","[6, 6, 4, 7, 6, 6, 5, 5, 5]","['A20ALQT1HIVSAH', 'A27SMEOPKV84VI', 'A2B8HPIZDKYKDR', 'A2NBVTY6FLBEAF', 'A1PUHCEBSOWETV', 'A2F48NO7AD9VKK', 'A2I3Y0L38HMQLZ', 'A1FHS282JP487T', 'self_report_14']"
12_DR-100_0086_3_sentence_8.wav,"[4, 3, 4, 4, 7, 4, 1, 3, 6]","[4, 6, 5, 5, 5, 3, 5, 6, 6]","['A2B8HPIZDKYKDR', 'A1PUHCEBSOWETV', 'A2JP9IKRHNLRPI', 'A27SMEOPKV84VI', 'A3UWM3KJYEL5XU', 'A2MUCL20GTQJA0', 'A1FP3SH704X01V', 'A1FHS282JP487T', 'self_report_12']"
11_DR-100_0093_9_sentence_8.wav,"[4, 4, 6, 3, 2, 6, 3, 6, 6]","[4, 6, 5, 6, 5, 4, 6, 4, 6]","['A2NBVTY6FLBEAF', 'ARVXIBUCA8WDZ', 'A27SMEOPKV84VI', 'A1FHS282JP487T', 'A20ALQT1HIVSAH', 'A2JP9IKRHNLRPI', 'A1PUHCEBSOWETV', 'A2B8HPIZDKYKDR', 'self_report_11']"
12_DR-100_0086_9_sentence_8.wav,"[2, 6, 7, 7, 6, 6, 2, 4, 6]","[5, 6, 2, 7, 6, 7, 5, 8, 7]","['A1PUHCEBSOWETV', 'A2NBVTY6FLBEAF', 'A2TBXASXZIRNNW', 'A2B8HPIZDKYKDR', 'ALQPGVQZEZSUE', 'A3UWM3KJYEL5XU', 'A1FP3SH704X01V', 'A2FFNO6G4FEE2N', 'self_report_12']"
14_DR-100_0088_7_sentence_1.wav,"[4, 5, 2, 2, 2, 3, 3, 4, 5]","[4, 4, 4, 5, 5, 5, 5, 4, 5]","['A2NBVTY6FLBEAF', 'ALQPGVQZEZSUE', 'A1FP3SH704X01V', 'A1FHS282JP487T', 'A20ALQT1HIVSAH', 'A2FFNO6G4FEE2N', 'A2T007HZK66WM', 'A2B6WQG0A9CKXQ', 'self_report_14']"
12_DR-100_0086_1_sentence_8.wav,"[6, 2, 4, 2, 7, 3, 1, 4, 4]","[4, 5, 4, 6, 7, 6, 5, 6, 4]","['A27SMEOPKV84VI', 'A2FFNO6G4FEE2N', 'A2B8HPIZDKYKDR', 'A20ALQT1HIVSAH', 'A3UWM3KJYEL5XU', 'A1PUHCEBSOWETV', 'A3TWYQENN82FJI', 'ALQPGVQZEZSUE', 'self_report_12']"
16_DR-100_0102_5_sentence_10.wav,"[3, 7, 6, 2, 4, 1, 6, 2, 5]","[6, 3, 7, 6, 6, 4, 4, 6, 8]","['A1PUHCEBSOWETV', 'A2TBXASXZIRNNW', 'A3UWM3KJYEL5XU', 'A1FHS282JP487T', 'A2JP9IKRHNLRPI', 'A27PBC5O3Z5ZED', 'ALQPGVQZEZSUE', 'A3KCUB6P3IE8NL', 'self_report_16']"
19_DR-100_0097_7_sentence_2.wav,"[2, 3, 6, 1, 4, 3, 4, 3, 7]","[6, 5, 3, 5, 5, 4, 6, 5, 6]","['A1PUHCEBSOWETV', 'A1ET2J1PIP0RGO', 'A2TBXASXZIRNNW', 'A1FHS282JP487T', 'A2JP9IKRHNLRPI', 'A3UWM3KJYEL5XU', 'A27PBC5O3Z5ZED', 'ALQPGVQZEZSUE', 'self_report_19']"
17_DR-100_0094_1_sentence_9.wav,"[2, 2, 2, 5, 2, 6, 2, 1, 5]","[6, 6, 6, 5, 5, 3, 6, 5, 6]","['A27PBC5O3Z5ZED', 'A1PUHCEBSOWETV', 'A1FHS282JP487T', 'A1ET2J1PIP0RGO', 'A3UWM3KJYEL5XU', 'A2TBXASXZIRNNW', 'A2B6WQG0A9CKXQ', 'A1FP3SH704X01V', 'self_report_17']"
16_DR-100_0102_9_sentence_3.wav,"[7, 2, 7, 4, 2, 5, 5, 2, 5]","[6, 7, 4, 6, 6, 5, 5, 5, 7]","['A3UWM3KJYEL5XU', 'A1PUHCEBSOWETV', 'A2TBXASXZIRNNW', 'A27PBC5O3Z5ZED', 'A1FHS282JP487T', 'A1ET2J1PIP0RGO', 'ALQPGVQZEZSUE', 'A1FP3SH704X01V', 'self_report_16']"
15_DR-100_0091_7_sentence_1.wav,"[6, 2, 3, 4, 6, 5, 3, 3, 5]","[7, 6, 6, 8, 6, 6, 5, 8, 8]","['A1ET2J1PIP0RGO', 'A1PUHCEBSOWETV', 'A1FHS282JP487T', 'A3UWM3KJYEL5XU', 'A2TBXASXZIRNNW', 'ALQPGVQZEZSUE', 'A27PBC5O3Z5ZED', 'A2KXARDIOGJL8T', 'self_report_15']"
17_DR-100_0094_1_sentence_7.wav,"[2, 5, 3, 3, 3, 5, 3, 3, 5]","[6, 5, 3, 6, 5, 4, 1, 4, 6]","['A1PUHCEBSOWETV', 'A2TBXASXZIRNNW', 'A3UWM3KJYEL5XU', 'A1FHS282JP487T', 'A27PBC5O3Z5ZED', 'A1ET2J1PIP0RGO', 'A2B6WQG0A9CKXQ', 'A2JP9IKRHNLRPI', 'self_report_17']"
15_DR-100_0091_9_sentence_11.wav,"[4, 6, 2, 7, 7, 3, 7, 6, 6]","[6, 4, 6, 4, 2, 4, 3, 4, 6]","['A1FHS282JP487T', 'A27PBC5O3Z5ZED', 'A1PUHCEBSOWETV', 'A1ET2J1PIP0RGO', 'A2TBXASXZIRNNW', 'AEO84PDSWW0W', 'A3UWM3KJYEL5XU', 'ALQPGVQZEZSUE', 'self_report_15']"
15_DR-100_0091_1_sentence_6.wav,"[7, 2, 6, 3, 8, 5, 4, 6, 1]","[7, 7, 8, 6, 6, 6, 6, 6, 5]","['A3UWM3KJYEL5XU', 'A1PUHCEBSOWETV', 'A2JP9IKRHNLRPI', 'A1FHS282JP487T', 'A2TBXASXZIRNNW', 'ALQPGVQZEZSUE', 'A27PBC5O3Z5ZED', 'A1ET2J1PIP0RGO', 'self_report_15']"
19_DR-100_0097_9_sentence_1.wav,"[2, 4, 5, 3, 6, 1, 1, 5, 6]","[6, 7, 6, 6, 5, 5, 5, 6, 6]","['A1PUHCEBSOWETV', 'A3UWM3KJYEL5XU', 'A2JP9IKRHNLRPI', 'A27PBC5O3Z5ZED', 'A2TBXASXZIRNNW', 'A1FHS282JP487T', 'A2KXARDIOGJL8T', 'A1ET2J1PIP0RGO', 'self_report_19']"
16_DR-100_0102_9_sentence_9.wav,"[2, 4, 3, 6, 6, 7, 5, 3, 5]","[6, 6, 6, 3, 6, 4, 5, 5, 7]","['A1PUHCEBSOWETV', 'A27PBC5O3Z5ZED', 'A1FHS282JP487T', 'A2TBXASXZIRNNW', 'A1ET2J1PIP0RGO', 'A3UWM3KJYEL5XU', 'ALQPGVQZEZSUE', 'A2B6WQG0A9CKXQ', 'self_report_16']"
17_DR-100_0094_3_sentence_3.wav,"[3, 4, 5, 4, 3, 6, 4, 3, 5]","[7, 4, 4, 6, 6, 4, 4, 4, 6]","['A1PUHCEBSOWETV', 'A2JP9IKRHNLRPI', 'A1ET2J1PIP0RGO', 'A27PBC5O3Z5ZED', 'A1FHS282JP487T', 'A2TBXASXZIRNNW', 'A3UWM3KJYEL5XU', 'A3KCUB6P3IE8NL', 'self_report_17']"
20_DR-100_0099_5_sentence_7.wav,"[2, 3, 5, 2, 2, 3, 3, 5, 3]","[6, 6, 4, 6, 6, 5, 6, 6, 3]","['A1PUHCEBSOWETV', 'A2JP9IKRHNLRPI', 'A2TBXASXZIRNNW', 'A1FHS282JP487T', 'A27PBC5O3Z5ZED', 'A1ET2J1PIP0RGO', 'A3UWM3KJYEL5XU', 'ALQPGVQZEZSUE', 'self_report_20']"
16_DR-100_0102_5_sentence_4.wav,"[2, 5, 5, 4, 6, 2, 2, 5, 5]","[6, 3, 4, 6, 9, 7, 6, 6, 8]","['A1PUHCEBSOWETV', 'A2TBXASXZIRNNW', 'A27PBC5O3Z5ZED', 'A2JP9IKRHNLRPI', 'A3UWM3KJYEL5XU', 'A2B6WQG0A9CKXQ', 'A1FHS282JP487T', 'A27SMEOPKV84VI', 'self_report_16']"
18_DR-100_0095_9_sentence_8.wav,"[3, 2, 4, 1, 5, 3, 2, 3, 5]","[6, 3, 5, 5, 4, 6, 6, 5, 6]","['A1PUHCEBSOWETV', 'ADLYO655RWJUI', 'A2JP9IKRHNLRPI', 'A1FHS282JP487T', 'A2TBXASXZIRNNW', 'A3UWM3KJYEL5XU', 'A2B6WQG0A9CKXQ', 'A27PBC5O3Z5ZED', 'self_report_18']"
15_DR-100_0091_1_sentence_9.wav,"[6, 2, 6, 7, 5, 4, 6, 6, 1]","[2, 6, 4, 3, 4, 6, 2, 4, 5]","['A2JP9IKRHNLRPI', 'A1PUHCEBSOWETV', 'A2TBXASXZIRNNW', 'A3UWM3KJYEL5XU', 'A27PBC5O3Z5ZED', 'A1FHS282JP487T', 'AEO84PDSWW0W', 'A1ET2J1PIP0RGO', 'self_report_15']"
15_DR-100_0091_3_sentence_2.wav,"[2, 3, 7, 6, 7, 5, 6, 5, 2]","[6, 6, 5, 5, 5, 5, 7, 6, 5]","['A1PUHCEBSOWETV', 'A1FHS282JP487T', 'A2TBXASXZIRNNW', 'ALQPGVQZEZSUE', 'A3UWM3KJYEL5XU', 'A2JP9IKRHNLRPI', 'A2KXARDIOGJL8T', 'A27PBC5O3Z5ZED', 'self_report_15']"
17_DR-100_0094_9_sentence_1.wav,"[2, 4, 6, 4, 2, 3, 4, 6, 5]","[6, 6, 4, 5, 6, 5, 5, 5, 5]","['A1PUHCEBSOWETV', 'A27PBC5O3Z5ZED', 'A2TBXASXZIRNNW', 'A2JP9IKRHNLRPI', 'A1FHS282JP487T', 'A3UWM3KJYEL5XU', 'A2B6WQG0A9CKXQ', 'A27SMEOPKV84VI', 'self_report_17']"
17_DR-100_0094_7_sentence_9.wav,"[4, 2, 4, 2, 7, 4, 2, 3, 6]","[3, 6, 3, 6, 4, 6, 4, 4, 5]","['A3UWM3KJYEL5XU', 'A1PUHCEBSOWETV', 'A2JP9IKRHNLRPI', 'A1FHS282JP487T', 'A2TBXASXZIRNNW', 'A27PBC5O3Z5ZED', 'A1FP3SH704X01V', 'A2KXARDIOGJL8T', 'self_report_17']"
15_DR-100_0091_7_sentence_9.wav,"[6, 2, 7, 7, 6, 4, 5, 6, 5]","[8, 6, 6, 7, 8, 6, 6, 7, 8]","['A3UWM3KJYEL5XU', 'A1PUHCEBSOWETV', 'A2TBXASXZIRNNW', 'A1ET2J1PIP0RGO', 'A2JP9IKRHNLRPI', 'A1FHS282JP487T', 'A27PBC5O3Z5ZED', 'A2KXARDIOGJL8T', 'self_report_15']"
16_DR-100_0102_1_sentence_8.wav,"[2, 3, 5, 6, 4, 5, 7, 7, 4]","[6, 6, 7, 9, 7, 7, 8, 8, 7]","['A1PUHCEBSOWETV', 'A1FHS282JP487T', 'A2JP9IKRHNLRPI', 'A3UWM3KJYEL5XU', 'A27PBC5O3Z5ZED', 'ALQPGVQZEZSUE', 'A2TBXASXZIRNNW', 'A1ET2J1PIP0RGO', 'self_report_16']"
17_DR-100_0094_9_sentence_3.wav,"[6, 2, 3, 3, 5, 4, 5, 5, 5]","[3, 6, 3, 6, 4, 4, 4, 5, 5]","['A2TBXASXZIRNNW', 'A1PUHCEBSOWETV', 'A3UWM3KJYEL5XU', 'A1FHS282JP487T', 'ALQPGVQZEZSUE', 'A27PBC5O3Z5ZED', 'A1ET2J1PIP0RGO', 'A2B6WQG0A9CKXQ', 'self_report_17']"
15_DR-100_0091_7_sentence_7.wav,"[6, 7, 2, 3, 5, 7, 6, 5, 5]","[7, 4, 6, 6, 7, 9, 8, 6, 8]","['A2JP9IKRHNLRPI', 'A2TBXASXZIRNNW', 'A1PUHCEBSOWETV', 'A1FHS282JP487T', 'ALQPGVQZEZSUE', 'A2B6WQG0A9CKXQ', 'A3UWM3KJYEL5XU', 'A27PBC5O3Z5ZED', 'self_report_15']"
17_DR-100_0094_3_sentence_7.wav,"[6, 2, 3, 5, 3, 3, 5, 4, 5]","[4, 6, 4, 6, 6, 6, 4, 3, 6]","['A2TBXASXZIRNNW', 'A1PUHCEBSOWETV', 'A3UWM3KJYEL5XU', 'A1ET2J1PIP0RGO', 'A1FHS282JP487T', 'A27PBC5O3Z5ZED', 'A2B6WQG0A9CKXQ', 'A2JP9IKRHNLRPI', 'self_report_17']"
19_DR-100_0097_7_sentence_7.wav,"[2, 4, 4, 2, 3, 1, 3, 5, 7]","[6, 6, 6, 6, 6, 5, 4, 6, 6]","['A1PUHCEBSOWETV', 'A2JP9IKRHNLRPI', 'A2TBXASXZIRNNW', 'A3UWM3KJYEL5XU', 'A27PBC5O3Z5ZED', 'A1FHS282JP487T', 'ALQPGVQZEZSUE', 'A1ET2J1PIP0RGO', 'self_report_19']"
20_DR-100_0099_3_sentence_6.wav,"[2, 5, 4, 2, 2, 3, 5, 3, 2]","[6, 4, 4, 5, 5, 5, 5, 5, 2]","['A1PUHCEBSOWETV', 'A2TBXASXZIRNNW', 'A2JP9IKRHNLRPI', 'A27PBC5O3Z5ZED', 'A1FHS282JP487T', 'A3UWM3KJYEL5XU', 'A1ET2J1PIP0RGO', 'A27SMEOPKV84VI', 'self_report_20']"
20_DR-100_0099_1_sentence_5.wav,"[2, 1, 2, 1, 4, 1, 3, 4, 2]","[6, 5, 4, 5, 5, 6, 3, 5, 3]","['A1PUHCEBSOWETV', 'A2JP9IKRHNLRPI', 'A27PBC5O3Z5ZED', 'A2TBXASXZIRNNW', 'ALQPGVQZEZSUE', 'A1FHS282JP487T', 'A3UWM3KJYEL5XU', 'A1FP3SH704X01V', 'self_report_20']"
15_DR-100_0091_3_sentence_13.wav,"[3, 6, 5, 6, 3, 7, 6, 5, 2]","[7, 6, 8, 6, 6, 3, 7, 8, 5]","['A1PUHCEBSOWETV', 'A27PBC5O3Z5ZED', 'A2JP9IKRHNLRPI', 'A1ET2J1PIP0RGO', 'A1FHS282JP487T', 'A2TBXASXZIRNNW', 'A3UWM3KJYEL5XU', 'A2B6WQG0A9CKXQ', 'self_report_15']"
15_DR-100_0091_5_sentence_7.wav,"[2, 6, 6, 5, 9, 6, 5, 4, 4]","[6, 6, 3, 4, 5, 4, 6, 4, 7]","['A1PUHCEBSOWETV', 'A27PBC5O3Z5ZED', 'A2JP9IKRHNLRPI', 'A3UWM3KJYEL5XU', 'A2TBXASXZIRNNW', 'A2B6WQG0A9CKXQ', 'A1FHS282JP487T', 'A1FP3SH704X01V', 'self_report_15']"
17_DR-100_0094_3_sentence_2.wav,"[2, 4, 2, 3, 5, 5, 4, 8, 5]","[6, 5, 6, 6, 5, 6, 4, 3, 6]","['A1PUHCEBSOWETV', 'A3UWM3KJYEL5XU', 'A1FHS282JP487T', 'A27PBC5O3Z5ZED', 'A2JP9IKRHNLRPI', 'A1ET2J1PIP0RGO', 'AEO84PDSWW0W', 'A2TBXASXZIRNNW', 'self_report_17']"
16_DR-100_0102_9_sentence_8.wav,"[5, 2, 6, 5, 2, 6, 3, 4, 5]","[4, 6, 3, 4, 6, 4, 3, 4, 7]","['A2JP9IKRHNLRPI', 'A1PUHCEBSOWETV', 'A3UWM3KJYEL5XU', 'A1ET2J1PIP0RGO', 'A1FHS282JP487T', 'A2TBXASXZIRNNW', 'A2B6WQG0A9CKXQ', 'A27PBC5O3Z5ZED', 'self_report_16']"
15_DR-100_0091_5_sentence_11.wav,"[2, 6, 6, 5, 5, 6, 2, 8, 4]","[6, 6, 4, 3, 2, 2, 6, 4, 7]","['A1PUHCEBSOWETV', 'A27PBC5O3Z5ZED', 'A1ET2J1PIP0RGO', 'ALQPGVQZEZSUE', 'A2JP9IKRHNLRPI', 'A3UWM3KJYEL5XU', 'A1FHS282JP487T', 'A2TBXASXZIRNNW', 'self_report_15']"
17_DR-100_0094_3_sentence_10.wav,"[2, 5, 3, 7, 3, 4, 6, 2, 5]","[6, 6, 6, 4, 5, 4, 4, 4, 6]","['A1PUHCEBSOWETV', 'A1ET2J1PIP0RGO', 'A1FHS282JP487T', 'A2TBXASXZIRNNW', 'A2B6WQG0A9CKXQ', 'A3UWM3KJYEL5XU', 'A27SMEOPKV84VI', 'A27PBC5O3Z5ZED', 'self_report_17']"
19_DR-100_0097_9_sentence_2.wav,"[2, 2, 4, 2, 4, 7, 3, 3, 6]","[6, 5, 5, 4, 5, 3, 4, 4, 6]","['A1PUHCEBSOWETV', 'A1FHS282JP487T', 'A2JP9IKRHNLRPI', 'A3KCUB6P3IE8NL', 'ALQPGVQZEZSUE', 'A2TBXASXZIRNNW', 'A3UWM3KJYEL5XU', 'AEO84PDSWW0W', 'self_report_19']"
15_DR-100_0091_7_sentence_8.wav,"[6, 7, 2, 7, 3, 6, 7, 5, 5]","[7, 6, 6, 6, 6, 9, 6, 6, 8]","['A2JP9IKRHNLRPI', 'A3UWM3KJYEL5XU', 'A1PUHCEBSOWETV', 'A2TBXASXZIRNNW', 'A1FHS282JP487T', 'A2B6WQG0A9CKXQ', 'A1ET2J1PIP0RGO', 'A27PBC5O3Z5ZED', 'self_report_15']"
20_DR-100_0099_5_sentence_5.wav,"[5, 2, 2, 5, 3, 3, 5, 2, 3]","[7, 6, 6, 3, 6, 4, 4, 4, 3]","['A3UWM3KJYEL5XU', 'A27PBC5O3Z5ZED', 'A1PUHCEBSOWETV', 'A2TBXASXZIRNNW', 'A1FHS282JP487T', 'ALQPGVQZEZSUE', 'A1ET2J1PIP0RGO', 'A1FP3SH704X01V', 'self_report_20']"
19_DR-100_0097_1_sentence_7.wav,"[4, 5, 6, 3, 3, 3, 4, 6, 5]","[6, 5, 5, 7, 6, 6, 6, 5, 6]","['A1ET2J1PIP0RGO', 'A2JP9IKRHNLRPI', 'A2TBXASXZIRNNW', 'A1PUHCEBSOWETV', 'A1FHS282JP487T', 'A27PBC5O3Z5ZED', 'A3UWM3KJYEL5XU', 'A27SMEOPKV84VI', 'self_report_19']"
20_DR-100_0099_7_sentence_1.wav,"[3, 2, 5, 3, 2, 2, 2, 2, 2]","[3, 6, 6, 4, 6, 6, 3, 4, 2]","['A2TBXASXZIRNNW', 'A1PUHCEBSOWETV', 'A1ET2J1PIP0RGO', 'ALQPGVQZEZSUE', 'A3UWM3KJYEL5XU', 'A1FHS282JP487T', 'A27PBC5O3Z5ZED', 'A27SMEOPKV84VI', 'self_report_20']"
19_DR-100_0097_9_sentence_6.wav,"[2, 5, 3, 4, 1, 2, 2, 4, 6]","[5, 4, 4, 4, 5, 5, 4, 5, 6]","['A1PUHCEBSOWETV', 'A2TBXASXZIRNNW', 'A3UWM3KJYEL5XU', 'ALQPGVQZEZSUE', 'A1FHS282JP487T', 'A2B6WQG0A9CKXQ', 'A27PBC5O3Z5ZED', 'A1ET2J1PIP0RGO', 'self_report_19']"
15_DR-100_0091_3_sentence_11.wav,"[7, 2, 4, 8, 7, 9, 3, 7, 2]","[5, 6, 7, 7, 7, 3, 5, 6, 5]","['A1ET2J1PIP0RGO', 'A1PUHCEBSOWETV', 'A1FHS282JP487T', 'A3UWM3KJYEL5XU', 'A27PBC5O3Z5ZED', 'A2TBXASXZIRNNW', 'A3KCUB6P3IE8NL', 'ALQPGVQZEZSUE', 'self_report_15']"
18_DR-100_0095_7_sentence_2.wav,"[3, 2, 5, 5, 3, 3, 3, 5, 4]","[4, 6, 5, 3, 3, 6, 4, 4, 5]","['A27PBC5O3Z5ZED', 'A1PUHCEBSOWETV', 'A2TBXASXZIRNNW', 'A1ET2J1PIP0RGO', 'A3UWM3KJYEL5XU', 'A1FHS282JP487T', 'A2B6WQG0A9CKXQ', 'ALQPGVQZEZSUE', 'self_report_18']"
15_DR-100_0091_1_sentence_12.wav,"[6, 4, 7, 2, 3, 5, 6, 6, 1]","[6, 6, 7, 6, 6, 7, 6, 7, 5]","['A2JP9IKRHNLRPI', 'A3UWM3KJYEL5XU', 'A2TBXASXZIRNNW', 'A1PUHCEBSOWETV', 'A1FHS282JP487T', 'A27PBC5O3Z5ZED', 'ALQPGVQZEZSUE', 'A2B6WQG0A9CKXQ', 'self_report_15']"
15_DR-100_0091_1_sentence_7.wav,"[6, 6, 2, 5, 3, 4, 3, 5, 1]","[6, 5, 6, 6, 6, 5, 6, 5, 5]","['A3UWM3KJYEL5XU', 'A2TBXASXZIRNNW', 'A1PUHCEBSOWETV', 'A2JP9IKRHNLRPI', 'A1FHS282JP487T', 'A2B6WQG0A9CKXQ', 'A27PBC5O3Z5ZED', 'ALQPGVQZEZSUE', 'self_report_15']"
15_DR-100_0091_1_sentence_5.wav,"[4, 4, 3, 7, 5, 6, 3, 2, 1]","[7, 6, 7, 5, 7, 8, 6, 5, 5]","['A3UWM3KJYEL5XU', 'A1FHS282JP487T', 'A1PUHCEBSOWETV', 'A2TBXASXZIRNNW', 'A27PBC5O3Z5ZED', 'A2B6WQG0A9CKXQ', 'A2KXARDIOGJL8T', 'A3KCUB6P3IE8NL', 'self_report_15']"
15_DR-100_0091_1_sentence_13.wav,"[2, 8, 6, 6, 5, 6, 3, 7, 1]","[6, 3, 5, 6, 7, 3, 6, 6, 5]","['A1PUHCEBSOWETV', 'A2TBXASXZIRNNW', 'A1ET2J1PIP0RGO', 'A27PBC5O3Z5ZED', 'A2JP9IKRHNLRPI', 'A3UWM3KJYEL5XU', 'A1FHS282JP487T', 'A2B6WQG0A9CKXQ', 'self_report_15']"
16_DR-100_0102_5_sentence_1.wav,"[2, 3, 6, 2, 5, 5, 3, 2, 5]","[6, 6, 5, 6, 7, 8, 9, 6, 8]","['A1PUHCEBSOWETV', 'A27PBC5O3Z5ZED', 'A2TBXASXZIRNNW', 'A1FHS282JP487T', 'A2JP9IKRHNLRPI', 'A3UWM3KJYEL5XU', 'A2B6WQG0A9CKXQ', 'AEO84PDSWW0W', 'self_report_16']"
15_DR-100_0091_9_sentence_5.wav,"[5, 6, 3, 4, 7, 4, 6, 5, 6]","[6, 6, 7, 6, 3, 6, 7, 7, 6]","['A1ET2J1PIP0RGO', 'A2JP9IKRHNLRPI', 'A1PUHCEBSOWETV', 'A27PBC5O3Z5ZED', 'A2TBXASXZIRNNW', 'A1FHS282JP487T', 'A3UWM3KJYEL5XU', 'A2KXARDIOGJL8T', 'self_report_15']"
19_DR-100_0097_1_sentence_8.wav,"[2, 3, 4, 3, 1, 2, 3, 4, 5]","[5, 4, 3, 5, 5, 4, 5, 5, 6]","['A1PUHCEBSOWETV', 'A27PBC5O3Z5ZED', 'A2TBXASXZIRNNW', 'ALQPGVQZEZSUE', 'A1FHS282JP487T', 'A3UWM3KJYEL5XU', 'A27SMEOPKV84VI', 'A2JP9IKRHNLRPI', 'self_report_19']"
17_DR-100_0094_7_sentence_6.wav,"[5, 2, 5, 8, 5, 3, 4, 5, 6]","[3, 6, 4, 4, 7, 7, 4, 4, 5]","['A3UWM3KJYEL5XU', 'A1PUHCEBSOWETV', 'A2JP9IKRHNLRPI', 'A2TBXASXZIRNNW', 'A27PBC5O3Z5ZED', 'A1FHS282JP487T', 'ALQPGVQZEZSUE', 'A1ET2J1PIP0RGO', 'self_report_17']"
19_DR-100_0097_9_sentence_4.wav,"[2, 4, 2, 2, 3, 1, 3, 2, 6]","[6, 5, 4, 4, 4, 5, 5, 4, 6]","['A1PUHCEBSOWETV', 'A2TBXASXZIRNNW', 'A3UWM3KJYEL5XU', 'A27PBC5O3Z5ZED', 'A2JP9IKRHNLRPI', 'A1FHS282JP487T', 'A1ET2J1PIP0RGO', 'A3KCUB6P3IE8NL', 'self_report_19']"
20_DR-100_0099_9_sentence_6.wav,"[3, 2, 2, 5, 1, 3, 2, 5, 3]","[3, 6, 4, 5, 6, 4, 3, 4, 3]","['A2JP9IKRHNLRPI', 'A1PUHCEBSOWETV', 'A27PBC5O3Z5ZED', 'A2TBXASXZIRNNW', 'A1FHS282JP487T', 'A3UWM3KJYEL5XU', 'A2B6WQG0A9CKXQ', 'A1ET2J1PIP0RGO', 'self_report_20']"
15_DR-100_0091_5_sentence_1.wav,"[7, 4, 2, 6, 3, 7, 7, 6, 4]","[5, 6, 6, 3, 6, 4, 5, 6, 7]","['A2TBXASXZIRNNW', 'A27PBC5O3Z5ZED', 'A1PUHCEBSOWETV', 'A2JP9IKRHNLRPI', 'A1FHS282JP487T', 'A3UWM3KJYEL5XU', 'A27SMEOPKV84VI', 'A1ET2J1PIP0RGO', 'self_report_15']"
20_DR-100_0099_1_sentence_1.wav,"[2, 4, 6, 2, 2, 1, 2, 4, 2]","[3, 4, 3, 4, 6, 2, 5, 3, 3]","['A3UWM3KJYEL5XU', 'A1PUHCEBSOWETV', 'A2TBXASXZIRNNW', 'A27PBC5O3Z5ZED', 'A1FHS282JP487T', 'A2B6WQG0A9CKXQ', 'A2KXARDIOGJL8T', 'A27SMEOPKV84VI', 'self_report_20']"
17_DR-100_0094_3_sentence_8.wav,"[5, 3, 2, 4, 2, 3, 2, 5, 5]","[4, 4, 6, 5, 6, 4, 5, 5, 6]","['A2TBXASXZIRNNW', 'A27PBC5O3Z5ZED', 'A1PUHCEBSOWETV', 'A2JP9IKRHNLRPI', 'A1FHS282JP487T', 'A3UWM3KJYEL5XU', 'A3KCUB6P3IE8NL', 'A1ET2J1PIP0RGO', 'self_report_17']"
16_DR-100_0102_1_sentence_9.wav,"[2, 3, 3, 3, 7, 5, 5, 7, 4]","[6, 6, 6, 6, 5, 6, 6, 8, 7]","['A1PUHCEBSOWETV', 'A1FHS282JP487T', 'A3UWM3KJYEL5XU', 'A27PBC5O3Z5ZED', 'A2TBXASXZIRNNW', 'ALQPGVQZEZSUE', 'A27SMEOPKV84VI', 'A1ET2J1PIP0RGO', 'self_report_16']"
19_DR-100_0097_3_sentence_9.wav,"[2, 2, 4, 2, 6, 3, 1, 2, 6]","[4, 6, 5, 6, 3, 4, 5, 5, 5]","['A27PBC5O3Z5ZED', 'A1PUHCEBSOWETV', 'A2JP9IKRHNLRPI', 'A3UWM3KJYEL5XU', 'A2TBXASXZIRNNW', 'AEO84PDSWW0W', 'A1FHS282JP487T', 'A2B6WQG0A9CKXQ', 'self_report_19']"
15_DR-100_0091_1_sentence_2.wav,"[4, 2, 6, 8, 4, 5, 5, 4, 1]","[7, 6, 7, 5, 6, 7, 7, 5, 5]","['A1PUHCEBSOWETV', 'A1FHS282JP487T', 'A1ET2J1PIP0RGO', 'A2TBXASXZIRNNW', 'A3UWM3KJYEL5XU', 'A2JP9IKRHNLRPI', 'A2B6WQG0A9CKXQ', 'A27PBC5O3Z5ZED', 'self_report_15']"
18_DR-100_0095_3_sentence_7.wav,"[2, 6, 3, 4, 3, 3, 3, 5, 4]","[6, 4, 7, 5, 6, 6, 7, 6, 6]","['A1PUHCEBSOWETV', 'A2TBXASXZIRNNW', 'A1FHS282JP487T', 'A2JP9IKRHNLRPI', 'A3KCUB6P3IE8NL', 'A3UWM3KJYEL5XU', 'A3APMO8WXVH1V0', 'A27SMEOPKV84VI', 'self_report_18']"
17_DR-100_0094_1_sentence_11.wav,"[2, 3, 3, 6, 4, 4, 5, 6, 5]","[6, 6, 6, 5, 6, 6, 5, 5, 6]","['A1PUHCEBSOWETV', 'A3UWM3KJYEL5XU', 'A1FHS282JP487T', 'A2TBXASXZIRNNW', 'A27PBC5O3Z5ZED', 'A2JP9IKRHNLRPI', 'ALQPGVQZEZSUE', 'A2KXARDIOGJL8T', 'self_report_17']"
18_DR-100_0095_9_sentence_5.wav,"[2, 2, 5, 2, 2, 4, 2, 4, 5]","[6, 6, 4, 6, 5, 5, 5, 5, 6]","['A3UWM3KJYEL5XU', 'A1PUHCEBSOWETV', 'A2TBXASXZIRNNW', 'A27PBC5O3Z5ZED', 'A2B6WQG0A9CKXQ', 'ALQPGVQZEZSUE', 'A1FHS282JP487T', 'A27SMEOPKV84VI', 'self_report_18']"
19_DR-100_0097_5_sentence_9.wav,"[1, 6, 2, 5, 4, 4, 4, 5, 7]","[5, 3, 7, 4, 6, 4, 3, 3, 7]","['A1FHS282JP487T', 'A2TBXASXZIRNNW', 'A1PUHCEBSOWETV', 'A1ET2J1PIP0RGO', 'A27PBC5O3Z5ZED', 'ALQPGVQZEZSUE', 'A3UWM3KJYEL5XU', 'A2JP9IKRHNLRPI', 'self_report_19']"
19_DR-100_0097_9_sentence_5.wav,"[1, 3, 2, 7, 2, 2, 2, 6, 6]","[5, 7, 3, 3, 4, 4, 5, 7, 6]","['A1FHS282JP487T', 'A1PUHCEBSOWETV', 'A3UWM3KJYEL5XU', 'A2TBXASXZIRNNW', 'A3KCUB6P3IE8NL', 'A2B6WQG0A9CKXQ', 'A27PBC5O3Z5ZED', 'A1ET2J1PIP0RGO', 'self_report_19']"
15_DR-100_0091_5_sentence_9.wav,"[7, 7, 2, 6, 5, 4, 6, 4, 4]","[3, 2, 4, 4, 4, 6, 2, 6, 7]","['A1ET2J1PIP0RGO', 'A3UWM3KJYEL5XU', 'A1PUHCEBSOWETV', 'A2TBXASXZIRNNW', 'ALQPGVQZEZSUE', 'A27PBC5O3Z5ZED', 'A2JP9IKRHNLRPI', 'A1FHS282JP487T', 'self_report_15']"
17_DR-100_0094_9_sentence_8.wav,"[3, 5, 6, 3, 5, 4, 4, 5, 5]","[6, 6, 6, 6, 6, 6, 6, 6, 5]","['A1PUHCEBSOWETV', 'A2JP9IKRHNLRPI', 'A2TBXASXZIRNNW', 'A3UWM3KJYEL5XU', 'ALQPGVQZEZSUE', 'A1FHS282JP487T', 'A27PBC5O3Z5ZED', 'A1ET2J1PIP0RGO', 'self_report_17']"
16_DR-100_0102_5_sentence_9.wav,"[2, 2, 5, 6, 4, 2, 4, 5, 5]","[6, 5, 5, 7, 6, 6, 6, 6, 8]","['A1PUHCEBSOWETV', 'A1FHS282JP487T', 'A2TBXASXZIRNNW', 'A1ET2J1PIP0RGO', 'A2JP9IKRHNLRPI', 'A3UWM3KJYEL5XU', 'A27PBC5O3Z5ZED', 'ALQPGVQZEZSUE', 'self_report_16']"
16_DR-100_0102_3_sentence_7.wav,"[7, 2, 4, 4, 5, 6, 5, 3, 5]","[7, 6, 7, 6, 4, 7, 6, 6, 8]","['A2TBXASXZIRNNW', 'A1PUHCEBSOWETV', 'A1FHS282JP487T', 'A27PBC5O3Z5ZED', 'A3UWM3KJYEL5XU', 'A1ET2J1PIP0RGO', 'ALQPGVQZEZSUE', 'A3KCUB6P3IE8NL', 'self_report_16']"
20_DR-100_0099_1_sentence_6.wav,"[3, 5, 3, 3, 3, 2, 3, 3, 2]","[5, 5, 7, 5, 5, 6, 6, 5, 3]","['A1ET2J1PIP0RGO', 'A2TBXASXZIRNNW', 'A1PUHCEBSOWETV', 'A2JP9IKRHNLRPI', 'A3UWM3KJYEL5XU', 'A1FHS282JP487T', 'A27PBC5O3Z5ZED', 'ALQPGVQZEZSUE', 'self_report_20']"
20_DR-100_0099_1_sentence_7.wav,"[2, 2, 3, 2, 6, 4, 1, 3, 2]","[6, 6, 4, 4, 3, 6, 5, 5, 3]","['A1PUHCEBSOWETV', 'A1FHS282JP487T', 'A27PBC5O3Z5ZED', 'A3UWM3KJYEL5XU', 'A2TBXASXZIRNNW', 'A2JP9IKRHNLRPI', 'A2KXARDIOGJL8T', 'A27SMEOPKV84VI', 'self_report_20']"
17_DR-100_0094_7_sentence_5.wav,"[2, 4, 7, 8, 6, 5, 5, 7, 6]","[6, 7, 3, 3, 3, 6, 6, 3, 5]","['A1PUHCEBSOWETV', 'A1FHS282JP487T', 'A3UWM3KJYEL5XU', 'A2TBXASXZIRNNW', 'A2JP9IKRHNLRPI', 'A27PBC5O3Z5ZED', 'A2KXARDIOGJL8T', 'A2B6WQG0A9CKXQ', 'self_report_17']"
16_DR-100_0102_9_sentence_4.wav,"[6, 2, 2, 5, 3, 5, 2, 6, 5]","[4, 7, 5, 4, 6, 4, 5, 4, 7]","['A2TBXASXZIRNNW', 'A1PUHCEBSOWETV', 'A1FHS282JP487T', 'A3UWM3KJYEL5XU', 'A27PBC5O3Z5ZED', 'ALQPGVQZEZSUE', 'A1FP3SH704X01V', 'A27SMEOPKV84VI', 'self_report_16']"
15_DR-100_0091_7_sentence_5.wav,"[7, 2, 6, 6, 3, 6, 6, 7, 5]","[6, 6, 7, 7, 6, 7, 6, 7, 8]","['A2TBXASXZIRNNW', 'A1PUHCEBSOWETV', 'A2JP9IKRHNLRPI', 'A27PBC5O3Z5ZED', 'A1FHS282JP487T', 'A3UWM3KJYEL5XU', 'ALQPGVQZEZSUE', 'A1ET2J1PIP0RGO', 'self_report_15']"
18_DR-100_0095_5_sentence_1.wav,"[5, 4, 5, 4, 2, 3, 2, 2, 3]","[6, 6, 5, 7, 5, 6, 6, 7, 6]","['A1ET2J1PIP0RGO', 'A3UWM3KJYEL5XU', 'A2TBXASXZIRNNW', 'A2JP9IKRHNLRPI', 'A1FHS282JP487T', 'A27PBC5O3Z5ZED', 'A1PUHCEBSOWETV', 'A2B6WQG0A9CKXQ', 'self_report_18']"
16_DR-100_0102_7_sentence_8.wav,"[2, 2, 6, 4, 5, 4, 2, 2, 6]","[6, 6, 4, 4, 4, 6, 6, 4, 8]","['A1PUHCEBSOWETV', 'A1FHS282JP487T', 'A2TBXASXZIRNNW', 'A3UWM3KJYEL5XU', 'ALQPGVQZEZSUE', 'A27PBC5O3Z5ZED', 'A1FP3SH704X01V', 'A3KCUB6P3IE8NL', 'self_report_16']"
16_DR-100_0102_5_sentence_5.wav,"[2, 7, 5, 2, 4, 4, 6, 6, 5]","[6, 4, 7, 6, 6, 4, 5, 7, 8]","['A1PUHCEBSOWETV', 'A2TBXASXZIRNNW', 'A2JP9IKRHNLRPI', 'A1FHS282JP487T', 'A27PBC5O3Z5ZED', 'A3UWM3KJYEL5XU', 'ALQPGVQZEZSUE', 'A1ET2J1PIP0RGO', 'self_report_16']"
19_DR-100_0097_7_sentence_9.wav,"[1, 2, 4, 2, 3, 5, 4, 5, 7]","[5, 6, 5, 6, 6, 4, 6, 6, 6]","['A1FHS282JP487T', 'A1PUHCEBSOWETV', 'A2JP9IKRHNLRPI', 'A27PBC5O3Z5ZED', 'A3UWM3KJYEL5XU', 'A2TBXASXZIRNNW', 'ALQPGVQZEZSUE', 'A1ET2J1PIP0RGO', 'self_report_19']"
19_DR-100_0097_5_sentence_4.wav,"[3, 2, 2, 2, 6, 5, 2, 4, 7]","[6, 4, 4, 6, 3, 4, 6, 6, 7]","['A1PUHCEBSOWETV', 'A27PBC5O3Z5ZED', 'A3UWM3KJYEL5XU', 'A1FHS282JP487T', 'A2TBXASXZIRNNW', 'ALQPGVQZEZSUE', 'A1FP3SH704X01V', 'A27SMEOPKV84VI', 'self_report_19']"
16_DR-100_0102_3_sentence_2.wav,"[6, 2, 2, 5, 7, 5, 6, 3, 5]","[6, 6, 6, 4, 6, 6, 6, 5, 8]","['A2JP9IKRHNLRPI', 'A1PUHCEBSOWETV', 'A1FHS282JP487T', 'A3UWM3KJYEL5XU', 'A2TBXASXZIRNNW', 'A27PBC5O3Z5ZED', 'A1ET2J1PIP0RGO', 'A2KXARDIOGJL8T', 'self_report_16']"
19_DR-100_0097_1_sentence_2.wav,"[6, 2, 3, 2, 1, 5, 2, 2, 5]","[4, 4, 4, 6, 5, 4, 5, 3, 6]","['A2TBXASXZIRNNW', 'A27PBC5O3Z5ZED', 'A3UWM3KJYEL5XU', 'A1PUHCEBSOWETV', 'A1FHS282JP487T', 'A2JP9IKRHNLRPI', 'A3KCUB6P3IE8NL', 'A2B6WQG0A9CKXQ', 'self_report_19']"
19_DR-100_0097_5_sentence_2.wav,"[3, 1, 2, 4, 6, 4, 3, 3, 7]","[5, 5, 6, 6, 4, 4, 6, 5, 7]","['A1ET2J1PIP0RGO', 'A1FHS282JP487T', 'A1PUHCEBSOWETV', 'A2JP9IKRHNLRPI', 'A2TBXASXZIRNNW', 'A3UWM3KJYEL5XU', 'A27PBC5O3Z5ZED', 'A27SMEOPKV84VI', 'self_report_19']"
20_DR-100_0099_9_sentence_7.wav,"[5, 5, 4, 4, 3, 5, 2, 2, 3]","[1, 4, 2, 6, 4, 7, 6, 4, 3]","['A1PUHCEBSOWETV', 'A2TBXASXZIRNNW', 'A2JP9IKRHNLRPI', 'A3UWM3KJYEL5XU', 'A27PBC5O3Z5ZED', 'A1ET2J1PIP0RGO', 'A1FHS282JP487T', 'A1FP3SH704X01V', 'self_report_20']"
16_DR-100_0102_9_sentence_7.wav,"[7, 7, 3, 2, 4, 6, 6, 5, 5]","[4, 3, 6, 6, 6, 5, 6, 6, 7]","['A3UWM3KJYEL5XU', 'A2TBXASXZIRNNW', 'A1FHS282JP487T', 'A1PUHCEBSOWETV', 'A27PBC5O3Z5ZED', 'A27SMEOPKV84VI', 'A1ET2J1PIP0RGO', 'ALQPGVQZEZSUE', 'self_report_16']"
19_DR-100_0097_3_sentence_5.wav,"[3, 2, 1, 5, 6, 5, 5, 5, 6]","[4, 6, 5, 5, 4, 5, 6, 5, 5]","['A27PBC5O3Z5ZED', 'A1PUHCEBSOWETV', 'A1FHS282JP487T', 'A2JP9IKRHNLRPI', 'A2TBXASXZIRNNW', 'A1ET2J1PIP0RGO', 'A3UWM3KJYEL5XU', 'ALQPGVQZEZSUE', 'self_report_19']"
17_DR-100_0094_1_sentence_8.wav,"[2, 3, 6, 3, 3, 5, 4, 4, 5]","[6, 6, 6, 6, 6, 6, 5, 8, 6]","['A1PUHCEBSOWETV', 'A27PBC5O3Z5ZED', 'A2TBXASXZIRNNW', 'A1FHS282JP487T', 'A3UWM3KJYEL5XU', 'ALQPGVQZEZSUE', 'A1ET2J1PIP0RGO', 'A2B6WQG0A9CKXQ', 'self_report_17']"
20_DR-100_0099_7_sentence_4.wav,"[2, 2, 5, 4, 2, 9, 5, 4, 2]","[6, 6, 2, 3, 6, 1, 7, 4, 2]","['A1FHS282JP487T', 'A27PBC5O3Z5ZED', 'A2JP9IKRHNLRPI', 'A3UWM3KJYEL5XU', 'A1PUHCEBSOWETV', 'A2TBXASXZIRNNW', 'A1ET2J1PIP0RGO', 'A27SMEOPKV84VI', 'self_report_20']"
18_DR-100_0095_3_sentence_4.wav,"[4, 2, 2, 3, 7, 3, 3, 2, 4]","[5, 6, 6, 6, 5, 5, 7, 4, 6]","['A2JP9IKRHNLRPI', 'A1PUHCEBSOWETV', 'A1FHS282JP487T', 'A27PBC5O3Z5ZED', 'A2TBXASXZIRNNW', 'A3UWM3KJYEL5XU', 'A2B6WQG0A9CKXQ', 'A1FP3SH704X01V', 'self_report_18']"
19_DR-100_0097_7_sentence_4.wav,"[3, 2, 2, 2, 4, 1, 5, 1, 7]","[6, 5, 6, 6, 6, 5, 3, 7, 6]","['A1ET2J1PIP0RGO', 'A27PBC5O3Z5ZED', 'A3UWM3KJYEL5XU', 'A1PUHCEBSOWETV', 'A2JP9IKRHNLRPI', 'A1FHS282JP487T', 'A2TBXASXZIRNNW', 'A2B6WQG0A9CKXQ', 'self_report_19']"
17_DR-100_0094_9_sentence_6.wav,"[2, 3, 4, 3, 7, 5, 5, 4, 5]","[5, 6, 6, 3, 3, 5, 4, 6, 5]","['A1PUHCEBSOWETV', 'A1FHS282JP487T', 'A27PBC5O3Z5ZED', 'A3UWM3KJYEL5XU', 'A2TBXASXZIRNNW', 'A2B6WQG0A9CKXQ', 'ALQPGVQZEZSUE', 'A2JP9IKRHNLRPI', 'self_report_17']"
20_DR-100_0099_9_sentence_1.wav,"[4, 2, 6, 2, 4, 4, 4, 5, 3]","[6, 6, 5, 6, 5, 6, 5, 5, 3]","['A1ET2J1PIP0RGO', 'A1PUHCEBSOWETV', 'A2TBXASXZIRNNW', 'A1FHS282JP487T', 'A2JP9IKRHNLRPI', 'A27PBC5O3Z5ZED', 'A3UWM3KJYEL5XU', 'ALQPGVQZEZSUE', 'self_report_20']"
17_DR-100_0094_7_sentence_3.wav,"[2, 7, 5, 4, 3, 2, 4, 4, 6]","[6, 4, 2, 6, 4, 6, 5, 3, 5]","['A1PUHCEBSOWETV', 'A2TBXASXZIRNNW', 'A3UWM3KJYEL5XU', 'A27PBC5O3Z5ZED', 'A3KCUB6P3IE8NL', 'A1FHS282JP487T', 'A3APMO8WXVH1V0', 'A2JP9IKRHNLRPI', 'self_report_17']"
15_DR-100_0091_1_sentence_4.wav,"[7, 3, 9, 8, 3, 5, 7, 2, 1]","[4, 7, 4, 4, 6, 6, 3, 4, 5]","['A1ET2J1PIP0RGO', 'A1PUHCEBSOWETV', 'A3UWM3KJYEL5XU', 'A2TBXASXZIRNNW', 'A1FHS282JP487T', 'A27PBC5O3Z5ZED', 'A2JP9IKRHNLRPI', 'A3KCUB6P3IE8NL', 'self_report_15']"
19_DR-100_0097_5_sentence_5.wav,"[2, 1, 6, 2, 4, 3, 3, 2, 7]","[6, 5, 3, 4, 4, 4, 4, 3, 7]","['A1PUHCEBSOWETV', 'A1FHS282JP487T', 'A2TBXASXZIRNNW', 'A3UWM3KJYEL5XU', 'A2JP9IKRHNLRPI', 'ALQPGVQZEZSUE', 'A27PBC5O3Z5ZED', 'A2B6WQG0A9CKXQ', 'self_report_19']"
16_DR-100_0102_7_sentence_4.wav,"[2, 2, 5, 4, 6, 6, 6, 6, 6]","[7, 6, 4, 6, 3, 4, 5, 6, 8]","['A1PUHCEBSOWETV', 'A1FHS282JP487T', 'A2JP9IKRHNLRPI', 'A27PBC5O3Z5ZED', 'A3UWM3KJYEL5XU', 'A2TBXASXZIRNNW', 'A1ET2J1PIP0RGO', 'A2KXARDIOGJL8T', 'self_report_16']"
19_DR-100_0097_5_sentence_3.wav,"[2, 5, 2, 1, 4, 3, 3, 1, 7]","[4, 2, 6, 5, 3, 6, 5, 4, 7]","['A3UWM3KJYEL5XU', 'A2TBXASXZIRNNW', 'A1PUHCEBSOWETV', 'A1FHS282JP487T', 'A2JP9IKRHNLRPI', 'A27PBC5O3Z5ZED', 'ALQPGVQZEZSUE', 'A3KCUB6P3IE8NL', 'self_report_19']"
15_DR-100_0091_5_sentence_5.wav,"[2, 6, 6, 8, 6, 8, 4, 3, 4]","[6, 3, 6, 2, 4, 4, 6, 4, 7]","['A1PUHCEBSOWETV', 'A2JP9IKRHNLRPI', 'A27PBC5O3Z5ZED', 'A3UWM3KJYEL5XU', 'ALQPGVQZEZSUE', 'A2TBXASXZIRNNW', 'A1FHS282JP487T', 'A3KCUB6P3IE8NL', 'self_report_15']"
17_DR-100_0094_9_sentence_11.wav,"[2, 5, 6, 3, 4, 3, 5, 3, 5]","[6, 6, 6, 6, 7, 8, 6, 6, 5]","['A1PUHCEBSOWETV', 'A1ET2J1PIP0RGO', 'A2TBXASXZIRNNW', 'A1FHS282JP487T', 'A2JP9IKRHNLRPI', 'A3UWM3KJYEL5XU', 'ALQPGVQZEZSUE', 'A27PBC5O3Z5ZED', 'self_report_17']"
20_DR-100_0099_9_sentence_3.wav,"[2, 2, 2, 6, 3, 4, 2, 2, 3]","[6, 6, 6, 3, 7, 5, 5, 4, 3]","['A1FHS282JP487T', 'A1PUHCEBSOWETV', 'A27PBC5O3Z5ZED', 'A2TBXASXZIRNNW', 'A3UWM3KJYEL5XU', 'A1ET2J1PIP0RGO', 'A2B6WQG0A9CKXQ', 'AEO84PDSWW0W', 'self_report_20']"
15_DR-100_0091_7_sentence_4.wav,"[3, 6, 8, 5, 4, 3, 6, 2, 5]","[7, 9, 2, 4, 6, 6, 4, 6, 8]","['A1PUHCEBSOWETV', 'A3UWM3KJYEL5XU', 'A2TBXASXZIRNNW', 'A27PBC5O3Z5ZED', 'A1FHS282JP487T', 'A3KCUB6P3IE8NL', 'A1ET2J1PIP0RGO', 'A1FP3SH704X01V', 'self_report_15']"
16_DR-100_0102_5_sentence_7.wav,"[2, 6, 5, 2, 6, 4, 7, 5, 5]","[6, 4, 6, 6, 4, 7, 7, 6, 8]","['A1PUHCEBSOWETV', 'A2TBXASXZIRNNW', 'A27PBC5O3Z5ZED', 'A1FHS282JP487T', 'A3UWM3KJYEL5XU', 'A2B6WQG0A9CKXQ', 'A1ET2J1PIP0RGO', 'ALQPGVQZEZSUE', 'self_report_16']"
15_DR-100_0091_5_sentence_2.wav,"[3, 2, 5, 6, 5, 7, 4, 3, 4]","[5, 6, 3, 4, 6, 3, 3, 3, 7]","['A1FHS282JP487T', 'A1PUHCEBSOWETV', 'A3UWM3KJYEL5XU', 'A1ET2J1PIP0RGO', 'A27PBC5O3Z5ZED', 'A2TBXASXZIRNNW', 'A1FP3SH704X01V', 'A2KXARDIOGJL8T', 'self_report_15']"
15_DR-100_0091_7_sentence_2.wav,"[5, 2, 2, 5, 6, 4, 6, 7, 5]","[7, 6, 6, 6, 5, 6, 7, 8, 8]","['A3UWM3KJYEL5XU', 'A1FHS282JP487T', 'A1PUHCEBSOWETV', 'A2JP9IKRHNLRPI', 'A2TBXASXZIRNNW', 'A27PBC5O3Z5ZED', 'A1ET2J1PIP0RGO', 'A2B6WQG0A9CKXQ', 'self_report_15']"
15_DR-100_0091_9_sentence_2.wav,"[2, 2, 7, 6, 6, 3, 7, 6, 6]","[6, 6, 4, 6, 6, 6, 5, 7, 6]","['A1PUHCEBSOWETV', 'A1FHS282JP487T', 'A2TBXASXZIRNNW', 'A3UWM3KJYEL5XU', 'A27PBC5O3Z5ZED', 'A1FP3SH704X01V', 'A2B6WQG0A9CKXQ', 'A1ET2J1PIP0RGO', 'self_report_15']"
16_DR-100_0102_9_sentence_1.wav,"[2, 5, 3, 4, 7, 4, 2, 5, 5]","[6, 4, 6, 6, 5, 4, 5, 4, 7]","['A1PUHCEBSOWETV', 'A3UWM3KJYEL5XU', 'A1FHS282JP487T', 'A27PBC5O3Z5ZED', 'A2TBXASXZIRNNW', 'ALQPGVQZEZSUE', 'A1FP3SH704X01V', 'A2JP9IKRHNLRPI', 'self_report_16']"
18_DR-100_0095_7_sentence_7.wav,"[5, 3, 2, 5, 5, 3, 2, 5, 4]","[4, 6, 6, 6, 5, 6, 4, 5, 5]","['A2TBXASXZIRNNW', 'A1FHS282JP487T', 'A1PUHCEBSOWETV', 'A3UWM3KJYEL5XU', 'ALQPGVQZEZSUE', 'A27PBC5O3Z5ZED', 'A1FP3SH704X01V', 'A1ET2J1PIP0RGO', 'self_report_18']"
16_DR-100_0102_7_sentence_6.wav,"[3, 2, 6, 5, 5, 4, 6, 7, 6]","[6, 6, 4, 5, 5, 6, 5, 7, 8]","['A1FHS282JP487T', 'A1PUHCEBSOWETV', 'A2TBXASXZIRNNW', 'A3UWM3KJYEL5XU', 'A2JP9IKRHNLRPI', 'A27PBC5O3Z5ZED', 'A27SMEOPKV84VI', 'A1ET2J1PIP0RGO', 'self_report_16']"
17_DR-100_0094_9_sentence_2.wav,"[3, 2, 3, 6, 2, 4, 5, 2, 5]","[5, 6, 6, 3, 6, 5, 6, 5, 5]","['A3UWM3KJYEL5XU', 'A1PUHCEBSOWETV', 'A27PBC5O3Z5ZED', 'A2TBXASXZIRNNW', 'A1FHS282JP487T', 'A2B6WQG0A9CKXQ', 'A1ET2J1PIP0RGO', 'A2KXARDIOGJL8T', 'self_report_17']"
18_DR-100_0095_9_sentence_4.wav,"[5, 3, 3, 2, 2, 5, 3, 2, 5]","[4, 4, 4, 6, 6, 6, 4, 5, 6]","['A2TBXASXZIRNNW', 'A3UWM3KJYEL5XU', 'A27PBC5O3Z5ZED', 'A1PUHCEBSOWETV', 'A1FHS282JP487T', 'ALQPGVQZEZSUE', 'A2KXARDIOGJL8T', 'A1FP3SH704X01V', 'self_report_18']"
16_DR-100_0102_1_sentence_12.wav,"[4, 3, 5, 3, 6, 3, 5, 6, 4]","[7, 7, 7, 7, 7, 6, 6, 8, 7]","['A3UWM3KJYEL5XU', 'A27PBC5O3Z5ZED', 'A2JP9IKRHNLRPI', 'A1PUHCEBSOWETV', 'A2TBXASXZIRNNW', 'A1FHS282JP487T', 'ALQPGVQZEZSUE', 'A1ET2J1PIP0RGO', 'self_report_16']"
15_DR-100_0091_5_sentence_8.wav,"[6, 2, 3, 6, 6, 6, 6, 8, 4]","[3, 6, 6, 3, 3, 1, 6, 6, 7]","['A2JP9IKRHNLRPI', 'A1PUHCEBSOWETV', 'A1FHS282JP487T', 'A1ET2J1PIP0RGO', 'ALQPGVQZEZSUE', 'A3UWM3KJYEL5XU', 'A27PBC5O3Z5ZED', 'A2TBXASXZIRNNW', 'self_report_15']"
18_DR-100_0095_7_sentence_3.wav,"[2, 2, 6, 3, 2, 4, 3, 2, 4]","[6, 6, 4, 6, 3, 3, 4, 3, 5]","['A1PUHCEBSOWETV', 'A1FHS282JP487T', 'A2TBXASXZIRNNW', 'A27PBC5O3Z5ZED', 'A3UWM3KJYEL5XU', 'ALQPGVQZEZSUE', 'AEO84PDSWW0W', 'A2KXARDIOGJL8T', 'self_report_18']"
15_DR-100_0091_5_sentence_6.wav,"[7, 6, 6, 3, 3, 6, 7, 7, 4]","[4, 2, 4, 7, 6, 6, 3, 2, 7]","['A2TBXASXZIRNNW', 'A2JP9IKRHNLRPI', 'A1ET2J1PIP0RGO', 'A1PUHCEBSOWETV', 'A1FHS282JP487T', 'A27PBC5O3Z5ZED', 'A3UWM3KJYEL5XU', 'A2B6WQG0A9CKXQ', 'self_report_15']"
20_DR-100_0099_3_sentence_1.wav,"[2, 5, 4, 2, 3, 2, 1, 3, 2]","[6, 3, 4, 6, 3, 3, 1, 2, 2]","['A1PUHCEBSOWETV', 'A2TBXASXZIRNNW', 'A1ET2J1PIP0RGO', 'A1FHS282JP487T', 'A27PBC5O3Z5ZED', 'A3UWM3KJYEL5XU', 'A2B6WQG0A9CKXQ', 'A2JP9IKRHNLRPI', 'self_report_20']"
19_DR-100_0097_3_sentence_1.wav,"[4, 2, 5, 5, 3, 1, 3, 2, 6]","[6, 6, 6, 4, 8, 5, 6, 8, 5]","['A1ET2J1PIP0RGO', 'A1PUHCEBSOWETV', 'A2JP9IKRHNLRPI', 'A2TBXASXZIRNNW', 'A3UWM3KJYEL5XU', 'A1FHS282JP487T', 'A27PBC5O3Z5ZED', 'A2B6WQG0A9CKXQ', 'self_report_19']"
16_DR-100_0102_7_sentence_5.wav,"[2, 4, 2, 3, 4, 5, 2, 5, 6]","[6, 3, 6, 4, 4, 4, 4, 4, 8]","['A1PUHCEBSOWETV', 'A2TBXASXZIRNNW', 'A1FHS282JP487T', 'A27PBC5O3Z5ZED', 'A3UWM3KJYEL5XU', 'ALQPGVQZEZSUE', 'AEO84PDSWW0W', 'A1ET2J1PIP0RGO', 'self_report_16']"
15_DR-100_0091_5_sentence_3.wav,"[4, 7, 6, 5, 8, 2, 4, 4, 4]","[5, 5, 2, 4, 3, 6, 6, 6, 7]","['ADLYO655RWJUI', 'A2TBXASXZIRNNW', 'A2JP9IKRHNLRPI', 'ALQPGVQZEZSUE', 'A3UWM3KJYEL5XU', 'A1PUHCEBSOWETV', 'A1FHS282JP487T', 'A27PBC5O3Z5ZED', 'self_report_15']"
18_DR-100_0095_7_sentence_5.wav,"[6, 5, 2, 2, 4, 3, 3, 3, 4]","[4, 4, 6, 7, 6, 6, 5, 4, 5]","['A2TBXASXZIRNNW', 'A1ET2J1PIP0RGO', 'A1FHS282JP487T', 'A1PUHCEBSOWETV', 'A2JP9IKRHNLRPI', 'A3UWM3KJYEL5XU', 'A27PBC5O3Z5ZED', 'AEO84PDSWW0W', 'self_report_18']"
19_DR-100_0097_7_sentence_6.wav,"[6, 2, 1, 3, 3, 3, 5, 1, 7]","[3, 6, 5, 6, 6, 5, 6, 6, 6]","['A2TBXASXZIRNNW', 'A1PUHCEBSOWETV', 'A1FHS282JP487T', 'A27PBC5O3Z5ZED', 'A3UWM3KJYEL5XU', 'ALQPGVQZEZSUE', 'A1ET2J1PIP0RGO', 'A2KXARDIOGJL8T', 'self_report_19']"
19_DR-100_0097_5_sentence_1.wav,"[2, 1, 2, 4, 5, 4, 7, 1, 7]","[6, 5, 4, 4, 4, 4, 4, 4, 7]","['A1PUHCEBSOWETV', 'A1FHS282JP487T', 'A27PBC5O3Z5ZED', 'ALQPGVQZEZSUE', 'A2JP9IKRHNLRPI', 'A3UWM3KJYEL5XU', 'A2TBXASXZIRNNW', 'A2B6WQG0A9CKXQ', 'self_report_19']"
15_DR-100_0091_3_sentence_6.wav,"[2, 7, 6, 7, 4, 6, 4, 3, 2]","[6, 5, 6, 8, 7, 7, 6, 6, 5]","['A1PUHCEBSOWETV', 'A2TBXASXZIRNNW', 'A2JP9IKRHNLRPI', 'A3UWM3KJYEL5XU', 'A1FHS282JP487T', 'A2KXARDIOGJL8T', 'A27PBC5O3Z5ZED', 'A3KCUB6P3IE8NL', 'self_report_15']"
19_DR-100_0097_3_sentence_4.wav,"[3, 6, 4, 2, 4, 1, 5, 3, 6]","[6, 4, 7, 6, 6, 5, 6, 6, 5]","['A1ET2J1PIP0RGO', 'A2TBXASXZIRNNW', 'A3UWM3KJYEL5XU', 'A1PUHCEBSOWETV', 'ALQPGVQZEZSUE', 'A1FHS282JP487T', 'A27SMEOPKV84VI', 'A27PBC5O3Z5ZED', 'self_report_19']"
17_DR-100_0094_9_sentence_5.wav,"[2, 6, 4, 3, 2, 5, 3, 5, 5]","[6, 5, 4, 4, 6, 5, 5, 4, 5]","['A1PUHCEBSOWETV', 'A2TBXASXZIRNNW', 'A2JP9IKRHNLRPI', 'A3UWM3KJYEL5XU', 'A1FHS282JP487T', 'A1ET2J1PIP0RGO', 'A27PBC5O3Z5ZED', 'ALQPGVQZEZSUE', 'self_report_17']"
15_DR-100_0091_3_sentence_3.wav,"[2, 7, 6, 6, 4, 7, 7, 4, 2]","[6, 4, 6, 6, 6, 6, 6, 6, 5]","['A1PUHCEBSOWETV', 'A2TBXASXZIRNNW', 'A3UWM3KJYEL5XU', 'A2JP9IKRHNLRPI', 'A1FHS282JP487T', 'A1ET2J1PIP0RGO', 'ALQPGVQZEZSUE', 'A27PBC5O3Z5ZED', 'self_report_15']"
16_DR-100_0102_9_sentence_10.wav,"[2, 2, 3, 5, 5, 5, 2, 3, 5]","[6, 6, 6, 4, 6, 6, 6, 5, 7]","['A1PUHCEBSOWETV', 'A1FHS282JP487T', 'A27PBC5O3Z5ZED', 'A2TBXASXZIRNNW', 'A2JP9IKRHNLRPI', 'A3UWM3KJYEL5XU', 'A3KCUB6P3IE8NL', 'A2B6WQG0A9CKXQ', 'self_report_16']"
16_DR-100_0102_3_sentence_3.wav,"[2, 2, 7, 5, 4, 5, 6, 7, 5]","[7, 6, 4, 6, 6, 4, 5, 7, 8]","['A1FHS282JP487T', 'A1PUHCEBSOWETV', 'A2TBXASXZIRNNW', 'A2JP9IKRHNLRPI', 'A27PBC5O3Z5ZED', 'A3UWM3KJYEL5XU', 'A2B6WQG0A9CKXQ', 'A27SMEOPKV84VI', 'self_report_16']"
16_DR-100_0102_5_sentence_3.wav,"[4, 5, 3, 5, 5, 3, 4, 6, 5]","[3, 3, 7, 3, 6, 6, 6, 6, 8]","['A2TBXASXZIRNNW', 'A2JP9IKRHNLRPI', 'A1PUHCEBSOWETV', 'A3UWM3KJYEL5XU', 'A27PBC5O3Z5ZED', 'A1FHS282JP487T', 'ALQPGVQZEZSUE', 'A1ET2J1PIP0RGO', 'self_report_16']"
19_DR-100_0097_7_sentence_10.wav,"[5, 3, 1, 4, 3, 5, 3, 5, 7]","[3, 3, 5, 3, 6, 3, 4, 4, 6]","['A2TBXASXZIRNNW', 'A27PBC5O3Z5ZED', 'A1FHS282JP487T', 'A1PUHCEBSOWETV', 'A3UWM3KJYEL5XU', 'ALQPGVQZEZSUE', 'A2B6WQG0A9CKXQ', 'A1ET2J1PIP0RGO', 'self_report_19']"
16_DR-100_0102_1_sentence_4.wav,"[7, 6, 2, 6, 7, 3, 2, 7, 4]","[7, 7, 7, 7, 5, 6, 7, 8, 7]","['A1ET2J1PIP0RGO', 'A2JP9IKRHNLRPI', 'A1PUHCEBSOWETV', 'A27PBC5O3Z5ZED', 'A2TBXASXZIRNNW', 'A1FHS282JP487T', 'A2B6WQG0A9CKXQ', 'A3UWM3KJYEL5XU', 'self_report_16']"
16_DR-100_0102_3_sentence_6.wav,"[4, 2, 6, 6, 3, 3, 4, 3, 5]","[7, 6, 4, 3, 6, 6, 5, 3, 8]","['A1ET2J1PIP0RGO', 'A1PUHCEBSOWETV', 'A2TBXASXZIRNNW', 'A3UWM3KJYEL5XU', 'A27PBC5O3Z5ZED', 'A1FHS282JP487T', 'ALQPGVQZEZSUE', 'A2KXARDIOGJL8T', 'self_report_16']"
16_DR-100_0102_9_sentence_2.wav,"[2, 7, 2, 6, 5, 5, 5, 6, 5]","[6, 3, 6, 3, 6, 3, 4, 4, 7]","['A1FHS282JP487T', 'A2TBXASXZIRNNW', 'A1PUHCEBSOWETV', 'A3UWM3KJYEL5XU', 'A27PBC5O3Z5ZED', 'A2JP9IKRHNLRPI', 'ALQPGVQZEZSUE', 'A27SMEOPKV84VI', 'self_report_16']"
20_DR-100_0099_3_sentence_7.wav,"[4, 2, 2, 4, 6, 2, 2, 4, 2]","[6, 6, 6, 6, 2, 6, 6, 5, 2]","['A2JP9IKRHNLRPI', 'A1FHS282JP487T', 'A1PUHCEBSOWETV', 'A1ET2J1PIP0RGO', 'A2TBXASXZIRNNW', 'A3UWM3KJYEL5XU', 'A27PBC5O3Z5ZED', 'A27SMEOPKV84VI', 'self_report_20']"
18_DR-100_0095_1_sentence_4.wav,"[2, 5, 4, 2, 2, 4, 3, 5, 3]","[7, 3, 2, 6, 6, 3, 4, 4, 5]","['A1PUHCEBSOWETV', 'A2TBXASXZIRNNW', 'A3UWM3KJYEL5XU', 'A27PBC5O3Z5ZED', 'A1FHS282JP487T', 'ALQPGVQZEZSUE', 'AEO84PDSWW0W', 'A1ET2J1PIP0RGO', 'self_report_18']"
15_DR-100_0091_9_sentence_12.wav,"[2, 8, 6, 9, 5, 3, 4, 5, 6]","[6, 4, 4, 3, 6, 5, 6, 4, 6]","['A1PUHCEBSOWETV', 'A3UWM3KJYEL5XU', 'A2JP9IKRHNLRPI', 'A2TBXASXZIRNNW', 'A27PBC5O3Z5ZED', 'A3KCUB6P3IE8NL', 'A1FHS282JP487T', 'AEO84PDSWW0W', 'self_report_15']"
20_DR-100_0099_7_sentence_5.wav,"[2, 3, 3, 4, 6, 5, 5, 3, 2]","[6, 4, 6, 3, 3, 7, 6, 5, 2]","['A1PUHCEBSOWETV', 'A27PBC5O3Z5ZED', 'A1FHS282JP487T', 'A2JP9IKRHNLRPI', 'A2TBXASXZIRNNW', 'A1ET2J1PIP0RGO', 'A3UWM3KJYEL5XU', 'A2B6WQG0A9CKXQ', 'self_report_20']"
15_DR-100_0091_1_sentence_11.wav,"[2, 7, 6, 6, 4, 7, 2, 3, 1]","[6, 4, 4, 3, 6, 5, 5, 3, 5]","['A1PUHCEBSOWETV', 'A3UWM3KJYEL5XU', 'A27PBC5O3Z5ZED', 'A2TBXASXZIRNNW', 'A1FHS282JP487T', 'A1ET2J1PIP0RGO', 'A1FP3SH704X01V', 'A2KXARDIOGJL8T', 'self_report_15']"
15_DR-100_0091_9_sentence_1.wav,"[2, 6, 6, 4, 5, 6, 7, 2, 6]","[6, 4, 5, 6, 5, 4, 5, 5, 6]","['A1PUHCEBSOWETV', 'A2JP9IKRHNLRPI', 'A1ET2J1PIP0RGO', 'A27PBC5O3Z5ZED', 'ALQPGVQZEZSUE', 'A3UWM3KJYEL5XU', 'A2TBXASXZIRNNW', 'A1FHS282JP487T', 'self_report_15']"
17_DR-100_0094_7_sentence_2.wav,"[4, 2, 6, 3, 3, 3, 2, 5, 6]","[4, 6, 4, 6, 4, 4, 4, 4, 5]","['A2JP9IKRHNLRPI', 'A1PUHCEBSOWETV', 'A2TBXASXZIRNNW', 'A1FHS282JP487T', 'A3UWM3KJYEL5XU', 'A2B6WQG0A9CKXQ', 'A3KCUB6P3IE8NL', 'A1ET2J1PIP0RGO', 'self_report_17']"
16_DR-100_0102_7_sentence_9.wav,"[2, 5, 6, 5, 5, 6, 4, 4, 6]","[6, 4, 6, 7, 7, 6, 6, 7, 8]","['A1PUHCEBSOWETV', 'A2TBXASXZIRNNW', 'A2JP9IKRHNLRPI', 'A27PBC5O3Z5ZED', 'A3UWM3KJYEL5XU', 'ALQPGVQZEZSUE', 'A1FHS282JP487T', 'A2B6WQG0A9CKXQ', 'self_report_16']"
19_DR-100_0097_3_sentence_6.wav,"[2, 5, 3, 6, 2, 3, 2, 3, 6]","[6, 5, 6, 3, 5, 6, 5, 5, 5]","['A1PUHCEBSOWETV', 'A2JP9IKRHNLRPI', 'A27PBC5O3Z5ZED', 'A2TBXASXZIRNNW', 'A3UWM3KJYEL5XU', 'A1FHS282JP487T', 'A3KCUB6P3IE8NL', 'ALQPGVQZEZSUE', 'self_report_19']"
16_DR-100_0102_1_sentence_1.wav,"[3, 2, 5, 2, 3, 5, 3, 5, 4]","[6, 6, 6, 6, 6, 4, 6, 5, 7]","['A3UWM3KJYEL5XU', 'A1FHS282JP487T', 'A2JP9IKRHNLRPI', 'A1PUHCEBSOWETV', 'A27PBC5O3Z5ZED', 'A2TBXASXZIRNNW', 'A2B6WQG0A9CKXQ', 'A27SMEOPKV84VI', 'self_report_16']"
19_DR-100_0097_1_sentence_6.wav,"[5, 2, 5, 2, 3, 3, 4, 5, 5]","[4, 6, 5, 5, 4, 4, 5, 5, 6]","['A2TBXASXZIRNNW', 'A1PUHCEBSOWETV', 'A2JP9IKRHNLRPI', 'A1FHS282JP487T', 'A27PBC5O3Z5ZED', 'A3UWM3KJYEL5XU', 'A27SMEOPKV84VI', 'ALQPGVQZEZSUE', 'self_report_19']"
15_DR-100_0091_9_sentence_3.wav,"[2, 6, 8, 5, 5, 5, 5, 3, 6]","[6, 2, 3, 2, 6, 4, 4, 4, 6]","['A1PUHCEBSOWETV', 'A3UWM3KJYEL5XU', 'A2TBXASXZIRNNW', 'A2JP9IKRHNLRPI', 'A1FHS282JP487T', 'ALQPGVQZEZSUE', 'A27PBC5O3Z5ZED', 'A3KCUB6P3IE8NL', 'self_report_15']"
20_DR-100_0099_9_sentence_4.wav,"[4, 5, 2, 5, 2, 2, 2, 1, 3]","[3, 5, 6, 2, 4, 6, 6, 5, 3]","['A1PUHCEBSOWETV', 'A1ET2J1PIP0RGO', 'A3UWM3KJYEL5XU', 'A2TBXASXZIRNNW', 'A27PBC5O3Z5ZED', 'A1FHS282JP487T', 'A1FP3SH704X01V', 'A2KXARDIOGJL8T', 'self_report_20']"
15_DR-100_0091_9_sentence_10.wav,"[7, 7, 5, 6, 6, 2, 6, 6, 6]","[4, 5, 7, 6, 4, 7, 6, 5, 6]","['A27PBC5O3Z5ZED', 'A2JP9IKRHNLRPI', 'A1FHS282JP487T', 'A1ET2J1PIP0RGO', 'A2TBXASXZIRNNW', 'A1PUHCEBSOWETV', 'A3UWM3KJYEL5XU', 'A27SMEOPKV84VI', 'self_report_15']"
17_DR-100_0094_5_sentence_7.wav,"[5, 2, 3, 6, 3, 4, 5, 2, 5]","[6, 6, 3, 4, 7, 6, 6, 6, 7]","['A2JP9IKRHNLRPI', 'A1PUHCEBSOWETV', 'A3UWM3KJYEL5XU', 'A2TBXASXZIRNNW', 'A1FHS282JP487T', 'A27PBC5O3Z5ZED', 'A1ET2J1PIP0RGO', 'A1FP3SH704X01V', 'self_report_17']"
15_DR-100_0091_9_sentence_14.wav,"[3, 7, 3, 6, 6, 6, 7, 4, 6]","[7, 3, 6, 6, 6, 5, 4, 5, 6]","['A1PUHCEBSOWETV', 'A2TBXASXZIRNNW', 'A1FHS282JP487T', 'A3UWM3KJYEL5XU', 'A2JP9IKRHNLRPI', 'A27SMEOPKV84VI', 'A2B6WQG0A9CKXQ', 'A27PBC5O3Z5ZED', 'self_report_15']"
20_DR-100_0099_7_sentence_6.wav,"[2, 1, 4, 3, 1, 1, 2, 1, 2]","[6, 4, 4, 5, 5, 5, 6, 5, 2]","['A1PUHCEBSOWETV', 'A3UWM3KJYEL5XU', 'A2TBXASXZIRNNW', 'A2JP9IKRHNLRPI', 'A27PBC5O3Z5ZED', 'A3KCUB6P3IE8NL', 'A1FHS282JP487T', 'AEO84PDSWW0W', 'self_report_20']"
17_DR-100_0094_5_sentence_3.wav,"[2, 2, 6, 4, 4, 1, 3, 5, 5]","[6, 6, 4, 7, 6, 5, 7, 7, 7]","['A1PUHCEBSOWETV', 'A1FHS282JP487T', 'A2TBXASXZIRNNW', 'A27PBC5O3Z5ZED', 'ALQPGVQZEZSUE', 'A2KXARDIOGJL8T', 'A3UWM3KJYEL5XU', 'A2B6WQG0A9CKXQ', 'self_report_17']"
18_DR-100_0095_7_sentence_4.wav,"[4, 5, 2, 4, 5, 2, 4, 5, 4]","[6, 6, 6, 7, 6, 6, 6, 6, 5]","['A27PBC5O3Z5ZED', 'A2TBXASXZIRNNW', 'A1PUHCEBSOWETV', 'A3UWM3KJYEL5XU', 'A2JP9IKRHNLRPI', 'A1FHS282JP487T', 'ALQPGVQZEZSUE', 'A1ET2J1PIP0RGO', 'self_report_18']"
17_DR-100_0094_7_sentence_7.wav,"[3, 3, 4, 5, 5, 7, 4, 6, 6]","[7, 6, 4, 6, 4, 5, 6, 5, 5]","['A1PUHCEBSOWETV', 'A27PBC5O3Z5ZED', 'A3UWM3KJYEL5XU', 'A1ET2J1PIP0RGO', 'A2JP9IKRHNLRPI', 'A2TBXASXZIRNNW', 'A1FHS282JP487T', 'A27SMEOPKV84VI', 'self_report_17']"
17_DR-100_0094_3_sentence_9.wav,"[3, 3, 5, 6, 3, 2, 5, 2, 5]","[7, 6, 7, 5, 6, 6, 7, 6, 6]","['A1PUHCEBSOWETV', 'A1FHS282JP487T', 'A3UWM3KJYEL5XU', 'A2TBXASXZIRNNW', 'A27PBC5O3Z5ZED', 'A3KCUB6P3IE8NL', 'A2B6WQG0A9CKXQ', 'A1FP3SH704X01V', 'self_report_17']"
15_DR-100_0091_1_sentence_3.wav,"[8, 3, 4, 3, 5, 6, 6, 7, 1]","[3, 7, 6, 6, 5, 5, 4, 5, 5]","['A2TBXASXZIRNNW', 'A1PUHCEBSOWETV', 'A27PBC5O3Z5ZED', 'A1FHS282JP487T', 'A1ET2J1PIP0RGO', 'ALQPGVQZEZSUE', 'A3UWM3KJYEL5XU', 'A27SMEOPKV84VI', 'self_report_15']"
15_DR-100_0091_7_sentence_12.wav,"[2, 2, 7, 6, 6, 6, 4, 6, 5]","[6, 6, 4, 6, 7, 6, 8, 6, 8]","['A1PUHCEBSOWETV', 'A1FHS282JP487T', 'A2TBXASXZIRNNW', 'A27PBC5O3Z5ZED', 'A1ET2J1PIP0RGO', 'ALQPGVQZEZSUE', 'A2JP9IKRHNLRPI', 'A3UWM3KJYEL5XU', 'self_report_15']"
18_DR-100_0095_3_sentence_1.wav,"[2, 2, 2, 5, 2, 3, 4, 2, 4]","[3, 6, 6, 4, 5, 5, 5, 3, 6]","['A27PBC5O3Z5ZED', 'A1PUHCEBSOWETV', 'A3UWM3KJYEL5XU', 'A2TBXASXZIRNNW', 'A1FHS282JP487T', 'ALQPGVQZEZSUE', 'A1ET2J1PIP0RGO', 'A2KXARDIOGJL8T', 'self_report_18']"
20_DR-100_0099_9_sentence_5.wav,"[3, 2, 2, 3, 5, 6, 2, 5, 3]","[4, 6, 6, 4, 3, 4, 5, 4, 3]","['A27PBC5O3Z5ZED', 'A1PUHCEBSOWETV', 'A1FHS282JP487T', 'A3UWM3KJYEL5XU', 'A2TBXASXZIRNNW', 'A27SMEOPKV84VI', 'A3KCUB6P3IE8NL', 'A1ET2J1PIP0RGO', 'self_report_20']"
17_DR-100_0094_5_sentence_8.wav,"[2, 2, 6, 3, 4, 3, 5, 2, 5]","[6, 6, 4, 6, 7, 8, 6, 7, 7]","['A27PBC5O3Z5ZED', 'A1PUHCEBSOWETV', 'A2TBXASXZIRNNW', 'A1FHS282JP487T', 'A2B6WQG0A9CKXQ', 'A3UWM3KJYEL5XU', 'A1ET2J1PIP0RGO', 'A2KXARDIOGJL8T', 'self_report_17']"
20_DR-100_0099_5_sentence_3.wav,"[6, 2, 2, 3, 3, 4, 3, 2, 3]","[2, 5, 6, 4, 3, 3, 4, 4, 3]","['A2TBXASXZIRNNW', 'A1FHS282JP487T', 'A1PUHCEBSOWETV', 'A27PBC5O3Z5ZED', 'A3UWM3KJYEL5XU', 'ALQPGVQZEZSUE', 'A2JP9IKRHNLRPI', 'A3KCUB6P3IE8NL', 'self_report_20']"
17_DR-100_0094_1_sentence_5.wav,"[2, 5, 3, 5, 4, 4, 2, 4, 5]","[6, 3, 6, 4, 3, 3, 5, 2, 6]","['A1PUHCEBSOWETV', 'A2TBXASXZIRNNW', 'A1FHS282JP487T', 'A1ET2J1PIP0RGO', 'A2JP9IKRHNLRPI', 'A3UWM3KJYEL5XU', 'A3KCUB6P3IE8NL', 'A2B6WQG0A9CKXQ', 'self_report_17']"
18_DR-100_0095_5_sentence_4.wav,"[2, 2, 2, 3, 5, 1, 3, 5, 3]","[6, 5, 6, 7, 5, 7, 8, 5, 6]","['A1PUHCEBSOWETV', 'A1FHS282JP487T', 'A27PBC5O3Z5ZED', 'A2JP9IKRHNLRPI', 'A2TBXASXZIRNNW', 'A2B6WQG0A9CKXQ', 'A3UWM3KJYEL5XU', 'A1ET2J1PIP0RGO', 'self_report_18']"
16_DR-100_0102_3_sentence_8.wav,"[2, 5, 6, 1, 4, 3, 5, 3, 5]","[6, 3, 5, 5, 3, 5, 4, 3, 8]","['A1PUHCEBSOWETV', 'A2JP9IKRHNLRPI', 'A2TBXASXZIRNNW', 'A1FHS282JP487T', 'A3UWM3KJYEL5XU', 'A27PBC5O3Z5ZED', 'ALQPGVQZEZSUE', 'A2B6WQG0A9CKXQ', 'self_report_16']"
17_DR-100_0094_5_sentence_2.wav,"[3, 5, 3, 2, 4, 2, 7, 4, 5]","[7, 6, 6, 7, 7, 5, 5, 6, 7]","['A3UWM3KJYEL5XU', 'A1ET2J1PIP0RGO', 'A27PBC5O3Z5ZED', 'A1PUHCEBSOWETV', 'A2JP9IKRHNLRPI', 'A1FHS282JP487T', 'A2TBXASXZIRNNW', 'ALQPGVQZEZSUE', 'self_report_17']"
18_DR-100_0095_3_sentence_2.wav,"[3, 1, 3, 4, 6, 3, 3, 2, 4]","[7, 5, 6, 5, 5, 7, 5, 6, 6]","['A1PUHCEBSOWETV', 'A1FHS282JP487T', 'A27PBC5O3Z5ZED', 'A2JP9IKRHNLRPI', 'A2TBXASXZIRNNW', 'A3UWM3KJYEL5XU', 'A2B6WQG0A9CKXQ', 'AEO84PDSWW0W', 'self_report_18']"
15_DR-100_0091_7_sentence_10.wav,"[3, 7, 7, 5, 5, 4, 6, 7, 5]","[6, 5, 9, 6, 7, 6, 7, 6, 8]","['A1PUHCEBSOWETV', 'A2TBXASXZIRNNW', 'A3UWM3KJYEL5XU', 'A27PBC5O3Z5ZED', 'ALQPGVQZEZSUE', 'A1FHS282JP487T', 'A27SMEOPKV84VI', 'A1ET2J1PIP0RGO', 'self_report_15']"
15_DR-100_0091_9_sentence_7.wav,"[4, 2, 7, 8, 5, 7, 7, 4, 6]","[6, 6, 2, 3, 4, 3, 6, 6, 6]","['A1FHS282JP487T', 'A1PUHCEBSOWETV', 'A3UWM3KJYEL5XU', 'A2TBXASXZIRNNW', 'A2JP9IKRHNLRPI', 'A2B6WQG0A9CKXQ', 'A2KXARDIOGJL8T', 'A27PBC5O3Z5ZED', 'self_report_15']"
17_DR-100_0094_3_sentence_4.wav,"[2, 3, 4, 3, 2, 3, 3, 5, 5]","[5, 8, 6, 6, 5, 5, 6, 5, 6]","['A27PBC5O3Z5ZED', 'A1PUHCEBSOWETV', 'A2TBXASXZIRNNW', 'A1FHS282JP487T', 'AEO84PDSWW0W', 'A3UWM3KJYEL5XU', 'A2JP9IKRHNLRPI', 'A1ET2J1PIP0RGO', 'self_report_17']"
15_DR-100_0091_9_sentence_9.wav,"[3, 7, 8, 5, 6, 3, 5, 6, 6]","[7, 3, 2, 5, 6, 6, 4, 4, 6]","['A1PUHCEBSOWETV', 'A2TBXASXZIRNNW', 'A3UWM3KJYEL5XU', 'A27PBC5O3Z5ZED', 'A1ET2J1PIP0RGO', 'A1FHS282JP487T', 'ALQPGVQZEZSUE', 'AEO84PDSWW0W', 'self_report_15']"
16_DR-100_0102_1_sentence_2.wav,"[5, 3, 4, 3, 4, 4, 7, 2, 4]","[4, 6, 4, 6, 6, 7, 4, 6, 7]","['A2JP9IKRHNLRPI', 'A1PUHCEBSOWETV', 'A27PBC5O3Z5ZED', 'A1FHS282JP487T', 'A3UWM3KJYEL5XU', 'A2B6WQG0A9CKXQ', 'A2TBXASXZIRNNW', 'A1FP3SH704X01V', 'self_report_16']"
17_DR-100_0094_9_sentence_9.wav,"[2, 3, 5, 3, 7, 2, 6, 6, 5]","[6, 6, 6, 6, 3, 6, 7, 7, 5]","['A1PUHCEBSOWETV', 'A1FHS282JP487T', 'A3UWM3KJYEL5XU', 'A27PBC5O3Z5ZED', 'A2TBXASXZIRNNW', 'A1FP3SH704X01V', 'A1ET2J1PIP0RGO', 'A2B6WQG0A9CKXQ', 'self_report_17']"
16_DR-100_0102_9_sentence_5.wav,"[7, 7, 2, 5, 4, 3, 5, 5, 5]","[7, 7, 6, 6, 6, 6, 6, 6, 7]","['A2TBXASXZIRNNW', 'A3UWM3KJYEL5XU', 'A1PUHCEBSOWETV', 'A1ET2J1PIP0RGO', 'A27PBC5O3Z5ZED', 'A1FHS282JP487T', 'ALQPGVQZEZSUE', 'A2JP9IKRHNLRPI', 'self_report_16']"
15_DR-100_0091_9_sentence_8.wav,"[2, 5, 4, 3, 5, 4, 5, 5, 6]","[6, 5, 5, 6, 5, 6, 5, 5, 6]","['A1PUHCEBSOWETV', 'A2TBXASXZIRNNW', 'A3UWM3KJYEL5XU', 'A1FHS282JP487T', 'ALQPGVQZEZSUE', 'A27PBC5O3Z5ZED', 'A27SMEOPKV84VI', 'A2B6WQG0A9CKXQ', 'self_report_15']"
20_DR-100_0099_1_sentence_2.wav,"[2, 5, 3, 4, 2, 2, 2, 2, 2]","[6, 3, 4, 4, 4, 6, 4, 2, 3]","['A1PUHCEBSOWETV', 'A2TBXASXZIRNNW', 'A3UWM3KJYEL5XU', 'A1ET2J1PIP0RGO', 'A27PBC5O3Z5ZED', 'A1FHS282JP487T', 'A1FP3SH704X01V', 'A2B6WQG0A9CKXQ', 'self_report_20']"
19_DR-100_0097_3_sentence_2.wav,"[2, 5, 2, 4, 4, 1, 1, 3, 6]","[6, 4, 5, 6, 5, 5, 5, 5, 5]","['A1PUHCEBSOWETV', 'A2TBXASXZIRNNW', 'A3UWM3KJYEL5XU', 'A2JP9IKRHNLRPI', 'ALQPGVQZEZSUE', 'A1FHS282JP487T', 'A3KCUB6P3IE8NL', 'A27SMEOPKV84VI', 'self_report_19']"
19_DR-100_0097_1_sentence_5.wav,"[1, 2, 5, 5, 6, 4, 5, 5, 5]","[6, 7, 5, 5, 3, 5, 4, 5, 6]","['A1FHS282JP487T', 'A1PUHCEBSOWETV', 'A2JP9IKRHNLRPI', 'A1ET2J1PIP0RGO', 'A2TBXASXZIRNNW', 'A27PBC5O3Z5ZED', 'A3UWM3KJYEL5XU', 'A2KXARDIOGJL8T', 'self_report_19']"
20_DR-100_0099_7_sentence_3.wav,"[2, 5, 4, 2, 3, 4, 3, 4, 2]","[6, 3, 4, 6, 7, 6, 6, 6, 2]","['A1PUHCEBSOWETV', 'A2TBXASXZIRNNW', 'A27PBC5O3Z5ZED', 'A1FHS282JP487T', 'A3UWM3KJYEL5XU', 'A1ET2J1PIP0RGO', 'A1FP3SH704X01V', 'ALQPGVQZEZSUE', 'self_report_20']"
17_DR-100_0094_7_sentence_4.wav,"[2, 5, 5, 4, 4, 5, 3, 2, 6]","[7, 4, 4, 4, 6, 4, 6, 4, 5]","['A1PUHCEBSOWETV', 'A2JP9IKRHNLRPI', 'A2TBXASXZIRNNW', 'A3UWM3KJYEL5XU', 'A27PBC5O3Z5ZED', 'ALQPGVQZEZSUE', 'A1FHS282JP487T', 'A1FP3SH704X01V', 'self_report_17']"
18_DR-100_0095_5_sentence_5.wav,"[1, 2, 6, 4, 4, 3, 3, 2, 3]","[5, 6, 4, 6, 8, 6, 6, 6, 6]","['A1FHS282JP487T', 'A1PUHCEBSOWETV', 'A2TBXASXZIRNNW', 'ALQPGVQZEZSUE', 'A3UWM3KJYEL5XU', 'A27PBC5O3Z5ZED', 'AEO84PDSWW0W', 'A1FP3SH704X01V', 'self_report_18']"
18_DR-100_0095_1_sentence_2.wav,"[2, 4, 5, 3, 4, 2, 3, 2, 3]","[6, 6, 4, 6, 6, 5, 7, 7, 5]","['A1PUHCEBSOWETV', 'A2JP9IKRHNLRPI', 'A2TBXASXZIRNNW', 'A27PBC5O3Z5ZED', 'ALQPGVQZEZSUE', 'A1FHS282JP487T', 'A3UWM3KJYEL5XU', 'A1FP3SH704X01V', 'self_report_18']"
15_DR-100_0091_5_sentence_10.wav,"[7, 6, 6, 3, 6, 6, 4, 6, 4]","[3, 3, 4, 7, 7, 7, 6, 3, 7]","['A2TBXASXZIRNNW', 'A1ET2J1PIP0RGO', 'A2JP9IKRHNLRPI', 'A1PUHCEBSOWETV', 'A27PBC5O3Z5ZED', 'A2KXARDIOGJL8T', 'A1FHS282JP487T', 'A3UWM3KJYEL5XU', 'self_report_15']"
16_DR-100_0102_9_sentence_11.wav,"[2, 5, 7, 4, 5, 7, 3, 7, 5]","[6, 5, 4, 6, 5, 4, 6, 7, 7]","['A1PUHCEBSOWETV', 'A2JP9IKRHNLRPI', 'A3UWM3KJYEL5XU', 'A27PBC5O3Z5ZED', 'ALQPGVQZEZSUE', 'A2TBXASXZIRNNW', 'A1FHS282JP487T', 'A1ET2J1PIP0RGO', 'self_report_16']"
16_DR-100_0102_1_sentence_11.wav,"[4, 5, 2, 2, 3, 4, 5, 4, 4]","[7, 6, 6, 6, 4, 6, 5, 6, 7]","['A3UWM3KJYEL5XU', 'A2TBXASXZIRNNW', 'A1FHS282JP487T', 'A1PUHCEBSOWETV', 'AEO84PDSWW0W', 'A27PBC5O3Z5ZED', 'A1ET2J1PIP0RGO', 'A2B6WQG0A9CKXQ', 'self_report_16']"
19_DR-100_0097_5_sentence_10.wav,"[2, 4, 2, 6, 3, 2, 1, 1, 7]","[6, 6, 5, 3, 6, 5, 5, 5, 7]","['A1PUHCEBSOWETV', 'A2JP9IKRHNLRPI', 'A1FHS282JP487T', 'A2TBXASXZIRNNW', 'A27PBC5O3Z5ZED', 'A3UWM3KJYEL5XU', 'A1FP3SH704X01V', 'A2KXARDIOGJL8T', 'self_report_19']"
19_DR-100_0097_1_sentence_3.wav,"[2, 2, 3, 5, 4, 2, 4, 2, 5]","[5, 6, 5, 3, 6, 5, 5, 5, 6]","['A3UWM3KJYEL5XU', 'A1PUHCEBSOWETV', 'A1ET2J1PIP0RGO', 'A2TBXASXZIRNNW', 'A27PBC5O3Z5ZED', 'A1FHS282JP487T', 'ALQPGVQZEZSUE', 'A3KCUB6P3IE8NL', 'self_report_19']"
17_DR-100_0094_9_sentence_10.wav,"[2, 6, 6, 3, 5, 3, 3, 5, 5]","[6, 6, 6, 6, 6, 6, 6, 6, 5]","['A1PUHCEBSOWETV', 'A2TBXASXZIRNNW', 'A2JP9IKRHNLRPI', 'A1FHS282JP487T', 'A1ET2J1PIP0RGO', 'A3UWM3KJYEL5XU', 'A27PBC5O3Z5ZED', 'A27SMEOPKV84VI', 'self_report_17']"
17_DR-100_0094_1_sentence_13.wav,"[2, 4, 3, 4, 7, 5, 5, 2, 5]","[6, 6, 6, 7, 4, 6, 6, 6, 6]","['A1PUHCEBSOWETV', 'A3UWM3KJYEL5XU', 'A1FHS282JP487T', 'A27PBC5O3Z5ZED', 'A2TBXASXZIRNNW', 'A2JP9IKRHNLRPI', 'A1ET2J1PIP0RGO', 'A1FP3SH704X01V', 'self_report_17']"
18_DR-100_0095_1_sentence_3.wav,"[2, 2, 2, 6, 4, 2, 2, 2, 3]","[6, 5, 4, 5, 4, 4, 5, 5, 5]","['A1PUHCEBSOWETV', 'A1FHS282JP487T', 'A27PBC5O3Z5ZED', 'A2TBXASXZIRNNW', 'ALQPGVQZEZSUE', 'A3UWM3KJYEL5XU', 'A27SMEOPKV84VI', 'A2KXARDIOGJL8T', 'self_report_18']"
17_DR-100_0094_1_sentence_3.wav,"[3, 5, 3, 3, 4, 7, 2, 5, 5]","[7, 7, 6, 6, 7, 4, 5, 7, 6]","['A1PUHCEBSOWETV', 'A2JP9IKRHNLRPI', 'A27PBC5O3Z5ZED', 'A1FHS282JP487T', 'A3UWM3KJYEL5XU', 'A2TBXASXZIRNNW', 'A2KXARDIOGJL8T', 'A1ET2J1PIP0RGO', 'self_report_17']"
16_DR-100_0102_3_sentence_1.wav,"[4, 5, 3, 6, 2, 6, 7, 8, 5]","[6, 6, 6, 4, 6, 6, 7, 6, 8]","['ADLYO655RWJUI', 'A27PBC5O3Z5ZED', 'A1FHS282JP487T', 'A3UWM3KJYEL5XU', 'A1PUHCEBSOWETV', 'A1ET2J1PIP0RGO', 'A2TBXASXZIRNNW', 'A27SMEOPKV84VI', 'self_report_16']"
18_DR-100_0095_1_sentence_5.wav,"[2, 5, 2, 2, 5, 3, 5, 4, 3]","[4, 4, 6, 5, 4, 4, 6, 5, 5]","['A27PBC5O3Z5ZED', 'A2TBXASXZIRNNW', 'A1PUHCEBSOWETV', 'A1FHS282JP487T', 'ALQPGVQZEZSUE', 'A3UWM3KJYEL5XU', 'A1ET2J1PIP0RGO', 'A27SMEOPKV84VI', 'self_report_18']"
17_DR-100_0094_3_sentence_6.wav,"[3, 6, 2, 3, 4, 5, 3, 6, 5]","[3, 5, 5, 7, 5, 5, 5, 5, 6]","['A3UWM3KJYEL5XU', 'A2TBXASXZIRNNW', 'A1FHS282JP487T', 'A1PUHCEBSOWETV', 'A27PBC5O3Z5ZED', 'A1ET2J1PIP0RGO', 'A2KXARDIOGJL8T', 'A27SMEOPKV84VI', 'self_report_17']"
17_DR-100_0094_7_sentence_8.wav,"[3, 6, 3, 7, 5, 5, 4, 5, 6]","[7, 4, 6, 6, 6, 7, 7, 7, 5]","['A1PUHCEBSOWETV', 'A3UWM3KJYEL5XU', 'A1FHS282JP487T', 'A2TBXASXZIRNNW', 'A2JP9IKRHNLRPI', 'A2B6WQG0A9CKXQ', 'A27PBC5O3Z5ZED', 'A2KXARDIOGJL8T', 'self_report_17']"
16_DR-100_0102_1_sentence_6.wav,"[3, 6, 2, 5, 4, 5, 5, 6, 4]","[7, 6, 6, 7, 6, 8, 6, 7, 7]","['A27PBC5O3Z5ZED', 'A2TBXASXZIRNNW', 'A1PUHCEBSOWETV', 'A3UWM3KJYEL5XU', 'A1FHS282JP487T', 'A2B6WQG0A9CKXQ', 'ALQPGVQZEZSUE', 'A1ET2J1PIP0RGO', 'self_report_16']"
17_DR-100_0094_1_sentence_1.wav,"[2, 2, 5, 3, 2, 3, 4, 2, 5]","[5, 7, 3, 5, 6, 5, 5, 5, 6]","['A3UWM3KJYEL5XU', 'A1PUHCEBSOWETV', 'A2TBXASXZIRNNW', 'A2JP9IKRHNLRPI', 'A1FHS282JP487T', 'A2B6WQG0A9CKXQ', 'A1ET2J1PIP0RGO', 'A27PBC5O3Z5ZED', 'self_report_17']"
15_DR-100_0091_3_sentence_12.wav,"[2, 2, 6, 5, 6, 4, 7, 5, 2]","[6, 5, 5, 5, 5, 6, 4, 6, 5]","['A1PUHCEBSOWETV', 'A1FHS282JP487T', 'A1ET2J1PIP0RGO', 'A2JP9IKRHNLRPI', 'ALQPGVQZEZSUE', 'A3UWM3KJYEL5XU', 'A2TBXASXZIRNNW', 'A27PBC5O3Z5ZED', 'self_report_15']"
15_DR-100_0091_7_sentence_6.wav,"[3, 7, 7, 4, 6, 7, 4, 5, 5]","[6, 8, 3, 7, 8, 6, 6, 6, 8]","['A1PUHCEBSOWETV', 'A1ET2J1PIP0RGO', 'A2TBXASXZIRNNW', 'A27PBC5O3Z5ZED', 'A3UWM3KJYEL5XU', 'ALQPGVQZEZSUE', 'A1FHS282JP487T', 'AEO84PDSWW0W', 'self_report_15']"
15_DR-100_0091_9_sentence_13.wav,"[8, 6, 2, 8, 3, 6, 6, 6, 6]","[4, 5, 6, 3, 6, 7, 5, 5, 6]","['A3UWM3KJYEL5XU', 'A2JP9IKRHNLRPI', 'A1PUHCEBSOWETV', 'A2TBXASXZIRNNW', 'A1FHS282JP487T', 'A27PBC5O3Z5ZED', 'ALQPGVQZEZSUE', 'A2KXARDIOGJL8T', 'self_report_15']"
17_DR-100_0094_1_sentence_6.wav,"[2, 3, 6, 5, 4, 2, 5, 3, 5]","[6, 6, 2, 6, 7, 6, 6, 6, 6]","['A1PUHCEBSOWETV', 'A27PBC5O3Z5ZED', 'A2TBXASXZIRNNW', 'A1ET2J1PIP0RGO', 'A3UWM3KJYEL5XU', 'A1FHS282JP487T', 'ALQPGVQZEZSUE', 'AEO84PDSWW0W', 'self_report_17']"
15_DR-100_0091_1_sentence_14.wav,"[2, 7, 4, 3, 7, 7, 6, 2, 1]","[6, 3, 6, 6, 3, 4, 3, 6, 5]","['A1PUHCEBSOWETV', 'A2TBXASXZIRNNW', 'A27PBC5O3Z5ZED', 'A1FHS282JP487T', 'A3UWM3KJYEL5XU', 'A2B6WQG0A9CKXQ', 'ALQPGVQZEZSUE', 'A1FP3SH704X01V', 'self_report_15']"
15_DR-100_0091_5_sentence_4.wav,"[6, 2, 7, 6, 4, 6, 5, 6, 4]","[4, 6, 4, 4, 7, 2, 6, 2, 7]","['A1ET2J1PIP0RGO', 'A1PUHCEBSOWETV', 'A3UWM3KJYEL5XU', 'A2TBXASXZIRNNW', 'A1FHS282JP487T', 'A2JP9IKRHNLRPI', 'A27PBC5O3Z5ZED', 'A2B6WQG0A9CKXQ', 'self_report_15']"
20_DR-100_0099_5_sentence_2.wav,"[5, 2, 3, 3, 3, 2, 4, 5, 3]","[4, 6, 3, 4, 4, 6, 5, 4, 3]","['A2TBXASXZIRNNW', 'A1PUHCEBSOWETV', 'A3UWM3KJYEL5XU', 'AEO84PDSWW0W', 'A27PBC5O3Z5ZED', 'A1FHS282JP487T', 'A1ET2J1PIP0RGO', 'A27SMEOPKV84VI', 'self_report_20']"
15_DR-100_0091_3_sentence_4.wav,"[7, 2, 7, 8, 3, 5, 6, 5, 2]","[7, 6, 3, 7, 6, 6, 8, 6, 5]","['A27PBC5O3Z5ZED', 'A1PUHCEBSOWETV', 'A2TBXASXZIRNNW', 'A3UWM3KJYEL5XU', 'A3KCUB6P3IE8NL', 'A1FHS282JP487T', 'A2KXARDIOGJL8T', 'A1ET2J1PIP0RGO', 'self_report_15']"
19_DR-100_0097_7_sentence_3.wav,"[5, 2, 2, 1, 2, 5, 4, 1, 7]","[5, 6, 4, 5, 4, 3, 5, 5, 6]","['A2JP9IKRHNLRPI', 'A1PUHCEBSOWETV', 'A27PBC5O3Z5ZED', 'A1FHS282JP487T', 'A3UWM3KJYEL5XU', 'A2TBXASXZIRNNW', 'ALQPGVQZEZSUE', 'A2B6WQG0A9CKXQ', 'self_report_19']"
19_DR-100_0097_3_sentence_3.wav,"[5, 2, 3, 2, 5, 1, 2, 2, 6]","[5, 4, 7, 7, 3, 5, 6, 6, 5]","['A2JP9IKRHNLRPI', 'A27PBC5O3Z5ZED', 'A3UWM3KJYEL5XU', 'A1PUHCEBSOWETV', 'A2TBXASXZIRNNW', 'A1FHS282JP487T', 'A2B6WQG0A9CKXQ', 'A1FP3SH704X01V', 'self_report_19']"
17_DR-100_0094_5_sentence_6.wav,"[5, 2, 5, 4, 3, 3, 7, 4, 5]","[6, 6, 7, 7, 7, 6, 6, 7, 7]","['A1ET2J1PIP0RGO', 'A1PUHCEBSOWETV', 'A2JP9IKRHNLRPI', 'A27PBC5O3Z5ZED', 'A3UWM3KJYEL5XU', 'A1FHS282JP487T', 'A2TBXASXZIRNNW', 'A2B6WQG0A9CKXQ', 'self_report_17']"
20_DR-100_0099_3_sentence_4.wav,"[2, 2, 3, 5, 2, 4, 1, 3, 2]","[5, 6, 6, 5, 7, 7, 6, 7, 2]","['A1FHS282JP487T', 'A1PUHCEBSOWETV', 'A27PBC5O3Z5ZED', 'A2TBXASXZIRNNW', 'A3UWM3KJYEL5XU', 'A1ET2J1PIP0RGO', 'AEO84PDSWW0W', 'A2JP9IKRHNLRPI', 'self_report_20']"
15_DR-100_0091_3_sentence_1.wav,"[6, 2, 3, 6, 6, 5, 6, 6, 2]","[3, 6, 6, 6, 6, 7, 7, 5, 5]","['A2TBXASXZIRNNW', 'A1PUHCEBSOWETV', 'A1FHS282JP487T', 'ALQPGVQZEZSUE', 'A27PBC5O3Z5ZED', 'A3UWM3KJYEL5XU', 'A2B6WQG0A9CKXQ', 'A27SMEOPKV84VI', 'self_report_15']"
16_DR-100_0102_1_sentence_5.wav,"[5, 5, 3, 6, 4, 5, 2, 5, 4]","[5, 5, 7, 3, 6, 5, 5, 5, 7]","['A1ET2J1PIP0RGO', 'A3UWM3KJYEL5XU', 'A1PUHCEBSOWETV', 'A2TBXASXZIRNNW', 'A27PBC5O3Z5ZED', 'ALQPGVQZEZSUE', 'A3KCUB6P3IE8NL', 'A2B6WQG0A9CKXQ', 'self_report_16']"
19_DR-100_0097_3_sentence_7.wav,"[2, 3, 2, 5, 4, 1, 5, 3, 6]","[6, 6, 5, 6, 3, 5, 6, 6, 5]","['A1PUHCEBSOWETV', 'A3UWM3KJYEL5XU', 'A27PBC5O3Z5ZED', 'A2JP9IKRHNLRPI', 'A2TBXASXZIRNNW', 'A1FHS282JP487T', 'A1ET2J1PIP0RGO', 'ALQPGVQZEZSUE', 'self_report_19']"
18_DR-100_0095_9_sentence_7.wav,"[2, 5, 2, 4, 2, 3, 4, 2, 5]","[6, 4, 4, 3, 5, 5, 3, 4, 6]","['A1PUHCEBSOWETV', 'A2TBXASXZIRNNW', 'A3UWM3KJYEL5XU', 'A2JP9IKRHNLRPI', 'A1FHS282JP487T', 'A27PBC5O3Z5ZED', 'A2B6WQG0A9CKXQ', 'A1FP3SH704X01V', 'self_report_18']"
16_DR-100_0102_1_sentence_10.wav,"[2, 6, 4, 5, 5, 3, 3, 6, 4]","[6, 7, 7, 7, 7, 6, 8, 7, 7]","['A1PUHCEBSOWETV', 'A2TBXASXZIRNNW', 'A27PBC5O3Z5ZED', 'A2JP9IKRHNLRPI', 'A3UWM3KJYEL5XU', 'A1FHS282JP487T', 'A2B6WQG0A9CKXQ', 'A1ET2J1PIP0RGO', 'self_report_16']"
17_DR-100_0094_1_sentence_2.wav,"[3, 6, 5, 4, 2, 4, 4, 4, 5]","[7, 4, 6, 7, 6, 7, 7, 5, 6]","['A1PUHCEBSOWETV', 'A2TBXASXZIRNNW', 'A1ET2J1PIP0RGO', 'A27PBC5O3Z5ZED', 'A1FHS282JP487T', 'A3UWM3KJYEL5XU', 'A2B6WQG0A9CKXQ', 'A2JP9IKRHNLRPI', 'self_report_17']"
17_DR-100_0094_9_sentence_12.wav,"[4, 5, 3, 2, 4, 7, 5, 3, 5]","[4, 6, 6, 6, 6, 3, 6, 5, 5]","['A2JP9IKRHNLRPI', 'A3UWM3KJYEL5XU', 'A1FHS282JP487T', 'A1PUHCEBSOWETV', 'A27PBC5O3Z5ZED', 'A2TBXASXZIRNNW', 'ALQPGVQZEZSUE', 'A3KCUB6P3IE8NL', 'self_report_17']"
19_DR-100_0097_5_sentence_7.wav,"[2, 3, 2, 7, 1, 1, 3, 2, 7]","[6, 6, 4, 3, 5, 5, 4, 3, 7]","['A1PUHCEBSOWETV', 'A1FHS282JP487T', 'A3UWM3KJYEL5XU', 'A2TBXASXZIRNNW', 'A3KCUB6P3IE8NL', 'A2B6WQG0A9CKXQ', 'A27PBC5O3Z5ZED', 'A2KXARDIOGJL8T', 'self_report_19']"
20_DR-100_0099_7_sentence_2.wav,"[3, 2, 3, 3, 4, 6, 6, 3, 2]","[6, 6, 8, 6, 7, 4, 5, 9, 2]","['A27PBC5O3Z5ZED', 'A1PUHCEBSOWETV', 'A3UWM3KJYEL5XU', 'A1FHS282JP487T', 'A2JP9IKRHNLRPI', 'A2TBXASXZIRNNW', 'A27SMEOPKV84VI', 'A2B6WQG0A9CKXQ', 'self_report_20']"
17_DR-100_0094_3_sentence_1.wav,"[2, 4, 6, 2, 2, 3, 4, 5, 5]","[6, 5, 4, 6, 3, 5, 5, 6, 6]","['A1PUHCEBSOWETV', 'A3UWM3KJYEL5XU', 'A2TBXASXZIRNNW', 'A1FHS282JP487T', 'A3KCUB6P3IE8NL', 'A27PBC5O3Z5ZED', 'A2B6WQG0A9CKXQ', 'A1ET2J1PIP0RGO', 'self_report_17']"
16_DR-100_0102_1_sentence_3.wav,"[2, 5, 7, 4, 7, 3, 5, 5, 4]","[6, 4, 4, 4, 3, 6, 5, 4, 7]","['A1PUHCEBSOWETV', 'A2JP9IKRHNLRPI', 'A3UWM3KJYEL5XU', 'A27PBC5O3Z5ZED', 'A2TBXASXZIRNNW', 'A1FHS282JP487T', 'ALQPGVQZEZSUE', 'AEO84PDSWW0W', 'self_report_16']"
19_DR-100_0097_5_sentence_8.wav,"[1, 2, 2, 6, 2, 2, 4, 2, 7]","[5, 6, 4, 2, 4, 3, 4, 4, 7]","['A1FHS282JP487T', 'A1PUHCEBSOWETV', 'A27PBC5O3Z5ZED', 'A2TBXASXZIRNNW', 'A3UWM3KJYEL5XU', 'A1FP3SH704X01V', 'A27SMEOPKV84VI', 'A2KXARDIOGJL8T', 'self_report_19']"
20_DR-100_0099_3_sentence_5.wav,"[3, 2, 5, 2, 2, 3, 1, 2, 2]","[4, 6, 3, 7, 5, 7, 7, 6, 2]","['A1PUHCEBSOWETV', 'A1FHS282JP487T', 'A2TBXASXZIRNNW', 'A3UWM3KJYEL5XU', 'A27PBC5O3Z5ZED', 'ALQPGVQZEZSUE', 'A2B6WQG0A9CKXQ', 'A2JP9IKRHNLRPI', 'self_report_20']"
15_DR-100_0091_1_sentence_1.wav,"[6, 2, 2, 5, 8, 5, 4, 5, 1]","[4, 6, 6, 4, 4, 4, 3, 5, 5]","['A1ET2J1PIP0RGO', 'A1PUHCEBSOWETV', 'A1FHS282JP487T', 'A2JP9IKRHNLRPI', 'A2TBXASXZIRNNW', 'ALQPGVQZEZSUE', 'A3UWM3KJYEL5XU', 'A27PBC5O3Z5ZED', 'self_report_15']"
18_DR-100_0095_9_sentence_3.wav,"[5, 2, 2, 2, 6, 3, 5, 5, 5]","[4, 6, 3, 6, 4, 5, 4, 6, 6]","['A2JP9IKRHNLRPI', 'A1PUHCEBSOWETV', 'A3UWM3KJYEL5XU', 'A1FHS282JP487T', 'A2TBXASXZIRNNW', 'A27PBC5O3Z5ZED', 'ALQPGVQZEZSUE', 'A1ET2J1PIP0RGO', 'self_report_18']"
15_DR-100_0091_1_sentence_10.wav,"[2, 6, 3, 7, 6, 6, 2, 6, 1]","[6, 7, 6, 4, 3, 3, 4, 5, 5]","['A1PUHCEBSOWETV', 'A27PBC5O3Z5ZED', 'A1FHS282JP487T', 'A2TBXASXZIRNNW', 'A3UWM3KJYEL5XU', 'ALQPGVQZEZSUE', 'A3KCUB6P3IE8NL', 'A1ET2J1PIP0RGO', 'self_report_15']"
19_DR-100_0097_9_sentence_7.wav,"[1, 2, 2, 4, 1, 7, 3, 3, 6]","[3, 4, 6, 2, 5, 3, 6, 3, 6]","['A27PBC5O3Z5ZED', 'A3UWM3KJYEL5XU', 'A1PUHCEBSOWETV', 'A2JP9IKRHNLRPI', 'A1FHS282JP487T', 'A2TBXASXZIRNNW', 'A27SMEOPKV84VI', 'AEO84PDSWW0W', 'self_report_19']"
17_DR-100_0094_5_sentence_4.wav,"[2, 4, 8, 3, 4, 3, 5, 5, 5]","[6, 3, 3, 6, 6, 6, 6, 3, 7]","['A1PUHCEBSOWETV', 'A3UWM3KJYEL5XU', 'A2TBXASXZIRNNW', 'A1FHS282JP487T', 'A27PBC5O3Z5ZED', 'A3KCUB6P3IE8NL', 'A1ET2J1PIP0RGO', 'A1FP3SH704X01V', 'self_report_17']"
19_DR-100_0097_7_sentence_5.wav,"[5, 2, 5, 3, 1, 4, 3, 5, 7]","[5, 6, 4, 7, 5, 5, 6, 6, 6]","['A2JP9IKRHNLRPI', 'A1PUHCEBSOWETV', 'A2TBXASXZIRNNW', 'A3UWM3KJYEL5XU', 'A1FHS282JP487T', 'ALQPGVQZEZSUE', 'A27PBC5O3Z5ZED', 'A2KXARDIOGJL8T', 'self_report_19']"
20_DR-100_0099_1_sentence_4.wav,"[3, 2, 1, 2, 5, 2, 2, 2, 2]","[4, 6, 3, 5, 4, 6, 5, 6, 3]","['A1ET2J1PIP0RGO', 'A1PUHCEBSOWETV', 'A27PBC5O3Z5ZED', 'A3UWM3KJYEL5XU', 'A2TBXASXZIRNNW', 'A1FHS282JP487T', 'A2KXARDIOGJL8T', 'A2JP9IKRHNLRPI', 'self_report_20']"
17_DR-100_0094_5_sentence_10.wav,"[2, 3, 7, 5, 2, 3, 3, 6, 5]","[6, 7, 4, 8, 7, 6, 7, 7, 7]","['A1PUHCEBSOWETV', 'A27PBC5O3Z5ZED', 'A2TBXASXZIRNNW', 'A2JP9IKRHNLRPI', 'A3KCUB6P3IE8NL', 'A1FHS282JP487T', 'A3UWM3KJYEL5XU', 'ALQPGVQZEZSUE', 'self_report_17']"
18_DR-100_0095_3_sentence_6.wav,"[2, 4, 1, 2, 3, 2, 3, 1, 4]","[6, 4, 5, 5, 5, 5, 5, 5, 6]","['A1PUHCEBSOWETV', 'A2TBXASXZIRNNW', 'A1FHS282JP487T', 'A27PBC5O3Z5ZED', 'A3UWM3KJYEL5XU', 'A2B6WQG0A9CKXQ', 'A27SMEOPKV84VI', 'A3KCUB6P3IE8NL', 'self_report_18']"
19_DR-100_0097_7_sentence_8.wav,"[5, 2, 3, 4, 2, 1, 2, 1, 7]","[4, 6, 5, 6, 5, 5, 5, 5, 6]","['A2TBXASXZIRNNW', 'A1PUHCEBSOWETV', 'A2JP9IKRHNLRPI', 'A1ET2J1PIP0RGO', 'A3UWM3KJYEL5XU', 'A1FHS282JP487T', 'A27PBC5O3Z5ZED', 'A2B6WQG0A9CKXQ', 'self_report_19']"
19_DR-100_0097_1_sentence_4.wav,"[2, 5, 5, 5, 4, 3, 2, 1, 5]","[6, 5, 4, 6, 4, 5, 5, 5, 6]","['A1PUHCEBSOWETV', 'A2JP9IKRHNLRPI', 'A2TBXASXZIRNNW', 'A1ET2J1PIP0RGO', 'A3UWM3KJYEL5XU', 'A27PBC5O3Z5ZED', 'A2B6WQG0A9CKXQ', 'A1FHS282JP487T', 'self_report_19']"
19_DR-100_0097_5_sentence_6.wav,"[2, 5, 2, 3, 3, 3, 1, 1, 7]","[6, 5, 6, 4, 6, 5, 5, 5, 7]","['A1FHS282JP487T', 'A2TBXASXZIRNNW', 'A1PUHCEBSOWETV', 'A3UWM3KJYEL5XU', 'A27PBC5O3Z5ZED', 'A2B6WQG0A9CKXQ', 'A3KCUB6P3IE8NL', 'A1FP3SH704X01V', 'self_report_19']"
17_DR-100_0094_9_sentence_4.wav,"[6, 6, 3, 3, 3, 5, 5, 2, 5]","[4, 2, 8, 6, 4, 2, 3, 4, 5]","['A2TBXASXZIRNNW', 'A3UWM3KJYEL5XU', 'A1PUHCEBSOWETV', 'A1FHS282JP487T', 'A27PBC5O3Z5ZED', 'A2B6WQG0A9CKXQ', 'ALQPGVQZEZSUE', 'A1FP3SH704X01V', 'self_report_17']"
18_DR-100_0095_5_sentence_2.wav,"[2, 2, 4, 3, 2, 5, 2, 4, 3]","[6, 6, 6, 6, 6, 6, 7, 8, 6]","['A3UWM3KJYEL5XU', 'A1PUHCEBSOWETV', 'A2TBXASXZIRNNW', 'A27PBC5O3Z5ZED', 'A1FHS282JP487T', 'A1ET2J1PIP0RGO', 'A3KCUB6P3IE8NL', 'A2JP9IKRHNLRPI', 'self_report_18']"
15_DR-100_0091_3_sentence_8.wav,"[9, 2, 6, 8, 4, 4, 7, 8, 2]","[6, 6, 5, 5, 5, 6, 6, 5, 5]","['A2TBXASXZIRNNW', 'A1PUHCEBSOWETV', 'A2JP9IKRHNLRPI', 'A3UWM3KJYEL5XU', 'A3KCUB6P3IE8NL', 'A1FHS282JP487T', 'A27PBC5O3Z5ZED', 'A2B6WQG0A9CKXQ', 'self_report_15']"
16_DR-100_0102_7_sentence_7.wav,"[6, 7, 2, 6, 6, 3, 7, 7, 6]","[4, 6, 6, 5, 5, 6, 4, 7, 8]","['A3UWM3KJYEL5XU', 'A27PBC5O3Z5ZED', 'A1PUHCEBSOWETV', 'A2TBXASXZIRNNW', 'ALQPGVQZEZSUE', 'A1FHS282JP487T', 'A2B6WQG0A9CKXQ', 'A1ET2J1PIP0RGO', 'self_report_16']"
20_DR-100_0099_3_sentence_3.wav,"[2, 2, 4, 4, 3, 1, 4, 3, 2]","[6, 6, 5, 6, 7, 6, 6, 6, 2]","['A1PUHCEBSOWETV', 'A27PBC5O3Z5ZED', 'A2TBXASXZIRNNW', 'ALQPGVQZEZSUE', 'A3UWM3KJYEL5XU', 'A1FHS282JP487T', 'A1ET2J1PIP0RGO', 'A27SMEOPKV84VI', 'self_report_20']"
17_DR-100_0094_1_sentence_12.wav,"[2, 5, 3, 6, 5, 4, 4, 7, 5]","[6, 4, 6, 6, 4, 6, 5, 6, 6]","['A1PUHCEBSOWETV', 'A3UWM3KJYEL5XU', 'A1FHS282JP487T', 'A2TBXASXZIRNNW', 'ALQPGVQZEZSUE', 'A27PBC5O3Z5ZED', 'A2B6WQG0A9CKXQ', 'A27SMEOPKV84VI', 'self_report_17']"
17_DR-100_0094_5_sentence_9.wav,"[2, 3, 4, 3, 3, 7, 4, 5, 5]","[6, 6, 4, 4, 6, 3, 4, 4, 7]","['A1PUHCEBSOWETV', 'A1FHS282JP487T', 'A1ET2J1PIP0RGO', 'A3UWM3KJYEL5XU', 'A27PBC5O3Z5ZED', 'A2TBXASXZIRNNW', 'A2B6WQG0A9CKXQ', 'ALQPGVQZEZSUE', 'self_report_17']"
16_DR-100_0102_1_sentence_7.wav,"[2, 6, 4, 5, 5, 4, 4, 1, 4]","[6, 4, 5, 6, 4, 5, 6, 5, 7]","['A1PUHCEBSOWETV', 'A3UWM3KJYEL5XU', 'A2JP9IKRHNLRPI', 'A27PBC5O3Z5ZED', 'A2TBXASXZIRNNW', 'ALQPGVQZEZSUE', 'A1FHS282JP487T', 'A1FP3SH704X01V', 'self_report_16']"
15_DR-100_0091_3_sentence_10.wav,"[2, 4, 9, 7, 6, 6, 7, 7, 2]","[6, 6, 4, 7, 7, 8, 7, 6, 5]","['A1PUHCEBSOWETV', 'A1FHS282JP487T', 'A2TBXASXZIRNNW', 'A3UWM3KJYEL5XU', 'A27PBC5O3Z5ZED', 'A2B6WQG0A9CKXQ', 'A1ET2J1PIP0RGO', 'ALQPGVQZEZSUE', 'self_report_15']"
16_DR-100_0102_7_sentence_3.wav,"[2, 3, 7, 3, 6, 3, 4, 6, 6]","[6, 6, 3, 5, 4, 6, 4, 5, 8]","['A1PUHCEBSOWETV', 'A1FHS282JP487T', 'A2TBXASXZIRNNW', 'A2B6WQG0A9CKXQ', 'A3UWM3KJYEL5XU', 'A27PBC5O3Z5ZED', 'ALQPGVQZEZSUE', 'A27SMEOPKV84VI', 'self_report_16']"
15_DR-100_0091_3_sentence_7.wav,"[2, 4, 7, 3, 8, 6, 3, 2, 2]","[6, 4, 7, 6, 3, 6, 6, 6, 5]","['A1PUHCEBSOWETV', 'AEO84PDSWW0W', 'A3UWM3KJYEL5XU', 'A1FHS282JP487T', 'A2TBXASXZIRNNW', 'A27PBC5O3Z5ZED', 'A3KCUB6P3IE8NL', 'A1FP3SH704X01V', 'self_report_15']"
16_DR-100_0102_7_sentence_2.wav,"[2, 8, 3, 4, 5, 4, 3, 2, 6]","[6, 3, 6, 6, 3, 4, 4, 4, 8]","['A1PUHCEBSOWETV', 'A2TBXASXZIRNNW', 'A1FHS282JP487T', 'A27PBC5O3Z5ZED', 'A3UWM3KJYEL5XU', 'ALQPGVQZEZSUE', 'A2B6WQG0A9CKXQ', 'A1FP3SH704X01V', 'self_report_16']"
15_DR-100_0091_1_sentence_8.wav,"[3, 6, 8, 3, 5, 6, 7, 2, 1]","[7, 5, 3, 6, 6, 3, 4, 4, 5]","['A1PUHCEBSOWETV', 'A1ET2J1PIP0RGO', 'A2TBXASXZIRNNW', 'A1FHS282JP487T', 'A27PBC5O3Z5ZED', 'A3UWM3KJYEL5XU', 'ALQPGVQZEZSUE', 'A1FP3SH704X01V', 'self_report_15']"
20_DR-100_0099_1_sentence_3.wav,"[2, 2, 4, 2, 7, 2, 3, 3, 2]","[6, 6, 6, 5, 3, 6, 6, 5, 3]","['A1PUHCEBSOWETV', 'A1FHS282JP487T', 'A2JP9IKRHNLRPI', 'A3KCUB6P3IE8NL', 'A2TBXASXZIRNNW', 'A3UWM3KJYEL5XU', 'A27PBC5O3Z5ZED', 'A27SMEOPKV84VI', 'self_report_20']"
19_DR-100_0097_3_sentence_8.wav,"[3, 4, 1, 3, 3, 2, 2, 4, 6]","[6, 3, 5, 8, 7, 6, 7, 5, 5]","['A1ET2J1PIP0RGO', 'A2TBXASXZIRNNW', 'A1FHS282JP487T', 'A1PUHCEBSOWETV', 'A3UWM3KJYEL5XU', 'A27PBC5O3Z5ZED', 'A2KXARDIOGJL8T', 'A27SMEOPKV84VI', 'self_report_19']"
15_DR-100_0091_7_sentence_11.wav,"[2, 6, 7, 6, 4, 5, 5, 5, 5]","[6, 9, 4, 6, 6, 7, 6, 7, 8]","['A1PUHCEBSOWETV', 'A3UWM3KJYEL5XU', 'A2TBXASXZIRNNW', 'A27PBC5O3Z5ZED', 'A1FHS282JP487T', 'A2JP9IKRHNLRPI', 'A1ET2J1PIP0RGO', 'ALQPGVQZEZSUE', 'self_report_15']"
16_DR-100_0102_9_sentence_6.wav,"[2, 1, 3, 3, 5, 2, 3, 2, 5]","[5, 5, 5, 4, 4, 5, 5, 5, 7]","['A1PUHCEBSOWETV', 'A1FHS282JP487T', 'A2JP9IKRHNLRPI', 'A27PBC5O3Z5ZED', 'A2TBXASXZIRNNW', 'A3KCUB6P3IE8NL', 'A3UWM3KJYEL5XU', 'A2B6WQG0A9CKXQ', 'self_report_16']"
16_DR-100_0102_5_sentence_2.wav,"[2, 3, 4, 4, 5, 4, 5, 4, 5]","[6, 6, 7, 4, 8, 6, 6, 7, 8]","['A1PUHCEBSOWETV', 'A1FHS282JP487T', 'A2JP9IKRHNLRPI', 'A2TBXASXZIRNNW', 'A3UWM3KJYEL5XU', 'ALQPGVQZEZSUE', 'A27SMEOPKV84VI', 'AEO84PDSWW0W', 'self_report_16']"
17_DR-100_0094_1_sentence_10.wav,"[2, 2, 7, 5, 2, 3, 3, 5, 5]","[6, 4, 4, 6, 3, 6, 5, 3, 6]","['A1PUHCEBSOWETV', 'A27PBC5O3Z5ZED', 'A2TBXASXZIRNNW', 'A1ET2J1PIP0RGO', 'A3UWM3KJYEL5XU', 'A1FHS282JP487T', 'A3KCUB6P3IE8NL', 'A2B6WQG0A9CKXQ', 'self_report_17']"
18_DR-100_0095_9_sentence_1.wav,"[5, 6, 2, 5, 2, 3, 3, 6, 5]","[6, 5, 6, 6, 6, 6, 6, 5, 6]","['A1ET2J1PIP0RGO', 'A2TBXASXZIRNNW', 'A1PUHCEBSOWETV', 'A2JP9IKRHNLRPI', 'A1FHS282JP487T', 'A3UWM3KJYEL5XU', 'A27PBC5O3Z5ZED', 'A27SMEOPKV84VI', 'self_report_18']"
16_DR-100_0102_5_sentence_8.wav,"[5, 5, 3, 2, 4, 2, 3, 2, 5]","[7, 6, 6, 6, 9, 6, 9, 6, 8]","['A1ET2J1PIP0RGO', 'A2TBXASXZIRNNW', 'A27PBC5O3Z5ZED', 'A1PUHCEBSOWETV', 'A3UWM3KJYEL5XU', 'A1FHS282JP487T', 'A2B6WQG0A9CKXQ', 'A1FP3SH704X01V', 'self_report_16']"
19_DR-100_0097_1_sentence_1.wav,"[2, 1, 4, 4, 4, 5, 5, 1, 5]","[6, 5, 5, 5, 4, 4, 5, 5, 6]","['A1PUHCEBSOWETV', 'A1FHS282JP487T', 'A2JP9IKRHNLRPI', 'A27PBC5O3Z5ZED', 'A3UWM3KJYEL5XU', 'A2TBXASXZIRNNW', 'ALQPGVQZEZSUE', 'A1FP3SH704X01V', 'self_report_19']"
20_DR-100_0099_9_sentence_2.wav,"[5, 2, 2, 2, 2, 3, 6, 2, 3]","[4, 6, 6, 6, 3, 4, 1, 3, 3]","['A1ET2J1PIP0RGO', 'A1PUHCEBSOWETV', 'A1FHS282JP487T', 'A2JP9IKRHNLRPI', 'A3UWM3KJYEL5XU', 'ALQPGVQZEZSUE', 'A2TBXASXZIRNNW', 'A2B6WQG0A9CKXQ', 'self_report_20']"
15_DR-100_0091_9_sentence_4.wav,"[5, 2, 6, 7, 6, 5, 3, 7, 6]","[6, 6, 7, 3, 4, 6, 6, 7, 6]","['A3UWM3KJYEL5XU', 'A1PUHCEBSOWETV', 'A1ET2J1PIP0RGO', 'A2TBXASXZIRNNW', 'A2JP9IKRHNLRPI', 'A27PBC5O3Z5ZED', 'A1FHS282JP487T', 'A2B6WQG0A9CKXQ', 'self_report_15']"
16_DR-100_0102_3_sentence_5.wav,"[3, 6, 4, 3, 2, 5, 4, 7, 5]","[6, 3, 6, 6, 6, 6, 6, 6, 8]","['A3UWM3KJYEL5XU', 'A2TBXASXZIRNNW', 'A2JP9IKRHNLRPI', 'A1FHS282JP487T', 'A1PUHCEBSOWETV', 'A1ET2J1PIP0RGO', 'A27PBC5O3Z5ZED', 'A27SMEOPKV84VI', 'self_report_16']"
15_DR-100_0091_9_sentence_6.wav,"[7, 2, 7, 8, 4, 6, 6, 6, 6]","[8, 6, 4, 6, 6, 7, 5, 5, 6]","['A1ET2J1PIP0RGO', 'A1PUHCEBSOWETV', 'A2TBXASXZIRNNW', 'A3UWM3KJYEL5XU', 'A1FHS282JP487T', 'A27PBC5O3Z5ZED', 'A2JP9IKRHNLRPI', 'ALQPGVQZEZSUE', 'self_report_15']"
19_DR-100_0097_7_sentence_1.wav,"[2, 4, 1, 5, 4, 3, 3, 3, 7]","[6, 4, 5, 4, 4, 3, 4, 2, 6]","['A1PUHCEBSOWETV', 'A1ET2J1PIP0RGO', 'A1FHS282JP487T', 'A2TBXASXZIRNNW', 'A27PBC5O3Z5ZED', 'ALQPGVQZEZSUE', 'A3UWM3KJYEL5XU', 'A2B6WQG0A9CKXQ', 'self_report_19']"
17_DR-100_0094_3_sentence_5.wav,"[6, 2, 6, 6, 7, 4, 4, 3, 5]","[3, 6, 6, 4, 4, 5, 2, 6, 6]","['A3UWM3KJYEL5XU', 'A1PUHCEBSOWETV', 'A1ET2J1PIP0RGO', 'ALQPGVQZEZSUE', 'A2TBXASXZIRNNW', 'A27PBC5O3Z5ZED', 'A2B6WQG0A9CKXQ', 'A1FHS282JP487T', 'self_report_17']"
18_DR-100_0095_5_sentence_3.wav,"[3, 2, 2, 3, 5, 3, 4, 5, 3]","[6, 5, 7, 5, 4, 6, 6, 6, 6]","['A27PBC5O3Z5ZED', 'A1FHS282JP487T', 'A1PUHCEBSOWETV', 'A3UWM3KJYEL5XU', 'A2TBXASXZIRNNW', 'A2JP9IKRHNLRPI', 'ALQPGVQZEZSUE', 'A1ET2J1PIP0RGO', 'self_report_18']"
19_DR-100_0097_1_sentence_9.wav,"[2, 4, 8, 3, 5, 1, 1, 2, 5]","[6, 6, 4, 6, 5, 5, 5, 5, 6]","['A1PUHCEBSOWETV', 'A3UWM3KJYEL5XU', 'A2TBXASXZIRNNW', 'A27PBC5O3Z5ZED', 'ALQPGVQZEZSUE', 'A2B6WQG0A9CKXQ', 'A1FHS282JP487T', 'A3KCUB6P3IE8NL', 'self_report_19']"
18_DR-100_0095_9_sentence_2.wav,"[5, 4, 2, 3, 4, 3, 3, 5, 5]","[4, 4, 6, 6, 6, 4, 6, 4, 6]","['A2TBXASXZIRNNW', 'A2JP9IKRHNLRPI', 'A1PUHCEBSOWETV', 'A1FHS282JP487T', 'A3UWM3KJYEL5XU', 'A2B6WQG0A9CKXQ', 'A27PBC5O3Z5ZED', 'ALQPGVQZEZSUE', 'self_report_18']"
19_DR-100_0097_9_sentence_3.wav,"[2, 6, 2, 3, 3, 4, 4, 2, 6]","[5, 4, 5, 4, 4, 4, 5, 4, 6]","['A1PUHCEBSOWETV', 'A2TBXASXZIRNNW', 'A1FHS282JP487T', 'A3UWM3KJYEL5XU', 'A27PBC5O3Z5ZED', 'A1ET2J1PIP0RGO', 'ALQPGVQZEZSUE', 'A3KCUB6P3IE8NL', 'self_report_19']"
15_DR-100_0091_3_sentence_5.wav,"[7, 2, 6, 4, 9, 5, 7, 7, 2]","[6, 6, 6, 6, 4, 6, 7, 7, 5]","['A3UWM3KJYEL5XU', 'A1PUHCEBSOWETV', 'A2JP9IKRHNLRPI', 'A1FHS282JP487T', 'A2TBXASXZIRNNW', 'A27PBC5O3Z5ZED', 'A1ET2J1PIP0RGO', 'A2B6WQG0A9CKXQ', 'self_report_15']"
16_DR-100_0102_7_sentence_1.wav,"[3, 4, 2, 3, 5, 5, 2, 3, 6]","[4, 6, 6, 4, 3, 3, 6, 6, 8]","['ADLYO655RWJUI', 'A1ET2J1PIP0RGO', 'A1PUHCEBSOWETV', 'A3UWM3KJYEL5XU', 'A2JP9IKRHNLRPI', 'A2TBXASXZIRNNW', 'A1FHS282JP487T', 'A27PBC5O3Z5ZED', 'self_report_16']"
18_DR-100_0095_5_sentence_7.wav,"[2, 3, 3, 2, 4, 6, 5, 4, 3]","[6, 7, 4, 6, 6, 4, 6, 6, 6]","['A27PBC5O3Z5ZED', 'A1PUHCEBSOWETV', 'A3UWM3KJYEL5XU', 'A1FHS282JP487T', 'A2JP9IKRHNLRPI', 'A2TBXASXZIRNNW', 'A1ET2J1PIP0RGO', 'ALQPGVQZEZSUE', 'self_report_18']"
15_DR-100_0091_7_sentence_3.wav,"[2, 4, 7, 5, 2, 5, 7, 6, 5]","[6, 6, 4, 6, 6, 6, 7, 8, 8]","['A1PUHCEBSOWETV', 'A1FHS282JP487T', 'A2TBXASXZIRNNW', 'A27PBC5O3Z5ZED', 'A3KCUB6P3IE8NL', 'A3UWM3KJYEL5XU', 'A2B6WQG0A9CKXQ', 'A1ET2J1PIP0RGO', 'self_report_15']"
18_DR-100_0095_7_sentence_1.wav,"[2, 3, 6, 3, 5, 5, 2, 5, 4]","[6, 3, 4, 4, 3, 5, 6, 4, 5]","['A1PUHCEBSOWETV', 'A3UWM3KJYEL5XU', 'A2TBXASXZIRNNW', 'A27PBC5O3Z5ZED', 'A1ET2J1PIP0RGO', 'A2KXARDIOGJL8T', 'A1FHS282JP487T', 'ALQPGVQZEZSUE', 'self_report_18']"
16_DR-100_0102_3_sentence_4.wav,"[2, 3, 6, 4, 6, 6, 5, 2, 5]","[6, 6, 6, 6, 4, 6, 3, 5, 8]","['A1PUHCEBSOWETV', 'A1FHS282JP487T', 'A2TBXASXZIRNNW', 'A27PBC5O3Z5ZED', 'A3UWM3KJYEL5XU', 'A1ET2J1PIP0RGO', 'ALQPGVQZEZSUE', 'A3KCUB6P3IE8NL', 'self_report_16']"
18_DR-100_0095_1_sentence_1.wav,"[2, 5, 4, 3, 5, 3, 2, 2, 3]","[6, 6, 7, 7, 6, 6, 6, 6, 5]","['A1PUHCEBSOWETV', 'A2TBXASXZIRNNW', 'A2JP9IKRHNLRPI', 'A3UWM3KJYEL5XU', 'A1ET2J1PIP0RGO', 'A27PBC5O3Z5ZED', 'A1FHS282JP487T', 'A3KCUB6P3IE8NL', 'self_report_18']"
20_DR-100_0099_5_sentence_4.wav,"[5, 2, 1, 2, 4, 3, 5, 1, 3]","[3, 6, 5, 4, 6, 4, 4, 4, 3]","['A2TBXASXZIRNNW', 'A1PUHCEBSOWETV', 'A1FHS282JP487T', 'A3UWM3KJYEL5XU', 'A27PBC5O3Z5ZED', 'A1FP3SH704X01V', 'ALQPGVQZEZSUE', 'A2B6WQG0A9CKXQ', 'self_report_20']"
17_DR-100_0094_7_sentence_1.wav,"[2, 3, 5, 3, 5, 2, 4, 4, 6]","[3, 6, 6, 5, 4, 6, 5, 5, 5]","['A27PBC5O3Z5ZED', 'A1PUHCEBSOWETV', 'A1ET2J1PIP0RGO', 'A3UWM3KJYEL5XU', 'A2TBXASXZIRNNW', 'A1FHS282JP487T', 'A2B6WQG0A9CKXQ', 'ALQPGVQZEZSUE', 'self_report_17']"
18_DR-100_0095_9_sentence_6.wav,"[2, 2, 4, 3, 4, 2, 2, 1, 5]","[5, 6, 5, 4, 5, 4, 6, 5, 6]","['A1FHS282JP487T', 'A1PUHCEBSOWETV', 'A1ET2J1PIP0RGO', 'A2TBXASXZIRNNW', 'ALQPGVQZEZSUE', 'A27PBC5O3Z5ZED', 'A3UWM3KJYEL5XU', 'A3KCUB6P3IE8NL', 'self_report_18']"
17_DR-100_0094_9_sentence_7.wav,"[3, 2, 6, 7, 5, 3, 6, 3, 5]","[6, 6, 6, 6, 7, 6, 7, 4, 5]","['A27PBC5O3Z5ZED', 'A1PUHCEBSOWETV', 'A2JP9IKRHNLRPI', 'A2TBXASXZIRNNW', 'A3UWM3KJYEL5XU', 'A1FHS282JP487T', 'A2B6WQG0A9CKXQ', 'A2KXARDIOGJL8T', 'self_report_17']"
17_DR-100_0094_1_sentence_4.wav,"[2, 6, 3, 5, 4, 2, 4, 5, 5]","[6, 4, 5, 5, 4, 6, 4, 6, 6]","['A1PUHCEBSOWETV', 'A2TBXASXZIRNNW', 'A27PBC5O3Z5ZED', 'A2JP9IKRHNLRPI', 'A3UWM3KJYEL5XU', 'A1FHS282JP487T', 'A2B6WQG0A9CKXQ', 'A1ET2J1PIP0RGO', 'self_report_17']"
17_DR-100_0094_5_sentence_5.wav,"[5, 2, 4, 5, 7, 4, 5, 4, 5]","[9, 6, 6, 8, 4, 6, 6, 7, 7]","['A3UWM3KJYEL5XU', 'A1PUHCEBSOWETV', 'A1FHS282JP487T', 'A2JP9IKRHNLRPI', 'A2TBXASXZIRNNW', 'A27PBC5O3Z5ZED', 'A1ET2J1PIP0RGO', 'AEO84PDSWW0W', 'self_report_17']"
16_DR-100_0102_5_sentence_6.wav,"[2, 5, 3, 7, 6, 6, 4, 6, 5]","[7, 5, 6, 4, 5, 5, 5, 5, 8]","['A1PUHCEBSOWETV', 'A2JP9IKRHNLRPI', 'A1FHS282JP487T', 'A2TBXASXZIRNNW', 'A3UWM3KJYEL5XU', 'ALQPGVQZEZSUE', 'A27PBC5O3Z5ZED', 'A27SMEOPKV84VI', 'self_report_16']"
15_DR-100_0091_3_sentence_9.wav,"[6, 5, 2, 3, 3, 5, 6, 7, 2]","[4, 6, 6, 6, 5, 6, 8, 7, 5]","['A2TBXASXZIRNNW', 'A27PBC5O3Z5ZED', 'A1PUHCEBSOWETV', 'A1FHS282JP487T', 'A3KCUB6P3IE8NL', 'ALQPGVQZEZSUE', 'A2B6WQG0A9CKXQ', 'A3UWM3KJYEL5XU', 'self_report_15']"
20_DR-100_0099_3_sentence_2.wav,"[2, 2, 1, 5, 2, 2, 4, 2, 2]","[2, 6, 5, 2, 3, 3, 3, 3, 2]","['A27PBC5O3Z5ZED', 'A1PUHCEBSOWETV', 'A1FHS282JP487T', 'A2TBXASXZIRNNW', 'A3KCUB6P3IE8NL', 'A3UWM3KJYEL5XU', 'A1ET2J1PIP0RGO', 'A2KXARDIOGJL8T', 'self_report_20']"
18_DR-100_0095_3_sentence_5.wav,"[3, 2, 4, 4, 2, 4, 2, 2, 4]","[3, 3, 4, 3, 6, 4, 3, 4, 6]","['A1PUHCEBSOWETV', 'A27PBC5O3Z5ZED', 'A2TBXASXZIRNNW', 'A2JP9IKRHNLRPI', 'A1FHS282JP487T', 'ALQPGVQZEZSUE', 'A3UWM3KJYEL5XU', 'AEO84PDSWW0W', 'self_report_18']"
20_DR-100_0099_5_sentence_1.wav,"[5, 2, 3, 3, 5, 3, 5, 5, 3]","[3, 5, 3, 3, 3, 6, 3, 3, 3]","['A1ET2J1PIP0RGO', 'A1FHS282JP487T', 'A1PUHCEBSOWETV', 'A3UWM3KJYEL5XU', 'A2TBXASXZIRNNW', 'A27PBC5O3Z5ZED', 'ALQPGVQZEZSUE', 'A27SMEOPKV84VI', 'self_report_20']"
18_DR-100_0095_1_sentence_6.wav,"[3, 2, 4, 3, 6, 4, 3, 4, 3]","[3, 5, 3, 2, 3, 4, 6, 4, 5]","['A1PUHCEBSOWETV', 'A1FHS282JP487T', 'A3UWM3KJYEL5XU', 'A2JP9IKRHNLRPI', 'A2TBXASXZIRNNW', 'ALQPGVQZEZSUE', 'A27PBC5O3Z5ZED', 'A27SMEOPKV84VI', 'self_report_18']"
20_DR-100_0099_5_sentence_6.wav,"[2, 2, 1, 3, 7, 2, 2, 2, 3]","[4, 7, 6, 4, 2, 4, 4, 3, 3]","['A3UWM3KJYEL5XU', 'A1PUHCEBSOWETV', 'A1FHS282JP487T', 'ALQPGVQZEZSUE', 'A2TBXASXZIRNNW', 'A27PBC5O3Z5ZED', 'A1FP3SH704X01V', 'A2JP9IKRHNLRPI', 'self_report_20']"
18_DR-100_0095_7_sentence_6.wav,"[5, 3, 4, 5, 2, 5, 3, 5, 4]","[2, 7, 3, 3, 6, 4, 6, 3, 5]","['A3UWM3KJYEL5XU', 'A1PUHCEBSOWETV', 'A2JP9IKRHNLRPI', 'A1ET2J1PIP0RGO', 'A1FHS282JP487T', 'A2TBXASXZIRNNW', 'A27PBC5O3Z5ZED', 'ALQPGVQZEZSUE', 'self_report_18']"
18_DR-100_0095_5_sentence_6.wav,"[2, 3, 4, 5, 2, 1, 3, 4, 3]","[6, 6, 5, 4, 4, 5, 5, 5, 6]","['A1PUHCEBSOWETV', 'A3UWM3KJYEL5XU', 'A1ET2J1PIP0RGO', 'A2TBXASXZIRNNW', 'AEO84PDSWW0W', 'A1FHS282JP487T', 'A27PBC5O3Z5ZED', 'A27SMEOPKV84VI', 'self_report_18']"
17_DR-100_0094_5_sentence_1.wav,"[2, 6, 3, 2, 3, 4, 4, 2, 5]","[6, 3, 5, 6, 5, 5, 5, 5, 7]","['A1PUHCEBSOWETV', 'A2TBXASXZIRNNW', 'A3UWM3KJYEL5XU', 'A1FHS282JP487T', 'A27PBC5O3Z5ZED', 'A2JP9IKRHNLRPI', 'ALQPGVQZEZSUE', 'A2KXARDIOGJL8T', 'self_report_17']"
18_DR-100_0095_3_sentence_3.wav,"[3, 2, 4, 2, 4, 2, 2, 1, 4]","[5, 6, 5, 4, 5, 4, 5, 5, 6]","['A1ET2J1PIP0RGO', 'A1PUHCEBSOWETV', 'A2TBXASXZIRNNW', 'A3UWM3KJYEL5XU', 'ALQPGVQZEZSUE', 'A27PBC5O3Z5ZED', 'A2B6WQG0A9CKXQ', 'A1FHS282JP487T', 'self_report_18']"
26_DR-100_0091_3_sentence_3.wav,"[4, 2, 3, 2, 3, 4, 4, 3, 6]","[3, 3, 4, 4, 4, 2, 2, 4, 6]","['A27SMEOPKV84VI', 'A3UWM3KJYEL5XU', 'A2VRDE2FHCBMF8', 'A394S7JSNUA3TS', 'A1PUHCEBSOWETV', 'A2JP9IKRHNLRPI', 'A22QD6M0A2C77C', 'ABI1EI8UQK6LK', 'self_report_26']"
21_DR-100_0089_1_sentence_9.wav,"[2, 1, 2, 2, 6, 2, 1, 5, 1]","[6, 5, 4, 5, 6, 5, 5, 6, 5]","['A1PUHCEBSOWETV', 'A1FHS282JP487T', 'A3UWM3KJYEL5XU', 'A394S7JSNUA3TS', 'A27SMEOPKV84VI', 'A27IABVBUZ9X8Z', 'A1HXEXQTZCJ1DW', 'ARVXIBUCA8WDZ', 'self_report_21']"
26_DR-100_0091_7_sentence_13.wav,"[2, 3, 2, 2, 4, 4, 6, 3, 8]","[6, 6, 6, 6, 7, 5, 6, 8, 8]","['A1PUHCEBSOWETV', 'A394S7JSNUA3TS', 'A1FHS282JP487T', 'A1L98RD8AC1ST3', 'A1B4KC5KP7FH1Z', 'A2CK0OXMPOR9LE', 'ARVXIBUCA8WDZ', 'A2NJ7N8INZOB00', 'self_report_26']"
24_DR-100_0100_5_sentence_9.wav,"[3, 2, 3, 1, 3, 5, 3, 3, 5]","[4, 6, 6, 5, 6, 6, 6, 4, 5]","['A3UWM3KJYEL5XU', 'A1PUHCEBSOWETV', 'A2CK0OXMPOR9LE', 'A394S7JSNUA3TS', 'A27IABVBUZ9X8Z', 'A1B4KC5KP7FH1Z', 'A1FHS282JP487T', 'A2KXARDIOGJL8T', 'self_report_24']"
24_DR-100_0100_7_sentence_3.wav,"[4, 6, 2, 3, 2, 6, 2, 6, 2]","[6, 5, 6, 6, 5, 6, 4, 4, 5]","['A2VRDE2FHCBMF8', 'A2CK0OXMPOR9LE', 'A1PUHCEBSOWETV', 'A1FHS282JP487T', 'A2NJ7N8INZOB00', 'ARVXIBUCA8WDZ', 'A394S7JSNUA3TS', 'A27SMEOPKV84VI', 'self_report_24']"
27_DR-100_0090_9_sentence_12.wav,"[2, 4, 5, 5, 6, 6, 6, 5, 5]","[6, 7, 8, 7, 6, 6, 8, 5, 8]","['A1PUHCEBSOWETV', 'A394S7JSNUA3TS', 'A22QD6M0A2C77C', 'A27IABVBUZ9X8Z', 'A2VRDE2FHCBMF8', 'A1HXEXQTZCJ1DW', 'A1ET2J1PIP0RGO', 'A1FHS282JP487T', 'self_report_27']"
28_DR-100_0095_1_sentence_1.wav,"[2, 2, 2, 2, 7, 5, 2, 3, 2]","[6, 6, 6, 6, 8, 7, 6, 8, 5]","['A1PUHCEBSOWETV', 'A1FHS282JP487T', 'A394S7JSNUA3TS', 'A319HGTKM0UY0V', 'A12I4JOVZ1HZW8', 'A1B4KC5KP7FH1Z', 'A27IABVBUZ9X8Z', 'A2NJ7N8INZOB00', 'self_report_28']"
21_DR-100_0089_7_sentence_6.wav,"[2, 1, 3, 2, 1, 5, 4, 3, 2]","[6, 5, 4, 5, 3, 4, 4, 7, 5]","['A1PUHCEBSOWETV', 'A394S7JSNUA3TS', 'A2CK0OXMPOR9LE', 'ABI1EI8UQK6LK', 'A2NJ7N8INZOB00', 'A27SMEOPKV84VI', 'A3UWM3KJYEL5XU', 'A22QD6M0A2C77C', 'self_report_21']"
28_DR-100_0095_7_sentence_8.wav,"[4, 1, 2, 1, 2, 3, 3, 1, 4]","[3, 7, 6, 5, 8, 6, 7, 8, 6]","['A1PUHCEBSOWETV', 'A2CK0OXMPOR9LE', 'A27SMEOPKV84VI', 'A1FHS282JP487T', 'A22QD6M0A2C77C', 'A1ET2J1PIP0RGO', 'A394S7JSNUA3TS', 'A2NJ7N8INZOB00', 'self_report_28']"
24_DR-100_0100_9_sentence_4.wav,"[2, 2, 2, 7, 4, 4, 5, 4, 2]","[6, 6, 6, 9, 5, 6, 6, 6, 6]","['A1PUHCEBSOWETV', 'A1HXEXQTZCJ1DW', 'A394S7JSNUA3TS', 'A12I4JOVZ1HZW8', 'A2CK0OXMPOR9LE', 'A22QD6M0A2C77C', 'ARVXIBUCA8WDZ', 'A3UWM3KJYEL5XU', 'self_report_24']"
24_DR-100_0100_3_sentence_10.wav,"[2, 2, 4, 3, 3, 3, 3, 5, 3]","[6, 6, 8, 6, 5, 7, 8, 7, 8]","['A1PUHCEBSOWETV', 'A1FHS282JP487T', 'A3UWM3KJYEL5XU', 'A2VRDE2FHCBMF8', 'A2CK0OXMPOR9LE', 'A319HGTKM0UY0V', 'A1L98RD8AC1ST3', 'A2JP9IKRHNLRPI', 'self_report_24']"
25_DR-100_0089_5_sentence_9.wav,"[2, 2, 4, 3, 1, 3, 3, 1, 7]","[6, 3, 5, 7, 8, 5, 4, 9, 8]","['A1FHS282JP487T', 'A1PUHCEBSOWETV', 'A1B4KC5KP7FH1Z', 'A22QD6M0A2C77C', 'A2NJ7N8INZOB00', 'A2CK0OXMPOR9LE', 'A1F1BIPJR11LSR', 'A1L98RD8AC1ST3', 'self_report_25']"
28_DR-100_0095_7_sentence_5.wav,"[2, 1, 1, 2, 5, 2, 4, 2, 4]","[7, 4, 5, 6, 5, 5, 5, 5, 6]","['A1PUHCEBSOWETV', 'A2MUCL20GTQJA0', 'A12I4JOVZ1HZW8', 'A1FHS282JP487T', 'A27SMEOPKV84VI', 'A2VRDE2FHCBMF8', 'A2JP9IKRHNLRPI', 'A1HXEXQTZCJ1DW', 'self_report_28']"
26_DR-100_0091_7_sentence_10.wav,"[2, 3, 1, 2, 2, 6, 5, 5, 8]","[6, 6, 5, 4, 5, 5, 4, 4, 8]","['A1PUHCEBSOWETV', 'A1FHS282JP487T', 'A27IABVBUZ9X8Z', 'A394S7JSNUA3TS', 'A1B4KC5KP7FH1Z', 'A2CK0OXMPOR9LE', 'A27SMEOPKV84VI', 'A2JP9IKRHNLRPI', 'self_report_26']"
27_DR-100_0090_7_sentence_9.wav,"[5, 2, 3, 4, 5, 2, 7, 7, 4]","[8, 6, 7, 8, 7, 6, 4, 9, 7]","['A3UWM3KJYEL5XU', 'A1PUHCEBSOWETV', 'A2CK0OXMPOR9LE', 'A394S7JSNUA3TS', 'A1FHS282JP487T', 'A2NJ7N8INZOB00', 'A6FQHZ58DQ0S6', 'A1L98RD8AC1ST3', 'self_report_27']"
23_DR-100_0096_9_sentence_9.wav,"[3, 3, 2, 4, 3, 3, 3, 1, 6]","[6, 6, 6, 3, 6, 6, 5, 5, 7]","['A1FHS282JP487T', 'A3UWM3KJYEL5XU', 'A1PUHCEBSOWETV', 'A2JP9IKRHNLRPI', 'A22QD6M0A2C77C', 'A394S7JSNUA3TS', 'A2CK0OXMPOR9LE', 'A1L98RD8AC1ST3', 'self_report_23']"
27_DR-100_0090_7_sentence_12.wav,"[2, 4, 4, 7, 4, 7, 7, 6, 4]","[6, 8, 7, 7, 8, 9, 7, 9, 7]","['A1PUHCEBSOWETV', 'ALQPGVQZEZSUE', 'A1FHS282JP487T', 'A2CK0OXMPOR9LE', 'A394S7JSNUA3TS', 'A1B4KC5KP7FH1Z', 'A2VRDE2FHCBMF8', 'A1L98RD8AC1ST3', 'self_report_27']"
26_DR-100_0091_7_sentence_2.wav,"[3, 2, 2, 1, 2, 6, 2, 3, 8]","[4, 6, 6, 3, 5, 6, 3, 4, 8]","['A3UWM3KJYEL5XU', 'A1PUHCEBSOWETV', 'A1FHS282JP487T', 'A319HGTKM0UY0V', 'A2VRDE2FHCBMF8', 'A1ET2J1PIP0RGO', 'A2RYRS301XIZZD', 'A394S7JSNUA3TS', 'self_report_26']"
27_DR-100_0090_1_sentence_12.wav,"[2, 5, 5, 5, 6, 3, 3, 3, 4]","[6, 6, 7, 7, 5, 5, 7, 5, 6]","['A1PUHCEBSOWETV', 'A2JP9IKRHNLRPI', 'A1ET2J1PIP0RGO', 'A1FHS282JP487T', 'A3UWM3KJYEL5XU', 'A394S7JSNUA3TS', 'A2KXARDIOGJL8T', 'A1HXEXQTZCJ1DW', 'self_report_27']"
25_DR-100_0089_1_sentence_2.wav,"[3, 2, 3, 2, 1, 3, 2, 2, 3]","[4, 5, 3, 6, 5, 4, 5, 6, 6]","['A3UWM3KJYEL5XU', 'A1FHS282JP487T', 'A2VRDE2FHCBMF8', 'A1PUHCEBSOWETV', 'A12I4JOVZ1HZW8', 'A2CK0OXMPOR9LE', 'A1HXEXQTZCJ1DW', 'A319HGTKM0UY0V', 'self_report_25']"
21_DR-100_0089_1_sentence_7.wav,"[2, 3, 2, 2, 2, 5, 3, 2, 1]","[7, 7, 7, 6, 5, 7, 8, 6, 5]","['A3UWM3KJYEL5XU', 'A1PUHCEBSOWETV', 'A12I4JOVZ1HZW8', 'A27IABVBUZ9X8Z', 'A2VRDE2FHCBMF8', 'A1ET2J1PIP0RGO', 'A22QD6M0A2C77C', 'A1FHS282JP487T', 'self_report_21']"
27_DR-100_0090_3_sentence_13.wav,"[2, 8, 4, 4, 5, 5, 6, 2, 6]","[6, 5, 5, 6, 6, 7, 7, 6, 9]","['A1PUHCEBSOWETV', 'A3UWM3KJYEL5XU', 'A27IABVBUZ9X8Z', 'A394S7JSNUA3TS', 'A2JP9IKRHNLRPI', 'A1FHS282JP487T', 'A1B4KC5KP7FH1Z', 'A22QD6M0A2C77C', 'self_report_27']"
25_DR-100_0089_5_sentence_11.wav,"[4, 2, 3, 2, 3, 2, 4, 3, 7]","[6, 6, 6, 5, 6, 7, 6, 6, 8]","['A27SMEOPKV84VI', 'A1PUHCEBSOWETV', 'A1FHS282JP487T', 'A2VRDE2FHCBMF8', 'A2CK0OXMPOR9LE', 'A27IABVBUZ9X8Z', 'A1B4KC5KP7FH1Z', 'A1F1BIPJR11LSR', 'self_report_25']"
27_DR-100_0090_9_sentence_5.wav,"[3, 7, 3, 4, 5, 6, 1, 4, 5]","[7, 7, 6, 8, 9, 8, 7, 6, 8]","['A1FHS282JP487T', 'A3UWM3KJYEL5XU', 'A2VRDE2FHCBMF8', 'A22QD6M0A2C77C', 'A1PUHCEBSOWETV', 'A2JP9IKRHNLRPI', 'A1L98RD8AC1ST3', 'A394S7JSNUA3TS', 'self_report_27']"
27_DR-100_0090_5_sentence_8.wav,"[7, 2, 5, 6, 7, 5, 4, 5, 5]","[6, 6, 7, 7, 9, 6, 1, 6, 7]","['A27SMEOPKV84VI', 'A1PUHCEBSOWETV', 'A1FHS282JP487T', 'A2CK0OXMPOR9LE', 'A12I4JOVZ1HZW8', 'A1B4KC5KP7FH1Z', 'A1L98RD8AC1ST3', 'A1FP3SH704X01V', 'self_report_27']"
21_DR-100_0089_3_sentence_1.wav,"[2, 2, 2, 1, 3, 3, 1, 4, 1]","[6, 6, 6, 6, 8, 5, 7, 6, 7]","['A1FHS282JP487T', 'A1PUHCEBSOWETV', 'A394S7JSNUA3TS', 'A27IABVBUZ9X8Z', 'A3UWM3KJYEL5XU', 'A2CK0OXMPOR9LE', 'A2KXARDIOGJL8T', 'A1ET2J1PIP0RGO', 'self_report_21']"
23_DR-100_0096_1_sentence_8.wav,"[4, 2, 3, 6, 3, 3, 4, 5, 6]","[4, 6, 6, 6, 6, 4, 5, 6, 6]","['A2JP9IKRHNLRPI', 'A1PUHCEBSOWETV', 'A2CK0OXMPOR9LE', 'A12I4JOVZ1HZW8', 'A1FHS282JP487T', 'A2RYRS301XIZZD', 'ARVXIBUCA8WDZ', 'A1ET2J1PIP0RGO', 'self_report_23']"
27_DR-100_0090_3_sentence_5.wav,"[2, 1, 5, 5, 5, 4, 7, 2, 6]","[6, 5, 7, 8, 8, 6, 5, 6, 9]","['A1PUHCEBSOWETV', 'A394S7JSNUA3TS', 'A1FHS282JP487T', 'A2JP9IKRHNLRPI', 'A1B4KC5KP7FH1Z', 'A12I4JOVZ1HZW8', 'A2CK0OXMPOR9LE', 'A1L98RD8AC1ST3', 'self_report_27']"
28_DR-100_0095_1_sentence_10.wav,"[6, 1, 1, 2, 3, 2, 3, 1, 2]","[3, 6, 5, 6, 4, 7, 6, 6, 5]","['A1PUHCEBSOWETV', 'A1FHS282JP487T', 'A2VRDE2FHCBMF8', 'A394S7JSNUA3TS', 'A2CK0OXMPOR9LE', 'A27IABVBUZ9X8Z', 'A1F1BIPJR11LSR', 'A1HXEXQTZCJ1DW', 'self_report_28']"
24_DR-100_0100_9_sentence_2.wav,"[4, 2, 4, 2, 7, 2, 3, 2, 2]","[6, 6, 6, 7, 9, 5, 7, 4, 6]","['A3UWM3KJYEL5XU', 'A1PUHCEBSOWETV', 'A27IABVBUZ9X8Z', 'A1FHS282JP487T', 'A12I4JOVZ1HZW8', 'A2KXARDIOGJL8T', 'A1HXEXQTZCJ1DW', 'A394S7JSNUA3TS', 'self_report_24']"
26_DR-100_0091_9_sentence_3.wav,"[2, 3, 2, 3, 4, 2, 3, 3, 8]","[6, 6, 5, 7, 5, 7, 7, 9, 9]","['A1PUHCEBSOWETV', 'A1FHS282JP487T', 'A2VRDE2FHCBMF8', 'A27IABVBUZ9X8Z', 'A2CK0OXMPOR9LE', 'A1HXEXQTZCJ1DW', 'A3UWM3KJYEL5XU', 'A2NJ7N8INZOB00', 'self_report_26']"
27_DR-100_0090_5_sentence_5.wav,"[2, 6, 2, 6, 2, 7, 4, 2, 5]","[6, 3, 4, 7, 4, 3, 7, 4, 7]","['A1PUHCEBSOWETV', 'A3UWM3KJYEL5XU', 'A27IABVBUZ9X8Z', 'A1ET2J1PIP0RGO', 'A2NJ7N8INZOB00', 'A12I4JOVZ1HZW8', 'A1FHS282JP487T', 'ABI1EI8UQK6LK', 'self_report_27']"
27_DR-100_0090_5_sentence_7.wav,"[2, 8, 4, 4, 5, 4, 3, 4, 5]","[6, 6, 6, 6, 7, 5, 4, 6, 7]","['A1PUHCEBSOWETV', 'A3UWM3KJYEL5XU', 'A394S7JSNUA3TS', 'A2CK0OXMPOR9LE', 'A1FHS282JP487T', 'A2VRDE2FHCBMF8', 'A1L98RD8AC1ST3', 'A1F1BIPJR11LSR', 'self_report_27']"
25_DR-100_0089_1_sentence_5.wav,"[2, 3, 2, 5, 1, 3, 2, 1, 3]","[6, 6, 6, 5, 6, 4, 6, 8, 6]","['A1PUHCEBSOWETV', 'A27SMEOPKV84VI', 'A1FHS282JP487T', 'A12I4JOVZ1HZW8', 'ABI1EI8UQK6LK', 'A2VRDE2FHCBMF8', 'A394S7JSNUA3TS', 'A1L98RD8AC1ST3', 'self_report_25']"
27_DR-100_0090_9_sentence_14.wav,"[2, 4, 3, 2, 3, 6, 5, 3, 5]","[6, 6, 7, 7, 7, 7, 7, 7, 8]","['A1PUHCEBSOWETV', 'A1FHS282JP487T', 'A27IABVBUZ9X8Z', 'A1HXEXQTZCJ1DW', 'A22QD6M0A2C77C', 'ARVXIBUCA8WDZ', 'A1ET2J1PIP0RGO', 'A2KXARDIOGJL8T', 'self_report_27']"
28_DR-100_0095_9_sentence_1.wav,"[2, 2, 3, 2, 6, 2, 3, 2, 6]","[3, 6, 5, 6, 8, 4, 6, 6, 7]","['A22QD6M0A2C77C', 'A1PUHCEBSOWETV', 'A27IABVBUZ9X8Z', 'A1FHS282JP487T', 'A12I4JOVZ1HZW8', 'A394S7JSNUA3TS', 'A1F1BIPJR11LSR', 'A1L98RD8AC1ST3', 'self_report_28']"
27_DR-100_0090_9_sentence_7.wav,"[2, 4, 4, 8, 5, 5, 8, 5, 5]","[6, 7, 7, 9, 5, 6, 6, 6, 8]","['A1PUHCEBSOWETV', 'A27IABVBUZ9X8Z', 'A1L98RD8AC1ST3', 'A12I4JOVZ1HZW8', 'A2VRDE2FHCBMF8', 'A1ET2J1PIP0RGO', 'A3UWM3KJYEL5XU', 'A1FHS282JP487T', 'self_report_27']"
25_DR-100_0089_7_sentence_4.wav,"[2, 2, 4, 3, 4, 1, 3, 2, 5]","[6, 6, 6, 6, 5, 5, 6, 5, 7]","['A1PUHCEBSOWETV', 'A1FHS282JP487T', 'A2JP9IKRHNLRPI', 'A22QD6M0A2C77C', 'ARVXIBUCA8WDZ', 'A1L98RD8AC1ST3', 'A394S7JSNUA3TS', 'A2VRDE2FHCBMF8', 'self_report_25']"
26_DR-100_0091_9_sentence_4.wav,"[4, 2, 2, 2, 5, 4, 2, 2, 8]","[6, 6, 6, 4, 3, 5, 4, 4, 9]","['A2MUCL20GTQJA0', 'A1FHS282JP487T', 'A1PUHCEBSOWETV', 'A394S7JSNUA3TS', 'A2JP9IKRHNLRPI', 'A2CK0OXMPOR9LE', 'A2KXARDIOGJL8T', 'A2VRDE2FHCBMF8', 'self_report_26']"
28_DR-100_0095_3_sentence_6.wav,"[4, 2, 2, 2, 4, 1, 2, 3, 4]","[5, 5, 6, 5, 6, 6, 8, 4, 5]","['A27SMEOPKV84VI', 'A394S7JSNUA3TS', 'A1PUHCEBSOWETV', 'A2VRDE2FHCBMF8', 'A2JP9IKRHNLRPI', 'A1HXEXQTZCJ1DW', 'A22QD6M0A2C77C', 'ARVXIBUCA8WDZ', 'self_report_28']"
21_DR-100_0089_9_sentence_7.wav,"[2, 2, 1, 1, 1, 3, 1, 4, 2]","[6, 6, 8, 6, 5, 6, 5, 6, 5]","['A3UWM3KJYEL5XU', 'A1PUHCEBSOWETV', 'A1L98RD8AC1ST3', 'ABI1EI8UQK6LK', 'A2NJ7N8INZOB00', 'A22QD6M0A2C77C', 'A1HXEXQTZCJ1DW', 'A1ET2J1PIP0RGO', 'self_report_21']"
24_DR-100_0100_7_sentence_10.wav,"[3, 4, 3, 3, 2, 4, 3, 1, 2]","[4, 5, 6, 4, 6, 4, 5, 5, 5]","['A3UWM3KJYEL5XU', 'A2MUCL20GTQJA0', 'A1FHS282JP487T', 'A22QD6M0A2C77C', 'A1PUHCEBSOWETV', 'A2JP9IKRHNLRPI', 'A2VRDE2FHCBMF8', 'A1HXEXQTZCJ1DW', 'self_report_24']"
27_DR-100_0090_1_sentence_7.wav,"[2, 5, 4, 6, 3, 4, 7, 4, 4]","[6, 5, 8, 7, 7, 7, 7, 7, 6]","['A1PUHCEBSOWETV', 'A2VRDE2FHCBMF8', 'A1B4KC5KP7FH1Z', 'A1HXEXQTZCJ1DW', 'ABI1EI8UQK6LK', 'A1L98RD8AC1ST3', 'ARVXIBUCA8WDZ', 'A1FHS282JP487T', 'self_report_27']"
23_DR-100_0096_9_sentence_2.wav,"[2, 3, 3, 3, 3, 5, 2, 6, 6]","[6, 6, 6, 5, 7, 6, 7, 5, 7]","['A1PUHCEBSOWETV', 'A3UWM3KJYEL5XU', 'A27IABVBUZ9X8Z', 'A2CK0OXMPOR9LE', 'ABI1EI8UQK6LK', 'A1FHS282JP487T', 'A1L98RD8AC1ST3', 'A22QD6M0A2C77C', 'self_report_23']"
28_DR-100_0095_3_sentence_1.wav,"[1, 5, 5, 5, 1, 2, 1, 3, 4]","[5, 2, 5, 3, 4, 5, 4, 4, 5]","['A1FHS282JP487T', 'A1PUHCEBSOWETV', 'A27SMEOPKV84VI', 'ARVXIBUCA8WDZ', 'A1L98RD8AC1ST3', 'ABI1EI8UQK6LK', 'A1HXEXQTZCJ1DW', 'A394S7JSNUA3TS', 'self_report_28']"
28_DR-100_0095_3_sentence_2.wav,"[2, 1, 2, 5, 1, 3, 5, 4, 4]","[6, 5, 5, 2, 5, 5, 5, 6, 5]","['A1FHS282JP487T', 'A394S7JSNUA3TS', 'A2VRDE2FHCBMF8', 'A1PUHCEBSOWETV', 'A27IABVBUZ9X8Z', 'A1B4KC5KP7FH1Z', 'A12I4JOVZ1HZW8', 'A1ET2J1PIP0RGO', 'self_report_28']"
26_DR-100_0091_9_sentence_9.wav,"[2, 2, 5, 3, 3, 6, 5, 6, 8]","[6, 6, 7, 5, 6, 8, 6, 6, 9]","['A1FHS282JP487T', 'A1PUHCEBSOWETV', 'A1ET2J1PIP0RGO', 'A2VRDE2FHCBMF8', 'A22QD6M0A2C77C', 'A12I4JOVZ1HZW8', 'A2JP9IKRHNLRPI', 'ARVXIBUCA8WDZ', 'self_report_26']"
21_DR-100_0089_1_sentence_8.wav,"[2, 2, 3, 1, 3, 4, 7, 2, 1]","[6, 6, 6, 5, 6, 5, 3, 2, 5]","['A1PUHCEBSOWETV', 'A1FHS282JP487T', 'A2CK0OXMPOR9LE', 'A27IABVBUZ9X8Z', 'A22QD6M0A2C77C', 'ARVXIBUCA8WDZ', 'A6FQHZ58DQ0S6', 'A2NJ7N8INZOB00', 'self_report_21']"
24_DR-100_0100_9_sentence_10.wav,"[2, 2, 4, 1, 2, 6, 3, 2, 2]","[6, 5, 6, 5, 5, 4, 6, 3, 6]","['A1PUHCEBSOWETV', 'A2VRDE2FHCBMF8', 'A1FHS282JP487T', 'A394S7JSNUA3TS', 'A1B4KC5KP7FH1Z', 'A27SMEOPKV84VI', 'A22QD6M0A2C77C', 'A1L98RD8AC1ST3', 'self_report_24']"
23_DR-100_0096_3_sentence_1.wav,"[2, 2, 2, 4, 1, 3, 2, 1, 6]","[5, 7, 6, 6, 6, 8, 7, 7, 7]","['A2VRDE2FHCBMF8', 'A1PUHCEBSOWETV', 'A1FHS282JP487T', 'A2CK0OXMPOR9LE', 'A394S7JSNUA3TS', 'A22QD6M0A2C77C', 'A27IABVBUZ9X8Z', 'A2NJ7N8INZOB00', 'self_report_23']"
21_DR-100_0089_5_sentence_8.wav,"[2, 3, 4, 2, 3, 2, 2, 2, 2]","[6, 5, 5, 5, 4, 5, 5, 6, 5]","['A1PUHCEBSOWETV', 'A27SMEOPKV84VI', 'A12I4JOVZ1HZW8', 'A2VRDE2FHCBMF8', 'A6FQHZ58DQ0S6', 'A1FHS282JP487T', 'A1F1BIPJR11LSR', 'A2NJ7N8INZOB00', 'self_report_21']"
28_DR-100_0095_9_sentence_3.wav,"[3, 2, 2, 3, 4, 5, 2, 3, 6]","[4, 4, 6, 4, 4, 5, 6, 1, 7]","['A27SMEOPKV84VI', 'A394S7JSNUA3TS', 'A1PUHCEBSOWETV', 'A2CK0OXMPOR9LE', 'A2JP9IKRHNLRPI', 'A12I4JOVZ1HZW8', 'A1FHS282JP487T', 'A2NJ7N8INZOB00', 'self_report_28']"
27_DR-100_0090_5_sentence_4.wav,"[4, 2, 4, 7, 5, 3, 3, 5, 5]","[4, 6, 4, 7, 7, 2, 7, 6, 7]","['A394S7JSNUA3TS', 'A1PUHCEBSOWETV', 'A27IABVBUZ9X8Z', 'A2CK0OXMPOR9LE', 'A1FHS282JP487T', 'A2NJ7N8INZOB00', 'A2KXARDIOGJL8T', 'A1ET2J1PIP0RGO', 'self_report_27']"
24_DR-100_0100_9_sentence_11.wav,"[3, 1, 2, 5, 1, 2, 2, 4, 2]","[6, 6, 6, 6, 5, 6, 6, 6, 6]","['A1FHS282JP487T', 'A27IABVBUZ9X8Z', 'A1PUHCEBSOWETV', 'A2CK0OXMPOR9LE', 'A394S7JSNUA3TS', 'A1L98RD8AC1ST3', 'A2RYRS301XIZZD', 'A22QD6M0A2C77C', 'self_report_24']"
23_DR-100_0096_9_sentence_5.wav,"[3, 3, 3, 5, 7, 3, 3, 1, 6]","[6, 6, 7, 8, 7, 6, 7, 4, 7]","['A1FHS282JP487T', 'A2CK0OXMPOR9LE', 'A1PUHCEBSOWETV', 'A2JP9IKRHNLRPI', 'A12I4JOVZ1HZW8', 'A1L98RD8AC1ST3', 'A394S7JSNUA3TS', 'A2NJ7N8INZOB00', 'self_report_23']"
23_DR-100_0096_3_sentence_9.wav,"[2, 2, 2, 3, 4, 1, 4, 2, 6]","[6, 3, 6, 5, 5, 2, 4, 4, 7]","['A1PUHCEBSOWETV', 'A394S7JSNUA3TS', 'A1FHS282JP487T', 'A2VRDE2FHCBMF8', 'A2CK0OXMPOR9LE', 'A1L98RD8AC1ST3', 'A3UWM3KJYEL5XU', 'A1FP3SH704X01V', 'self_report_23']"
24_DR-100_0100_1_sentence_8.wav,"[2, 2, 2, 2, 4, 2, 4, 2, 2]","[6, 6, 6, 7, 7, 5, 5, 7, 6]","['A1PUHCEBSOWETV', 'A394S7JSNUA3TS', 'A1FHS282JP487T', 'A27IABVBUZ9X8Z', 'A2JP9IKRHNLRPI', 'A2VRDE2FHCBMF8', 'A1B4KC5KP7FH1Z', 'A1L98RD8AC1ST3', 'self_report_24']"
23_DR-100_0096_1_sentence_4.wav,"[4, 2, 2, 3, 5, 1, 1, 2, 6]","[4, 6, 5, 4, 6, 5, 4, 5, 6]","['A3UWM3KJYEL5XU', 'A1PUHCEBSOWETV', 'A2VRDE2FHCBMF8', 'A27IABVBUZ9X8Z', 'A1ET2J1PIP0RGO', 'A2NJ7N8INZOB00', 'A394S7JSNUA3TS', 'ABI1EI8UQK6LK', 'self_report_23']"
27_DR-100_0090_3_sentence_12.wav,"[2, 3, 6, 6, 3, 6, 4, 5, 6]","[6, 5, 9, 5, 5, 6, 6, 6, 9]","['A1PUHCEBSOWETV', 'A394S7JSNUA3TS', 'A12I4JOVZ1HZW8', 'A1HXEXQTZCJ1DW', 'A22QD6M0A2C77C', 'ARVXIBUCA8WDZ', 'A27IABVBUZ9X8Z', 'A1FHS282JP487T', 'self_report_27']"
23_DR-100_0096_7_sentence_2.wav,"[2, 5, 2, 3, 1, 3, 3, 2, 6]","[6, 5, 7, 5, 5, 6, 8, 5, 8]","['A1PUHCEBSOWETV', 'A1ET2J1PIP0RGO', 'A27IABVBUZ9X8Z', 'A2CK0OXMPOR9LE', 'A394S7JSNUA3TS', 'A1FHS282JP487T', 'A22QD6M0A2C77C', 'A1FP3SH704X01V', 'self_report_23']"
27_DR-100_0090_3_sentence_4.wav,"[6, 2, 3, 3, 4, 5, 4, 3, 6]","[8, 6, 8, 7, 7, 5, 6, 5, 9]","['A3UWM3KJYEL5XU', 'A1PUHCEBSOWETV', 'A1B4KC5KP7FH1Z', 'A394S7JSNUA3TS', 'A1FHS282JP487T', 'A2VRDE2FHCBMF8', 'A1ET2J1PIP0RGO', 'A2KXARDIOGJL8T', 'self_report_27']"
21_DR-100_0089_1_sentence_5.wav,"[2, 3, 3, 3, 4, 5, 2, 2, 1]","[6, 7, 7, 7, 6, 5, 8, 6, 5]","['A1PUHCEBSOWETV', 'A12I4JOVZ1HZW8', 'A27IABVBUZ9X8Z', 'A394S7JSNUA3TS', 'A1ET2J1PIP0RGO', 'A1B4KC5KP7FH1Z', 'A22QD6M0A2C77C', 'A1FHS282JP487T', 'self_report_21']"
26_DR-100_0091_7_sentence_6.wav,"[6, 6, 2, 2, 3, 4, 2, 6, 8]","[8, 5, 7, 5, 6, 7, 5, 7, 8]","['A3UWM3KJYEL5XU', 'A27SMEOPKV84VI', 'A1PUHCEBSOWETV', 'A1B4KC5KP7FH1Z', 'A1FHS282JP487T', 'A22QD6M0A2C77C', 'A2VRDE2FHCBMF8', 'A1ET2J1PIP0RGO', 'self_report_26']"
28_DR-100_0095_3_sentence_4.wav,"[1, 2, 6, 1, 3, 4, 4, 2, 4]","[6, 6, 1, 4, 5, 3, 2, 3, 5]","['A1FHS282JP487T', 'A2MUCL20GTQJA0', 'A1PUHCEBSOWETV', 'A2VRDE2FHCBMF8', 'ABI1EI8UQK6LK', 'A27SMEOPKV84VI', 'A22QD6M0A2C77C', 'A1HXEXQTZCJ1DW', 'self_report_28']"
27_DR-100_0090_1_sentence_11.wav,"[6, 2, 2, 3, 6, 7, 5, 3, 4]","[7, 6, 6, 6, 7, 6, 5, 7, 6]","['A3UWM3KJYEL5XU', 'A1PUHCEBSOWETV', 'A394S7JSNUA3TS', 'A1FHS282JP487T', 'A22QD6M0A2C77C', 'A2CK0OXMPOR9LE', 'A2VRDE2FHCBMF8', 'A2NJ7N8INZOB00', 'self_report_27']"
25_DR-100_0089_9_sentence_1.wav,"[4, 2, 3, 3, 5, 4, 2, 2, 4]","[3, 6, 6, 3, 4, 5, 4, 7, 4]","['A2JP9IKRHNLRPI', 'A1FHS282JP487T', 'A1PUHCEBSOWETV', 'A2VRDE2FHCBMF8', 'A22QD6M0A2C77C', 'A1ET2J1PIP0RGO', 'A1HXEXQTZCJ1DW', 'A2NJ7N8INZOB00', 'self_report_25']"
24_DR-100_0100_3_sentence_9.wav,"[2, 2, 2, 6, 6, 2, 6, 3, 3]","[6, 6, 7, 6, 7, 7, 7, 8, 8]","['A1PUHCEBSOWETV', 'A1FHS282JP487T', 'A394S7JSNUA3TS', 'A1ET2J1PIP0RGO', 'ARVXIBUCA8WDZ', 'A1L98RD8AC1ST3', 'A1F1BIPJR11LSR', 'A27IABVBUZ9X8Z', 'self_report_24']"
26_DR-100_0091_9_sentence_6.wav,"[2, 3, 2, 6, 5, 2, 2, 3, 8]","[6, 6, 6, 9, 5, 7, 7, 8, 9]","['A1PUHCEBSOWETV', 'A3UWM3KJYEL5XU', 'A1FHS282JP487T', 'A12I4JOVZ1HZW8', 'A2CK0OXMPOR9LE', 'A394S7JSNUA3TS', 'A1HXEXQTZCJ1DW', 'A1L98RD8AC1ST3', 'self_report_26']"
26_DR-100_0091_5_sentence_4.wav,"[2, 4, 3, 3, 4, 5, 4, 2, 5]","[6, 6, 6, 7, 6, 6, 5, 5, 8]","['A1PUHCEBSOWETV', 'A2VRDE2FHCBMF8', 'A1FHS282JP487T', 'A22QD6M0A2C77C', 'A1F1BIPJR11LSR', 'A1ET2J1PIP0RGO', 'A27SMEOPKV84VI', 'ABI1EI8UQK6LK', 'self_report_26']"
23_DR-100_0096_5_sentence_9.wav,"[2, 4, 5, 3, 3, 2, 4, 3, 6]","[6, 6, 6, 4, 5, 4, 6, 6, 4]","['A1PUHCEBSOWETV', 'A1FHS282JP487T', 'A3UWM3KJYEL5XU', 'A22QD6M0A2C77C', 'A2CK0OXMPOR9LE', 'A394S7JSNUA3TS', 'A1ET2J1PIP0RGO', 'A1HXEXQTZCJ1DW', 'self_report_23']"
28_DR-100_0095_1_sentence_8.wav,"[3, 2, 6, 3, 4, 2, 4, 2, 2]","[5, 6, 1, 5, 7, 6, 5, 8, 5]","['A27SMEOPKV84VI', 'A394S7JSNUA3TS', 'A1PUHCEBSOWETV', 'A2CK0OXMPOR9LE', 'A2JP9IKRHNLRPI', 'A1FHS282JP487T', 'A6FQHZ58DQ0S6', 'A3UWM3KJYEL5XU', 'self_report_28']"
23_DR-100_0096_1_sentence_7.wav,"[1, 2, 2, 2, 5, 2, 3, 1, 6]","[7, 4, 6, 6, 6, 6, 7, 7, 6]","['A12I4JOVZ1HZW8', 'A22QD6M0A2C77C', 'A1PUHCEBSOWETV', 'A1FHS282JP487T', 'A1ET2J1PIP0RGO', 'A394S7JSNUA3TS', 'A1F1BIPJR11LSR', 'A2NJ7N8INZOB00', 'self_report_23']"
27_DR-100_0090_3_sentence_21.wav,"[2, 5, 3, 8, 7, 6, 6, 5, 6]","[6, 8, 7, 7, 9, 7, 6, 7, 9]","['A1PUHCEBSOWETV', 'A1FHS282JP487T', 'A27IABVBUZ9X8Z', 'A2CK0OXMPOR9LE', 'A319HGTKM0UY0V', 'A1B4KC5KP7FH1Z', 'A2VRDE2FHCBMF8', 'A394S7JSNUA3TS', 'self_report_27']"
21_DR-100_0089_5_sentence_3.wav,"[2, 2, 3, 1, 2, 4, 1, 6, 2]","[6, 3, 3, 5, 6, 5, 5, 6, 5]","['A1PUHCEBSOWETV', 'A2CK0OXMPOR9LE', 'A3UWM3KJYEL5XU', 'A394S7JSNUA3TS', 'A1FHS282JP487T', 'A2JP9IKRHNLRPI', 'ABI1EI8UQK6LK', 'A319HGTKM0UY0V', 'self_report_21']"
27_DR-100_0090_7_sentence_5.wav,"[6, 2, 5, 6, 4, 7, 4, 5, 4]","[8, 6, 7, 6, 6, 9, 8, 9, 7]","['A3UWM3KJYEL5XU', 'A1PUHCEBSOWETV', 'A1FHS282JP487T', 'A2CK0OXMPOR9LE', 'A2VRDE2FHCBMF8', 'A22QD6M0A2C77C', 'A394S7JSNUA3TS', 'A1L98RD8AC1ST3', 'self_report_27']"
27_DR-100_0090_1_sentence_1.wav,"[6, 4, 2, 1, 3, 3, 2, 4, 4]","[5, 3, 6, 4, 4, 5, 4, 6, 6]","['A27SMEOPKV84VI', 'A3UWM3KJYEL5XU', 'A1PUHCEBSOWETV', 'A27IABVBUZ9X8Z', 'A2VRDE2FHCBMF8', 'A2CK0OXMPOR9LE', 'ABI1EI8UQK6LK', 'A1F1BIPJR11LSR', 'self_report_27']"
24_DR-100_0100_5_sentence_7.wav,"[2, 2, 2, 5, 6, 2, 2, 5, 5]","[6, 5, 5, 5, 5, 5, 6, 5, 5]","['A1PUHCEBSOWETV', 'A27IABVBUZ9X8Z', 'A2VRDE2FHCBMF8', 'A12I4JOVZ1HZW8', 'A27SMEOPKV84VI', 'A394S7JSNUA3TS', 'A1FHS282JP487T', 'A1B4KC5KP7FH1Z', 'self_report_24']"
24_DR-100_0100_3_sentence_8.wav,"[2, 3, 3, 2, 6, 3, 6, 3, 3]","[6, 6, 7, 8, 7, 7, 6, 6, 8]","['A1PUHCEBSOWETV', 'A2VRDE2FHCBMF8', 'A394S7JSNUA3TS', 'A1L98RD8AC1ST3', 'A1F1BIPJR11LSR', 'A2KXARDIOGJL8T', 'A27SMEOPKV84VI', 'A1FHS282JP487T', 'self_report_24']"
27_DR-100_0090_1_sentence_2.wav,"[2, 3, 4, 6, 8, 3, 4, 3, 4]","[6, 6, 8, 6, 9, 6, 7, 6, 6]","['A1PUHCEBSOWETV', 'A2VRDE2FHCBMF8', 'ALQPGVQZEZSUE', 'A2CK0OXMPOR9LE', 'A12I4JOVZ1HZW8', 'A1FHS282JP487T', 'A27IABVBUZ9X8Z', 'A394S7JSNUA3TS', 'self_report_27']"
25_DR-100_0089_5_sentence_2.wav,"[4, 2, 4, 2, 2, 2, 1, 4, 7]","[5, 6, 5, 7, 5, 6, 7, 5, 8]","['A2JP9IKRHNLRPI', 'A1PUHCEBSOWETV', 'A1ET2J1PIP0RGO', 'A22QD6M0A2C77C', 'A1HXEXQTZCJ1DW', 'A1FHS282JP487T', 'A1L98RD8AC1ST3', 'ARVXIBUCA8WDZ', 'self_report_25']"
25_DR-100_0089_5_sentence_14.wav,"[4, 3, 2, 3, 2, 4, 3, 2, 7]","[3, 6, 5, 6, 6, 5, 5, 6, 8]","['A1PUHCEBSOWETV', 'A3UWM3KJYEL5XU', 'A2VRDE2FHCBMF8', 'A1FHS282JP487T', 'A394S7JSNUA3TS', 'A27SMEOPKV84VI', 'A2CK0OXMPOR9LE', 'A1HXEXQTZCJ1DW', 'self_report_25']"
27_DR-100_0090_9_sentence_8.wav,"[2, 6, 7, 5, 5, 6, 4, 7, 5]","[6, 8, 7, 8, 8, 9, 8, 7, 8]","['A1PUHCEBSOWETV', 'A22QD6M0A2C77C', 'A2CK0OXMPOR9LE', 'A2JP9IKRHNLRPI', 'A1FHS282JP487T', 'A1B4KC5KP7FH1Z', 'A27IABVBUZ9X8Z', 'ARVXIBUCA8WDZ', 'self_report_27']"
24_DR-100_0100_1_sentence_5.wav,"[2, 4, 2, 2, 5, 7, 3, 2, 2]","[6, 7, 5, 6, 8, 5, 7, 7, 6]","['A1PUHCEBSOWETV', 'A3UWM3KJYEL5XU', 'A2VRDE2FHCBMF8', 'A1FHS282JP487T', 'A2871R3LEPWMMK', 'A6FQHZ58DQ0S6', 'A1HXEXQTZCJ1DW', 'A394S7JSNUA3TS', 'self_report_24']"
28_DR-100_0095_1_sentence_5.wav,"[1, 4, 5, 2, 3, 3, 2, 1, 2]","[5, 2, 6, 5, 4, 5, 5, 6, 5]","['A2VRDE2FHCBMF8', 'A1PUHCEBSOWETV', 'A1ET2J1PIP0RGO', 'A27SMEOPKV84VI', 'ARVXIBUCA8WDZ', 'A2CK0OXMPOR9LE', 'A394S7JSNUA3TS', 'A1FHS282JP487T', 'self_report_28']"
28_DR-100_0095_7_sentence_2.wav,"[4, 2, 2, 2, 4, 1, 2, 2, 4]","[7, 6, 7, 6, 5, 7, 5, 5, 6]","['A2JP9IKRHNLRPI', 'A1PUHCEBSOWETV', 'A3UWM3KJYEL5XU', 'A1FHS282JP487T', 'A27SMEOPKV84VI', 'ABI1EI8UQK6LK', 'A1F1BIPJR11LSR', 'A394S7JSNUA3TS', 'self_report_28']"
23_DR-100_0096_5_sentence_3.wav,"[3, 5, 2, 2, 6, 1, 2, 3, 6]","[4, 4, 6, 6, 5, 3, 5, 5, 4]","['A2MUCL20GTQJA0', 'A3UWM3KJYEL5XU', 'A1PUHCEBSOWETV', 'A1FHS282JP487T', 'A12I4JOVZ1HZW8', 'A1L98RD8AC1ST3', 'A394S7JSNUA3TS', 'A2VRDE2FHCBMF8', 'self_report_23']"
25_DR-100_0089_5_sentence_7.wav,"[4, 2, 2, 3, 4, 4, 1, 3, 7]","[6, 6, 5, 7, 3, 8, 3, 5, 8]","['A3UWM3KJYEL5XU', 'A1FHS282JP487T', 'A12I4JOVZ1HZW8', 'A1PUHCEBSOWETV', 'A2JP9IKRHNLRPI', 'A22QD6M0A2C77C', 'A1L98RD8AC1ST3', 'A2VRDE2FHCBMF8', 'self_report_25']"
25_DR-100_0089_7_sentence_5.wav,"[2, 3, 2, 1, 3, 2, 5, 4, 5]","[6, 4, 5, 5, 6, 6, 4, 6, 7]","['A1PUHCEBSOWETV', 'A394S7JSNUA3TS', 'A22QD6M0A2C77C', 'A27IABVBUZ9X8Z', 'A12I4JOVZ1HZW8', 'A1FHS282JP487T', 'A2CK0OXMPOR9LE', 'A1ET2J1PIP0RGO', 'self_report_25']"
27_DR-100_0090_1_sentence_10.wav,"[2, 3, 5, 3, 5, 4, 3, 3, 4]","[6, 6, 7, 7, 6, 5, 6, 6, 6]","['A1PUHCEBSOWETV', 'A394S7JSNUA3TS', 'A1FHS282JP487T', 'ABI1EI8UQK6LK', 'A1ET2J1PIP0RGO', 'A2VRDE2FHCBMF8', 'A1FP3SH704X01V', 'A2KXARDIOGJL8T', 'self_report_27']"
23_DR-100_0096_9_sentence_4.wav,"[3, 3, 2, 2, 6, 5, 8, 4, 6]","[4, 4, 6, 6, 5, 6, 9, 2, 7]","['A3UWM3KJYEL5XU', 'A394S7JSNUA3TS', 'A1PUHCEBSOWETV', 'A1FHS282JP487T', 'A27SMEOPKV84VI', 'A1B4KC5KP7FH1Z', 'A12I4JOVZ1HZW8', 'A22QD6M0A2C77C', 'self_report_23']"
25_DR-100_0089_9_sentence_4.wav,"[2, 2, 2, 3, 3, 7, 5, 2, 4]","[6, 6, 4, 3, 4, 2, 4, 1, 4]","['A1PUHCEBSOWETV', 'A1FHS282JP487T', 'A394S7JSNUA3TS', 'A27IABVBUZ9X8Z', 'A2JP9IKRHNLRPI', 'A319HGTKM0UY0V', 'A12I4JOVZ1HZW8', 'A3UWM3KJYEL5XU', 'self_report_25']"
27_DR-100_0090_7_sentence_7.wav,"[2, 5, 7, 7, 6, 6, 3, 8, 4]","[6, 7, 8, 4, 3, 3, 3, 3, 7]","['A1PUHCEBSOWETV', 'A1FHS282JP487T', 'A2JP9IKRHNLRPI', 'A2CK0OXMPOR9LE', 'A22QD6M0A2C77C', 'A1HXEXQTZCJ1DW', 'A2KXARDIOGJL8T', 'A6FQHZ58DQ0S6', 'self_report_27']"
23_DR-100_0096_3_sentence_6.wav,"[2, 4, 6, 3, 3, 2, 3, 3, 6]","[6, 6, 7, 4, 5, 5, 5, 6, 7]","['A1PUHCEBSOWETV', 'A2JP9IKRHNLRPI', 'A12I4JOVZ1HZW8', 'A2CK0OXMPOR9LE', 'A2VRDE2FHCBMF8', 'A394S7JSNUA3TS', 'A1FP3SH704X01V', 'A1FHS282JP487T', 'self_report_23']"
21_DR-100_0089_3_sentence_7.wav,"[2, 3, 1, 1, 2, 2, 2, 1, 1]","[6, 5, 5, 5, 5, 5, 5, 5, 7]","['A1PUHCEBSOWETV', 'A3UWM3KJYEL5XU', 'A394S7JSNUA3TS', 'A1FHS282JP487T', 'A27IABVBUZ9X8Z', 'A2VRDE2FHCBMF8', 'A22QD6M0A2C77C', 'A2NJ7N8INZOB00', 'self_report_21']"
21_DR-100_0089_3_sentence_3.wav,"[2, 2, 3, 1, 1, 3, 3, 5, 1]","[6, 6, 7, 7, 7, 7, 6, 7, 7]","['A1FHS282JP487T', 'A1PUHCEBSOWETV', 'A3UWM3KJYEL5XU', 'A1HXEXQTZCJ1DW', 'A1L98RD8AC1ST3', 'A2CK0OXMPOR9LE', 'A2VRDE2FHCBMF8', 'A1ET2J1PIP0RGO', 'self_report_21']"
27_DR-100_0090_5_sentence_2.wav,"[2, 3, 2, 7, 6, 5, 5, 4, 5]","[5, 6, 6, 7, 7, 7, 7, 5, 7]","['A1PUHCEBSOWETV', 'A394S7JSNUA3TS', 'A27IABVBUZ9X8Z', 'A3UWM3KJYEL5XU', 'A1ET2J1PIP0RGO', 'A1FHS282JP487T', 'A1B4KC5KP7FH1Z', 'A1FP3SH704X01V', 'self_report_27']"
24_DR-100_0100_7_sentence_1.wav,"[3, 2, 5, 2, 5, 2, 4, 3, 2]","[7, 5, 6, 6, 6, 4, 5, 7, 5]","['A1PUHCEBSOWETV', 'A2VRDE2FHCBMF8', 'A1B4KC5KP7FH1Z', 'A1FHS282JP487T', 'ARVXIBUCA8WDZ', 'A394S7JSNUA3TS', 'A1ET2J1PIP0RGO', 'A2NJ7N8INZOB00', 'self_report_24']"
23_DR-100_0096_3_sentence_2.wav,"[2, 2, 2, 5, 3, 4, 6, 5, 6]","[6, 6, 5, 5, 6, 5, 7, 3, 7]","['A1FHS282JP487T', 'A1PUHCEBSOWETV', 'A394S7JSNUA3TS', 'A1B4KC5KP7FH1Z', 'A1F1BIPJR11LSR', 'A1ET2J1PIP0RGO', 'A12I4JOVZ1HZW8', 'A6FQHZ58DQ0S6', 'self_report_23']"
23_DR-100_0096_1_sentence_1.wav,"[2, 2, 2, 5, 2, 3, 3, 3, 6]","[6, 4, 7, 6, 5, 4, 4, 4, 6]","['A1PUHCEBSOWETV', 'A27IABVBUZ9X8Z', 'A1FHS282JP487T', 'A1ET2J1PIP0RGO', 'A2CK0OXMPOR9LE', 'ABI1EI8UQK6LK', 'A2VRDE2FHCBMF8', 'A3UWM3KJYEL5XU', 'self_report_23']"
25_DR-100_0089_1_sentence_6.wav,"[2, 3, 2, 2, 6, 3, 5, 3, 3]","[6, 4, 6, 5, 6, 6, 7, 4, 6]","['A1PUHCEBSOWETV', 'A3UWM3KJYEL5XU', 'A1L98RD8AC1ST3', 'A1HXEXQTZCJ1DW', 'A12I4JOVZ1HZW8', 'A1FHS282JP487T', 'A22QD6M0A2C77C', 'ARVXIBUCA8WDZ', 'self_report_25']"
28_DR-100_0095_5_sentence_3.wav,"[2, 2, 2, 5, 2, 3, 3, 2, 6]","[6, 6, 3, 3, 4, 3, 5, 4, 6]","['A1FHS282JP487T', 'A1PUHCEBSOWETV', 'A1HXEXQTZCJ1DW', 'A2JP9IKRHNLRPI', 'A1FP3SH704X01V', 'ARVXIBUCA8WDZ', 'A1F1BIPJR11LSR', 'A27IABVBUZ9X8Z', 'self_report_28']"
27_DR-100_0090_3_sentence_11.wav,"[6, 2, 4, 4, 4, 8, 4, 6, 6]","[4, 6, 7, 7, 7, 5, 5, 7, 9]","['A3UWM3KJYEL5XU', 'A1PUHCEBSOWETV', 'A1FHS282JP487T', 'A22QD6M0A2C77C', 'A2CK0OXMPOR9LE', 'A27SMEOPKV84VI', 'A2VRDE2FHCBMF8', 'ARVXIBUCA8WDZ', 'self_report_27']"
23_DR-100_0096_7_sentence_3.wav,"[4, 2, 1, 3, 7, 2, 2, 2, 6]","[5, 6, 6, 6, 6, 5, 6, 7, 8]","['A3UWM3KJYEL5XU', 'A1PUHCEBSOWETV', 'A27IABVBUZ9X8Z', 'A1FHS282JP487T', 'A6FQHZ58DQ0S6', 'A2KXARDIOGJL8T', 'A1L98RD8AC1ST3', 'A22QD6M0A2C77C', 'self_report_23']"
28_DR-100_0095_3_sentence_3.wav,"[2, 4, 2, 3, 5, 4, 3, 4, 4]","[6, 2, 3, 6, 3, 2, 4, 6, 5]","['A1PUHCEBSOWETV', 'A27IABVBUZ9X8Z', 'A2CK0OXMPOR9LE', 'A1FHS282JP487T', 'A1B4KC5KP7FH1Z', 'A2JP9IKRHNLRPI', 'A2VRDE2FHCBMF8', 'A1ET2J1PIP0RGO', 'self_report_28']"
23_DR-100_0096_1_sentence_6.wav,"[3, 2, 5, 6, 5, 2, 2, 5, 6]","[7, 6, 6, 6, 6, 6, 6, 6, 6]","['A1PUHCEBSOWETV', 'A1FHS282JP487T', 'A2JP9IKRHNLRPI', 'A2CK0OXMPOR9LE', 'A1ET2J1PIP0RGO', 'A394S7JSNUA3TS', 'A1HXEXQTZCJ1DW', 'ARVXIBUCA8WDZ', 'self_report_23']"
23_DR-100_0096_3_sentence_4.wav,"[6, 5, 2, 3, 2, 1, 4, 3, 6]","[5, 6, 6, 6, 7, 6, 6, 5, 7]","['A27SMEOPKV84VI', 'A1ET2J1PIP0RGO', 'A1PUHCEBSOWETV', 'A1FHS282JP487T', 'A1HXEXQTZCJ1DW', 'A319HGTKM0UY0V', 'A2JP9IKRHNLRPI', 'A2CK0OXMPOR9LE', 'self_report_23']"
23_DR-100_0096_1_sentence_2.wav,"[5, 3, 3, 5, 2, 4, 6, 5, 6]","[6, 6, 7, 6, 6, 5, 6, 6, 6]","['A1ET2J1PIP0RGO', 'A394S7JSNUA3TS', 'A1PUHCEBSOWETV', 'A2JP9IKRHNLRPI', 'A1FHS282JP487T', 'A27SMEOPKV84VI', 'A12I4JOVZ1HZW8', 'A3UWM3KJYEL5XU', 'self_report_23']"
26_DR-100_0091_1_sentence_8.wav,"[2, 6, 3, 5, 3, 5, 3, 3, 7]","[6, 7, 7, 6, 6, 5, 6, 8, 8]","['A1PUHCEBSOWETV', 'A1ET2J1PIP0RGO', 'A1FHS282JP487T', 'A2JP9IKRHNLRPI', 'A22QD6M0A2C77C', 'A2CK0OXMPOR9LE', 'A3UWM3KJYEL5XU', 'A27IABVBUZ9X8Z', 'self_report_26']"
27_DR-100_0090_5_sentence_6.wav,"[2, 4, 2, 3, 6, 5, 4, 6, 5]","[6, 8, 6, 8, 7, 7, 5, 7, 7]","['A1PUHCEBSOWETV', 'A3UWM3KJYEL5XU', 'A394S7JSNUA3TS', 'ALQPGVQZEZSUE', 'A1HXEXQTZCJ1DW', 'A1FHS282JP487T', 'A2VRDE2FHCBMF8', 'A22QD6M0A2C77C', 'self_report_27']"
27_DR-100_0090_1_sentence_14.wav,"[2, 3, 3, 7, 4, 3, 3, 6, 4]","[6, 6, 4, 5, 4, 7, 6, 7, 6]","['A1PUHCEBSOWETV', 'A1FHS282JP487T', 'A394S7JSNUA3TS', 'A2CK0OXMPOR9LE', 'A2VRDE2FHCBMF8', 'A27IABVBUZ9X8Z', 'A1HXEXQTZCJ1DW', 'ARVXIBUCA8WDZ', 'self_report_27']"
27_DR-100_0090_3_sentence_7.wav,"[2, 4, 4, 4, 6, 7, 8, 6, 6]","[6, 7, 9, 7, 8, 7, 9, 7, 9]","['A1PUHCEBSOWETV', 'A1FHS282JP487T', 'A27IABVBUZ9X8Z', 'A394S7JSNUA3TS', 'A2JP9IKRHNLRPI', 'A2CK0OXMPOR9LE', 'A12I4JOVZ1HZW8', 'A1HXEXQTZCJ1DW', 'self_report_27']"
21_DR-100_0089_9_sentence_6.wav,"[1, 2, 4, 2, 3, 2, 2, 5, 2]","[5, 6, 3, 5, 4, 4, 7, 5, 5]","['A1FHS282JP487T', 'A1PUHCEBSOWETV', 'A319HGTKM0UY0V', 'A1HXEXQTZCJ1DW', 'A2VRDE2FHCBMF8', 'A1FP3SH704X01V', 'A22QD6M0A2C77C', 'A27SMEOPKV84VI', 'self_report_21']"
28_DR-100_0095_9_sentence_8.wav,"[1, 2, 3, 4, 5, 2, 3, 6, 6]","[5, 2, 4, 3, 1, 6, 5, 3, 7]","['A2VRDE2FHCBMF8', 'A3UWM3KJYEL5XU', 'A1B4KC5KP7FH1Z', 'A2JP9IKRHNLRPI', 'A1PUHCEBSOWETV', 'A1FHS282JP487T', 'A2CK0OXMPOR9LE', 'A319HGTKM0UY0V', 'self_report_28']"
27_DR-100_0090_1_sentence_9.wav,"[2, 3, 4, 4, 3, 2, 3, 4, 4]","[6, 6, 7, 6, 5, 7, 7, 6, 6]","['A1PUHCEBSOWETV', 'A1FHS282JP487T', 'A12I4JOVZ1HZW8', 'A2JP9IKRHNLRPI', 'A2VRDE2FHCBMF8', 'ABI1EI8UQK6LK', 'A394S7JSNUA3TS', 'A1FP3SH704X01V', 'self_report_27']"
23_DR-100_0096_7_sentence_8.wav,"[5, 6, 2, 3, 5, 3, 2, 4, 6]","[3, 6, 6, 7, 7, 8, 5, 5, 8]","['A3UWM3KJYEL5XU', 'A27SMEOPKV84VI', 'A1PUHCEBSOWETV', 'A1FHS282JP487T', 'A2JP9IKRHNLRPI', 'A22QD6M0A2C77C', 'A2KXARDIOGJL8T', 'A32U64W0S9PUA3', 'self_report_23']"
26_DR-100_0091_1_sentence_1.wav,"[2, 3, 7, 1, 6, 3, 2, 3, 7]","[6, 6, 9, 5, 5, 5, 6, 6, 8]","['A1PUHCEBSOWETV', 'A1FHS282JP487T', 'A12I4JOVZ1HZW8', 'A2NJ7N8INZOB00', 'A2CK0OXMPOR9LE', 'A2VRDE2FHCBMF8', 'A1L98RD8AC1ST3', 'A27IABVBUZ9X8Z', 'self_report_26']"
25_DR-100_0089_5_sentence_8.wav,"[4, 2, 4, 2, 3, 5, 3, 3, 7]","[6, 6, 7, 6, 5, 7, 6, 5, 8]","['A3UWM3KJYEL5XU', 'A1PUHCEBSOWETV', 'A1FHS282JP487T', 'A394S7JSNUA3TS', 'A1ET2J1PIP0RGO', 'A1B4KC5KP7FH1Z', 'A1HXEXQTZCJ1DW', 'A2KXARDIOGJL8T', 'self_report_25']"
27_DR-100_0090_7_sentence_8.wav,"[6, 2, 4, 3, 7, 5, 5, 4, 4]","[7, 6, 6, 7, 6, 7, 7, 6, 7]","['A27SMEOPKV84VI', 'A1PUHCEBSOWETV', 'A2VRDE2FHCBMF8', 'A394S7JSNUA3TS', 'A3UWM3KJYEL5XU', 'A2CK0OXMPOR9LE', 'A1FHS282JP487T', 'A1HXEXQTZCJ1DW', 'self_report_27']"
28_DR-100_0095_5_sentence_1.wav,"[2, 2, 3, 2, 4, 4, 4, 3, 6]","[6, 5, 7, 6, 8, 6, 6, 5, 6]","['A1PUHCEBSOWETV', 'A1FHS282JP487T', 'A22QD6M0A2C77C', 'A394S7JSNUA3TS', 'A2JP9IKRHNLRPI', 'A27SMEOPKV84VI', 'A1ET2J1PIP0RGO', 'A2CK0OXMPOR9LE', 'self_report_28']"
24_DR-100_0100_7_sentence_11.wav,"[4, 2, 5, 1, 3, 5, 3, 3, 2]","[4, 6, 6, 5, 6, 7, 6, 6, 5]","['A2MUCL20GTQJA0', 'A1PUHCEBSOWETV', 'A2JP9IKRHNLRPI', 'A394S7JSNUA3TS', 'A22QD6M0A2C77C', 'A1F1BIPJR11LSR', 'A27IABVBUZ9X8Z', 'A1FHS282JP487T', 'self_report_24']"
23_DR-100_0096_9_sentence_7.wav,"[3, 2, 2, 2, 5, 6, 2, 2, 6]","[6, 6, 6, 7, 5, 6, 6, 6, 7]","['A2CK0OXMPOR9LE', 'A1PUHCEBSOWETV', 'A1FHS282JP487T', 'A27IABVBUZ9X8Z', 'ARVXIBUCA8WDZ', 'A6FQHZ58DQ0S6', 'ABI1EI8UQK6LK', 'A1L98RD8AC1ST3', 'self_report_23']"
28_DR-100_0095_7_sentence_1.wav,"[2, 6, 4, 3, 2, 2, 2, 5, 4]","[6, 1, 6, 6, 6, 8, 7, 7, 6]","['A1FHS282JP487T', 'A1PUHCEBSOWETV', 'A1ET2J1PIP0RGO', 'A27SMEOPKV84VI', 'A2VRDE2FHCBMF8', 'A22QD6M0A2C77C', 'A3UWM3KJYEL5XU', 'A1B4KC5KP7FH1Z', 'self_report_28']"
23_DR-100_0096_3_sentence_7.wav,"[5, 4, 2, 3, 3, 2, 3, 2, 6]","[5, 8, 6, 6, 6, 6, 8, 7, 7]","['A1ET2J1PIP0RGO', 'A3UWM3KJYEL5XU', 'A1PUHCEBSOWETV', 'A1FHS282JP487T', 'ABI1EI8UQK6LK', 'A27IABVBUZ9X8Z', 'A22QD6M0A2C77C', 'A2NJ7N8INZOB00', 'self_report_23']"
27_DR-100_0090_9_sentence_10.wav,"[3, 2, 3, 3, 4, 4, 3, 6, 5]","[6, 6, 8, 7, 7, 6, 7, 6, 8]","['A1FHS282JP487T', 'A1PUHCEBSOWETV', 'A12I4JOVZ1HZW8', 'A27IABVBUZ9X8Z', 'A394S7JSNUA3TS', 'A2VRDE2FHCBMF8', 'A1HXEXQTZCJ1DW', 'A1FP3SH704X01V', 'self_report_27']"
27_DR-100_0090_9_sentence_2.wav,"[2, 4, 6, 5, 3, 8, 5, 4, 5]","[6, 6, 7, 8, 7, 9, 5, 6, 8]","['A1PUHCEBSOWETV', 'A1FHS282JP487T', 'A2CK0OXMPOR9LE', 'A1B4KC5KP7FH1Z', 'A2NJ7N8INZOB00', 'A12I4JOVZ1HZW8', 'A2VRDE2FHCBMF8', 'A1HXEXQTZCJ1DW', 'self_report_27']"
24_DR-100_0100_7_sentence_5.wav,"[2, 3, 3, 7, 3, 3, 3, 5, 2]","[6, 6, 7, 9, 7, 9, 6, 7, 5]","['A1PUHCEBSOWETV', 'A1FHS282JP487T', 'A27IABVBUZ9X8Z', 'A12I4JOVZ1HZW8', 'A22QD6M0A2C77C', 'A1L98RD8AC1ST3', 'A394S7JSNUA3TS', 'A2JP9IKRHNLRPI', 'self_report_24']"
27_DR-100_0090_9_sentence_3.wav,"[2, 4, 7, 3, 5, 5, 2, 6, 5]","[6, 7, 5, 6, 7, 5, 5, 5, 8]","['A1PUHCEBSOWETV', 'A22QD6M0A2C77C', 'A3UWM3KJYEL5XU', 'A27IABVBUZ9X8Z', 'A1FHS282JP487T', 'A2VRDE2FHCBMF8', 'A394S7JSNUA3TS', 'A2CK0OXMPOR9LE', 'self_report_27']"
25_DR-100_0089_5_sentence_4.wav,"[2, 4, 5, 4, 2, 3, 2, 1, 7]","[6, 7, 8, 5, 6, 6, 8, 6, 8]","['A1PUHCEBSOWETV', 'A3UWM3KJYEL5XU', 'A2JP9IKRHNLRPI', 'A1ET2J1PIP0RGO', 'A27IABVBUZ9X8Z', 'A2CK0OXMPOR9LE', 'A1L98RD8AC1ST3', 'A394S7JSNUA3TS', 'self_report_25']"
21_DR-100_0089_3_sentence_6.wav,"[2, 2, 2, 4, 7, 3, 5, 2, 1]","[6, 6, 7, 6, 9, 5, 5, 5, 7]","['A1FHS282JP487T', 'A1PUHCEBSOWETV', 'A394S7JSNUA3TS', 'A2JP9IKRHNLRPI', 'A12I4JOVZ1HZW8', 'A2VRDE2FHCBMF8', 'ARVXIBUCA8WDZ', 'A27IABVBUZ9X8Z', 'self_report_21']"
24_DR-100_0100_5_sentence_2.wav,"[3, 2, 3, 4, 4, 1, 2, 6, 5]","[6, 6, 5, 4, 3, 4, 5, 6, 5]","['A1FHS282JP487T', 'A1PUHCEBSOWETV', 'A12I4JOVZ1HZW8', 'A27SMEOPKV84VI', 'A22QD6M0A2C77C', 'A394S7JSNUA3TS', 'A2KXARDIOGJL8T', 'A1ET2J1PIP0RGO', 'self_report_24']"
25_DR-100_0089_9_sentence_2.wav,"[2, 3, 2, 2, 5, 2, 4, 5, 4]","[6, 3, 4, 5, 3, 3, 4, 4, 4]","['A1PUHCEBSOWETV', 'A2CK0OXMPOR9LE', 'A394S7JSNUA3TS', 'A2VRDE2FHCBMF8', 'A2JP9IKRHNLRPI', 'A27IABVBUZ9X8Z', 'A1ET2J1PIP0RGO', 'A12I4JOVZ1HZW8', 'self_report_25']"
21_DR-100_0089_7_sentence_3.wav,"[2, 3, 2, 3, 2, 5, 7, 3, 2]","[6, 3, 6, 4, 4, 5, 8, 4, 5]","['A1PUHCEBSOWETV', 'A3UWM3KJYEL5XU', 'A1FHS282JP487T', 'A2VRDE2FHCBMF8', 'A22QD6M0A2C77C', 'A12I4JOVZ1HZW8', 'A319HGTKM0UY0V', 'ARVXIBUCA8WDZ', 'self_report_21']"
25_DR-100_0089_5_sentence_12.wav,"[2, 2, 1, 3, 2, 2, 2, 2, 7]","[6, 6, 6, 8, 6, 7, 7, 5, 8]","['A1PUHCEBSOWETV', 'A1FHS282JP487T', 'A1L98RD8AC1ST3', 'A3UWM3KJYEL5XU', 'A1FP3SH704X01V', 'A394S7JSNUA3TS', 'A1HXEXQTZCJ1DW', 'A2VRDE2FHCBMF8', 'self_report_25']"
28_DR-100_0095_7_sentence_4.wav,"[2, 2, 3, 1, 7, 2, 1, 3, 4]","[6, 6, 6, 6, 2, 6, 8, 5, 6]","['A1PUHCEBSOWETV', 'A1FHS282JP487T', 'A2CK0OXMPOR9LE', 'A27IABVBUZ9X8Z', 'A6FQHZ58DQ0S6', 'A394S7JSNUA3TS', 'A2NJ7N8INZOB00', 'A27SMEOPKV84VI', 'self_report_28']"
26_DR-100_0091_9_sentence_10.wav,"[2, 2, 3, 5, 7, 2, 2, 4, 8]","[6, 6, 5, 5, 7, 6, 6, 8, 9]","['A1FHS282JP487T', 'A1PUHCEBSOWETV', 'A22QD6M0A2C77C', 'A2CK0OXMPOR9LE', 'A12I4JOVZ1HZW8', 'A1FP3SH704X01V', 'A1HXEXQTZCJ1DW', 'A1L98RD8AC1ST3', 'self_report_26']"
27_DR-100_0090_7_sentence_6.wav,"[8, 3, 4, 5, 3, 4, 5, 5, 4]","[7, 7, 7, 6, 7, 7, 7, 6, 7]","['A27SMEOPKV84VI', 'A1PUHCEBSOWETV', 'A1FHS282JP487T', 'A1ET2J1PIP0RGO', 'A1L98RD8AC1ST3', 'A27IABVBUZ9X8Z', 'A1HXEXQTZCJ1DW', 'A22QD6M0A2C77C', 'self_report_27']"
21_DR-100_0089_5_sentence_2.wav,"[2, 3, 2, 2, 2, 1, 3, 2, 2]","[6, 5, 4, 6, 6, 5, 4, 4, 5]","['A1PUHCEBSOWETV', 'A2CK0OXMPOR9LE', 'A3UWM3KJYEL5XU', 'A1B4KC5KP7FH1Z', 'A1FHS282JP487T', 'A1L98RD8AC1ST3', 'ARVXIBUCA8WDZ', 'A394S7JSNUA3TS', 'self_report_21']"
21_DR-100_0089_5_sentence_6.wav,"[2, 3, 2, 1, 4, 3, 2, 2, 2]","[6, 6, 6, 5, 5, 5, 5, 5, 5]","['A1PUHCEBSOWETV', 'A3UWM3KJYEL5XU', 'A1FHS282JP487T', 'A12I4JOVZ1HZW8', 'A1ET2J1PIP0RGO', 'A2CK0OXMPOR9LE', 'A22QD6M0A2C77C', 'A1F1BIPJR11LSR', 'self_report_21']"
25_DR-100_0089_9_sentence_6.wav,"[3, 2, 2, 4, 2, 2, 5, 3, 4]","[4, 5, 6, 4, 4, 3, 5, 5, 4]","['A1PUHCEBSOWETV', 'A2VRDE2FHCBMF8', 'A1FHS282JP487T', 'A1B4KC5KP7FH1Z', 'A394S7JSNUA3TS', 'A1HXEXQTZCJ1DW', 'A22QD6M0A2C77C', 'A2CK0OXMPOR9LE', 'self_report_25']"
27_DR-100_0090_3_sentence_3.wav,"[7, 2, 2, 4, 6, 3, 5, 2, 6]","[6, 6, 9, 6, 7, 7, 7, 7, 9]","['A27SMEOPKV84VI', 'A1PUHCEBSOWETV', 'A12I4JOVZ1HZW8', 'A2VRDE2FHCBMF8', 'A2CK0OXMPOR9LE', 'A394S7JSNUA3TS', 'A1FHS282JP487T', 'ABI1EI8UQK6LK', 'self_report_27']"
25_DR-100_0089_3_sentence_1.wav,"[2, 2, 2, 3, 2, 4, 1, 2, 5]","[6, 6, 5, 5, 5, 5, 5, 4, 4]","['A1PUHCEBSOWETV', 'A1FHS282JP487T', 'A2VRDE2FHCBMF8', 'A2CK0OXMPOR9LE', 'A394S7JSNUA3TS', 'A2JP9IKRHNLRPI', 'A2NJ7N8INZOB00', 'A27IABVBUZ9X8Z', 'self_report_25']"
25_DR-100_0089_7_sentence_6.wav,"[2, 5, 3, 3, 5, 1, 5, 2, 5]","[6, 7, 6, 5, 8, 8, 7, 7, 7]","['A1PUHCEBSOWETV', 'A3UWM3KJYEL5XU', 'A1FHS282JP487T', 'A27SMEOPKV84VI', 'A22QD6M0A2C77C', 'A319HGTKM0UY0V', 'A1B4KC5KP7FH1Z', 'A2VRDE2FHCBMF8', 'self_report_25']"
27_DR-100_0090_9_sentence_1.wav,"[3, 7, 5, 2, 8, 4, 7, 6, 5]","[6, 6, 6, 6, 9, 7, 6, 8, 8]","['A1FHS282JP487T', 'A3UWM3KJYEL5XU', 'A2VRDE2FHCBMF8', 'A1PUHCEBSOWETV', 'A12I4JOVZ1HZW8', 'A1HXEXQTZCJ1DW', 'A2CK0OXMPOR9LE', 'A2JP9IKRHNLRPI', 'self_report_27']"
25_DR-100_0089_1_sentence_3.wav,"[2, 3, 3, 2, 6, 3, 4, 3, 3]","[6, 5, 7, 6, 7, 7, 5, 6, 6]","['A394S7JSNUA3TS', 'A2VRDE2FHCBMF8', 'A1PUHCEBSOWETV', 'A1FHS282JP487T', 'A1ET2J1PIP0RGO', 'A27IABVBUZ9X8Z', 'A2CK0OXMPOR9LE', 'A12I4JOVZ1HZW8', 'self_report_25']"
26_DR-100_0091_1_sentence_6.wav,"[3, 3, 2, 3, 4, 3, 7, 3, 7]","[4, 6, 6, 7, 6, 6, 7, 7, 8]","['A27SMEOPKV84VI', 'A3UWM3KJYEL5XU', 'A1PUHCEBSOWETV', 'A2CK0OXMPOR9LE', 'A2VRDE2FHCBMF8', 'ABI1EI8UQK6LK', 'A319HGTKM0UY0V', 'A394S7JSNUA3TS', 'self_report_26']"
28_DR-100_0095_9_sentence_2.wav,"[3, 2, 2, 1, 2, 3, 1, 2, 6]","[5, 5, 6, 6, 5, 5, 5, 5, 7]","['A27SMEOPKV84VI', 'A3UWM3KJYEL5XU', 'A1PUHCEBSOWETV', 'A1FHS282JP487T', 'A2CK0OXMPOR9LE', 'A22QD6M0A2C77C', 'A2VRDE2FHCBMF8', 'A394S7JSNUA3TS', 'self_report_28']"
21_DR-100_0089_9_sentence_4.wav,"[2, 4, 1, 2, 4, 2, 2, 2, 2]","[6, 5, 6, 6, 6, 7, 7, 5, 5]","['A1PUHCEBSOWETV', 'A27SMEOPKV84VI', 'A394S7JSNUA3TS', 'A1FHS282JP487T', 'A1ET2J1PIP0RGO', 'A3UWM3KJYEL5XU', 'A27IABVBUZ9X8Z', 'A2VRDE2FHCBMF8', 'self_report_21']"
25_DR-100_0089_7_sentence_2.wav,"[4, 4, 2, 2, 2, 3, 4, 2, 5]","[2, 5, 3, 3, 6, 3, 5, 5, 7]","['A1PUHCEBSOWETV', 'A1ET2J1PIP0RGO', 'A22QD6M0A2C77C', 'A1HXEXQTZCJ1DW', 'A1FHS282JP487T', 'A394S7JSNUA3TS', 'A2CK0OXMPOR9LE', 'A2VRDE2FHCBMF8', 'self_report_25']"
28_DR-100_0095_1_sentence_7.wav,"[2, 3, 2, 3, 7, 2, 4, 2, 2]","[6, 6, 6, 4, 3, 5, 6, 5, 5]","['A1PUHCEBSOWETV', 'A27SMEOPKV84VI', 'A394S7JSNUA3TS', 'ARVXIBUCA8WDZ', 'A6FQHZ58DQ0S6', 'A2CK0OXMPOR9LE', 'A1B4KC5KP7FH1Z', 'A2KXARDIOGJL8T', 'self_report_28']"
25_DR-100_0089_7_sentence_3.wav,"[2, 4, 4, 5, 4, 3, 2, 3, 5]","[6, 6, 6, 9, 6, 6, 6, 4, 7]","['A1PUHCEBSOWETV', 'A2CK0OXMPOR9LE', 'A27SMEOPKV84VI', 'A12I4JOVZ1HZW8', 'A2JP9IKRHNLRPI', 'A2VRDE2FHCBMF8', 'A1FHS282JP487T', 'A1F1BIPJR11LSR', 'self_report_25']"
25_DR-100_0089_9_sentence_3.wav,"[1, 2, 2, 6, 4, 3, 3, 5, 4]","[5, 3, 6, 4, 5, 3, 3, 5, 4]","['A1FHS282JP487T', 'A394S7JSNUA3TS', 'A1PUHCEBSOWETV', 'A12I4JOVZ1HZW8', 'A1ET2J1PIP0RGO', 'A1FP3SH704X01V', 'A3UWM3KJYEL5XU', 'A2CK0OXMPOR9LE', 'self_report_25']"
25_DR-100_0089_7_sentence_1.wav,"[2, 2, 4, 3, 3, 5, 3, 5, 5]","[6, 6, 6, 3, 7, 5, 7, 3, 7]","['A1FHS282JP487T', 'A1PUHCEBSOWETV', 'A2CK0OXMPOR9LE', 'A27IABVBUZ9X8Z', 'A22QD6M0A2C77C', 'A1B4KC5KP7FH1Z', 'A394S7JSNUA3TS', 'A2871R3LEPWMMK', 'self_report_25']"
25_DR-100_0089_3_sentence_5.wav,"[4, 2, 5, 3, 2, 2, 4, 4, 5]","[3, 6, 3, 6, 4, 3, 5, 6, 4]","['A3UWM3KJYEL5XU', 'A1PUHCEBSOWETV', 'A22QD6M0A2C77C', 'A1FHS282JP487T', 'A12I4JOVZ1HZW8', 'A27IABVBUZ9X8Z', 'A1ET2J1PIP0RGO', 'A2CK0OXMPOR9LE', 'self_report_25']"
26_DR-100_0091_1_sentence_4.wav,"[2, 4, 4, 6, 3, 1, 3, 2, 7]","[6, 5, 6, 5, 6, 6, 5, 5, 8]","['A1PUHCEBSOWETV', 'A2CK0OXMPOR9LE', 'A3UWM3KJYEL5XU', 'A27SMEOPKV84VI', 'A1FHS282JP487T', 'A1L98RD8AC1ST3', 'A1HXEXQTZCJ1DW', 'A319HGTKM0UY0V', 'self_report_26']"
21_DR-100_0089_5_sentence_5.wav,"[2, 2, 3, 2, 5, 4, 2, 2, 2]","[6, 5, 5, 4, 3, 5, 5, 5, 5]","['A1PUHCEBSOWETV', 'A1FHS282JP487T', 'A2VRDE2FHCBMF8', 'A2CK0OXMPOR9LE', 'A6FQHZ58DQ0S6', 'ARVXIBUCA8WDZ', 'A1FP3SH704X01V', 'A27IABVBUZ9X8Z', 'self_report_21']"
28_DR-100_0095_9_sentence_7.wav,"[2, 5, 4, 3, 4, 5, 2, 2, 6]","[6, 3, 3, 5, 5, 6, 6, 5, 7]","['A3UWM3KJYEL5XU', 'A1PUHCEBSOWETV', 'A2JP9IKRHNLRPI', 'A2CK0OXMPOR9LE', 'A1ET2J1PIP0RGO', 'A27SMEOPKV84VI', 'A1FHS282JP487T', 'A27IABVBUZ9X8Z', 'self_report_28']"
23_DR-100_0096_7_sentence_5.wav,"[2, 2, 5, 3, 3, 3, 4, 7, 6]","[4, 6, 2, 4, 4, 3, 3, 4, 8]","['A394S7JSNUA3TS', 'A1PUHCEBSOWETV', 'A2JP9IKRHNLRPI', 'ALQPGVQZEZSUE', 'A27IABVBUZ9X8Z', 'A2CK0OXMPOR9LE', 'A22QD6M0A2C77C', 'A3UWM3KJYEL5XU', 'self_report_23']"
24_DR-100_0100_7_sentence_7.wav,"[2, 4, 6, 2, 3, 4, 1, 3, 2]","[6, 7, 5, 6, 5, 6, 6, 5, 5]","['A1PUHCEBSOWETV', 'A22QD6M0A2C77C', 'A27SMEOPKV84VI', 'A27IABVBUZ9X8Z', 'A2CK0OXMPOR9LE', 'A2VRDE2FHCBMF8', 'A1L98RD8AC1ST3', 'A394S7JSNUA3TS', 'self_report_24']"
21_DR-100_0089_7_sentence_5.wav,"[2, 4, 3, 1, 2, 6, 2, 3, 2]","[6, 4, 4, 5, 4, 6, 5, 5, 5]","['A1PUHCEBSOWETV', 'A2JP9IKRHNLRPI', 'A394S7JSNUA3TS', 'A1FHS282JP487T', 'A27IABVBUZ9X8Z', 'A12I4JOVZ1HZW8', 'A2VRDE2FHCBMF8', 'A2CK0OXMPOR9LE', 'self_report_21']"
26_DR-100_0091_5_sentence_3.wav,"[2, 2, 3, 5, 2, 3, 4, 1, 5]","[6, 6, 5, 4, 6, 6, 6, 5, 8]","['A1PUHCEBSOWETV', 'A1FHS282JP487T', 'A2VRDE2FHCBMF8', 'A2CK0OXMPOR9LE', 'A22QD6M0A2C77C', 'A394S7JSNUA3TS', 'A1B4KC5KP7FH1Z', 'A1L98RD8AC1ST3', 'self_report_26']"
27_DR-100_0090_1_sentence_8.wav,"[2, 2, 3, 3, 3, 2, 6, 4, 4]","[6, 6, 5, 3, 5, 6, 7, 5, 6]","['A1FHS282JP487T', 'A1PUHCEBSOWETV', 'A2CK0OXMPOR9LE', 'A22QD6M0A2C77C', 'A2VRDE2FHCBMF8', 'A27IABVBUZ9X8Z', 'A12I4JOVZ1HZW8', 'A2JP9IKRHNLRPI', 'self_report_27']"
28_DR-100_0095_1_sentence_9.wav,"[1, 1, 5, 2, 3, 1, 1, 2, 2]","[5, 6, 1, 5, 3, 5, 6, 5, 5]","['A1FHS282JP487T', 'A3UWM3KJYEL5XU', 'A1PUHCEBSOWETV', 'A2VRDE2FHCBMF8', 'A22QD6M0A2C77C', 'A1B4KC5KP7FH1Z', 'A1L98RD8AC1ST3', 'A27IABVBUZ9X8Z', 'self_report_28']"
26_DR-100_0091_7_sentence_8.wav,"[3, 2, 3, 3, 4, 6, 3, 6, 8]","[4, 6, 7, 6, 6, 7, 7, 7, 8]","['A3UWM3KJYEL5XU', 'A394S7JSNUA3TS', 'A1PUHCEBSOWETV', 'A1FHS282JP487T', 'A27SMEOPKV84VI', 'ARVXIBUCA8WDZ', 'A22QD6M0A2C77C', 'A1ET2J1PIP0RGO', 'self_report_26']"
24_DR-100_0100_3_sentence_5.wav,"[2, 3, 5, 6, 4, 6, 3, 5, 3]","[6, 6, 7, 6, 6, 6, 5, 4, 8]","['A1PUHCEBSOWETV', 'A1FHS282JP487T', 'A1ET2J1PIP0RGO', 'A2CK0OXMPOR9LE', 'A2VRDE2FHCBMF8', 'ARVXIBUCA8WDZ', 'A22QD6M0A2C77C', 'A3UWM3KJYEL5XU', 'self_report_24']"
26_DR-100_0091_5_sentence_2.wav,"[3, 5, 3, 2, 5, 5, 4, 3, 5]","[7, 7, 7, 9, 6, 4, 5, 6, 8]","['A1FHS282JP487T', 'A22QD6M0A2C77C', 'A1PUHCEBSOWETV', 'A1L98RD8AC1ST3', 'A1B4KC5KP7FH1Z', 'A1ET2J1PIP0RGO', 'A2VRDE2FHCBMF8', 'ABI1EI8UQK6LK', 'self_report_26']"
23_DR-100_0096_7_sentence_7.wav,"[2, 5, 4, 4, 3, 5, 4, 3, 6]","[6, 7, 7, 6, 5, 6, 6, 7, 8]","['A1PUHCEBSOWETV', 'A2MUCL20GTQJA0', 'A2VRDE2FHCBMF8', 'A1FHS282JP487T', 'A2CK0OXMPOR9LE', 'A2JP9IKRHNLRPI', 'A22QD6M0A2C77C', 'A27IABVBUZ9X8Z', 'self_report_23']"
25_DR-100_0089_5_sentence_5.wav,"[2, 4, 3, 3, 2, 2, 2, 3, 7]","[6, 6, 6, 7, 7, 5, 7, 5, 8]","['A1PUHCEBSOWETV', 'A2CK0OXMPOR9LE', 'A1FHS282JP487T', 'A394S7JSNUA3TS', 'A3UWM3KJYEL5XU', 'A2KXARDIOGJL8T', 'A1HXEXQTZCJ1DW', 'A2VRDE2FHCBMF8', 'self_report_25']"
21_DR-100_0089_9_sentence_5.wav,"[2, 3, 4, 2, 4, 3, 1, 2, 2]","[6, 5, 6, 6, 6, 6, 6, 5, 5]","['A1PUHCEBSOWETV', 'A2CK0OXMPOR9LE', 'A2JP9IKRHNLRPI', 'A1FHS282JP487T', 'A1ET2J1PIP0RGO', 'A394S7JSNUA3TS', 'A1L98RD8AC1ST3', 'A27IABVBUZ9X8Z', 'self_report_21']"
26_DR-100_0091_9_sentence_7.wav,"[2, 7, 3, 4, 6, 7, 2, 7, 8]","[6, 7, 6, 6, 7, 9, 7, 7, 9]","['A1PUHCEBSOWETV', 'A3UWM3KJYEL5XU', 'A1FHS282JP487T', 'A2MUCL20GTQJA0', 'A1ET2J1PIP0RGO', 'A12I4JOVZ1HZW8', 'A394S7JSNUA3TS', 'A2CK0OXMPOR9LE', 'self_report_26']"
27_DR-100_0090_3_sentence_19.wav,"[5, 7, 6, 7, 6, 7, 7, 6, 6]","[7, 9, 7, 7, 7, 8, 4, 4, 9]","['A1FHS282JP487T', 'A1PUHCEBSOWETV', 'A1ET2J1PIP0RGO', 'A2VRDE2FHCBMF8', 'A394S7JSNUA3TS', 'A1B4KC5KP7FH1Z', 'A6FQHZ58DQ0S6', 'A1HXEXQTZCJ1DW', 'self_report_27']"
23_DR-100_0096_3_sentence_11.wav,"[1, 5, 2, 3, 2, 3, 3, 7, 6]","[6, 7, 6, 5, 5, 5, 6, 8, 7]","['A394S7JSNUA3TS', 'A3UWM3KJYEL5XU', 'A1PUHCEBSOWETV', 'A2CK0OXMPOR9LE', 'A1FHS282JP487T', 'A2VRDE2FHCBMF8', 'A22QD6M0A2C77C', 'A319HGTKM0UY0V', 'self_report_23']"
24_DR-100_0100_3_sentence_6.wav,"[2, 3, 6, 5, 3, 7, 2, 3, 3]","[6, 6, 7, 8, 5, 9, 8, 6, 8]","['A1PUHCEBSOWETV', 'A1FHS282JP487T', 'A27SMEOPKV84VI', 'A2JP9IKRHNLRPI', 'A2VRDE2FHCBMF8', 'A12I4JOVZ1HZW8', 'A1HXEXQTZCJ1DW', 'A22QD6M0A2C77C', 'self_report_24']"
24_DR-100_0100_5_sentence_5.wav,"[4, 2, 3, 5, 2, 3, 3, 2, 5]","[4, 6, 6, 3, 3, 5, 4, 4, 5]","['A3UWM3KJYEL5XU', 'A1PUHCEBSOWETV', 'A1FHS282JP487T', 'A2JP9IKRHNLRPI', 'A27IABVBUZ9X8Z', 'A2CK0OXMPOR9LE', 'A394S7JSNUA3TS', 'A1FP3SH704X01V', 'self_report_24']"
26_DR-100_0091_3_sentence_5.wav,"[2, 4, 1, 2, 4, 2, 3, 3, 6]","[6, 5, 5, 6, 4, 4, 7, 4, 6]","['A1PUHCEBSOWETV', 'A27SMEOPKV84VI', 'A1FHS282JP487T', 'A22QD6M0A2C77C', 'A12I4JOVZ1HZW8', 'A394S7JSNUA3TS', 'A319HGTKM0UY0V', 'A2VRDE2FHCBMF8', 'self_report_26']"
25_DR-100_0089_9_sentence_7.wav,"[2, 4, 5, 2, 2, 1, 3, 3, 4]","[6, 6, 7, 6, 5, 5, 4, 7, 4]","['A1PUHCEBSOWETV', 'A3UWM3KJYEL5XU', 'A22QD6M0A2C77C', 'A1FHS282JP487T', 'A2VRDE2FHCBMF8', 'A27IABVBUZ9X8Z', 'A2CK0OXMPOR9LE', 'A394S7JSNUA3TS', 'self_report_25']"
24_DR-100_0100_9_sentence_5.wav,"[2, 5, 2, 4, 2, 4, 3, 2, 2]","[7, 6, 7, 6, 6, 6, 5, 7, 6]","['A1PUHCEBSOWETV', 'A2CK0OXMPOR9LE', 'A1FHS282JP487T', 'A12I4JOVZ1HZW8', 'A394S7JSNUA3TS', 'A1ET2J1PIP0RGO', 'A2VRDE2FHCBMF8', 'A1HXEXQTZCJ1DW', 'self_report_24']"
27_DR-100_0090_1_sentence_5.wav,"[2, 5, 4, 7, 3, 3, 2, 3, 4]","[6, 5, 6, 6, 6, 6, 4, 4, 6]","['A1PUHCEBSOWETV', 'A2VRDE2FHCBMF8', 'A1FHS282JP487T', 'A2CK0OXMPOR9LE', 'A27IABVBUZ9X8Z', 'A394S7JSNUA3TS', 'A1L98RD8AC1ST3', 'A1HXEXQTZCJ1DW', 'self_report_27']"
26_DR-100_0091_1_sentence_11.wav,"[3, 2, 3, 2, 2, 4, 2, 6, 7]","[6, 6, 5, 4, 6, 7, 7, 7, 8]","['A3UWM3KJYEL5XU', 'A1PUHCEBSOWETV', 'A2VRDE2FHCBMF8', 'A394S7JSNUA3TS', 'A1FHS282JP487T', 'A22QD6M0A2C77C', 'A1HXEXQTZCJ1DW', 'A27IABVBUZ9X8Z', 'self_report_26']"
21_DR-100_0089_9_sentence_2.wav,"[4, 2, 3, 2, 2, 1, 1, 2, 2]","[5, 6, 5, 6, 6, 6, 6, 5, 5]","['A1ET2J1PIP0RGO', 'A1FHS282JP487T', 'A2VRDE2FHCBMF8', 'A1PUHCEBSOWETV', 'A394S7JSNUA3TS', 'A27IABVBUZ9X8Z', 'A1L98RD8AC1ST3', 'A2KXARDIOGJL8T', 'self_report_21']"
26_DR-100_0091_3_sentence_1.wav,"[2, 2, 2, 2, 4, 2, 5, 5, 6]","[7, 6, 5, 7, 6, 8, 7, 7, 6]","['A3UWM3KJYEL5XU', 'A394S7JSNUA3TS', 'A1FHS282JP487T', 'A1PUHCEBSOWETV', 'A2CK0OXMPOR9LE', 'A1HXEXQTZCJ1DW', 'A1B4KC5KP7FH1Z', 'A2JP9IKRHNLRPI', 'self_report_26']"
25_DR-100_0089_5_sentence_6.wav,"[2, 2, 4, 5, 5, 2, 2, 5, 7]","[6, 6, 4, 4, 5, 5, 4, 5, 8]","['A1FHS282JP487T', 'A1PUHCEBSOWETV', 'A3UWM3KJYEL5XU', 'A2CK0OXMPOR9LE', 'A1ET2J1PIP0RGO', 'A2VRDE2FHCBMF8', 'A394S7JSNUA3TS', 'A27SMEOPKV84VI', 'self_report_25']"
23_DR-100_0096_3_sentence_10.wav,"[1, 2, 5, 5, 3, 2, 2, 3, 6]","[6, 6, 6, 7, 6, 7, 7, 7, 7]","['A394S7JSNUA3TS', 'A1PUHCEBSOWETV', 'A3UWM3KJYEL5XU', 'A2JP9IKRHNLRPI', 'A1FHS282JP487T', 'A2KXARDIOGJL8T', 'A1L98RD8AC1ST3', 'A22QD6M0A2C77C', 'self_report_23']"
24_DR-100_0100_7_sentence_9.wav,"[2, 2, 3, 3, 3, 6, 1, 2, 2]","[6, 6, 7, 8, 8, 6, 6, 7, 5]","['A1FHS282JP487T', 'A1PUHCEBSOWETV', 'A3UWM3KJYEL5XU', 'A394S7JSNUA3TS', 'A27IABVBUZ9X8Z', 'A2CK0OXMPOR9LE', 'A1L98RD8AC1ST3', 'A22QD6M0A2C77C', 'self_report_24']"
25_DR-100_0089_9_sentence_8.wav,"[2, 2, 5, 4, 2, 3, 4, 3, 4]","[6, 3, 7, 4, 5, 3, 2, 6, 4]","['A1PUHCEBSOWETV', 'A394S7JSNUA3TS', 'A2JP9IKRHNLRPI', 'ARVXIBUCA8WDZ', 'A2VRDE2FHCBMF8', 'A27IABVBUZ9X8Z', 'A22QD6M0A2C77C', 'A1FHS282JP487T', 'self_report_25']"
21_DR-100_0089_9_sentence_3.wav,"[6, 3, 2, 2, 2, 2, 1, 4, 2]","[5, 4, 6, 5, 4, 6, 5, 6, 5]","['A27SMEOPKV84VI', 'A2MUCL20GTQJA0', 'A1PUHCEBSOWETV', 'A2CK0OXMPOR9LE', 'A22QD6M0A2C77C', 'A1FHS282JP487T', 'A1L98RD8AC1ST3', 'ARVXIBUCA8WDZ', 'self_report_21']"
27_DR-100_0090_7_sentence_3.wav,"[6, 2, 1, 4, 6, 6, 8, 6, 4]","[8, 6, 6, 6, 9, 5, 6, 7, 7]","['A3UWM3KJYEL5XU', 'A1PUHCEBSOWETV', 'A394S7JSNUA3TS', 'A1FHS282JP487T', 'A1B4KC5KP7FH1Z', 'A2CK0OXMPOR9LE', 'A6FQHZ58DQ0S6', 'ARVXIBUCA8WDZ', 'self_report_27']"
21_DR-100_0089_3_sentence_4.wav,"[2, 3, 1, 2, 3, 2, 1, 4, 1]","[6, 8, 7, 6, 7, 5, 8, 6, 7]","['A1PUHCEBSOWETV', 'A3UWM3KJYEL5XU', 'A394S7JSNUA3TS', 'A1FHS282JP487T', 'A2CK0OXMPOR9LE', 'A2VRDE2FHCBMF8', 'A22QD6M0A2C77C', 'A2JP9IKRHNLRPI', 'self_report_21']"
24_DR-100_0100_3_sentence_2.wav,"[3, 2, 2, 4, 5, 5, 2, 6, 3]","[6, 6, 6, 5, 4, 5, 5, 4, 8]","['A1FHS282JP487T', 'A1PUHCEBSOWETV', 'A12I4JOVZ1HZW8', 'A2CK0OXMPOR9LE', 'A22QD6M0A2C77C', 'A2JP9IKRHNLRPI', 'A2VRDE2FHCBMF8', 'A319HGTKM0UY0V', 'self_report_24']"
23_DR-100_0096_7_sentence_6.wav,"[5, 2, 3, 5, 4, 7, 3, 5, 6]","[4, 6, 4, 6, 7, 7, 6, 2, 8]","['A3UWM3KJYEL5XU', 'A1PUHCEBSOWETV', 'A394S7JSNUA3TS', 'A1ET2J1PIP0RGO', 'A1FHS282JP487T', 'ARVXIBUCA8WDZ', 'A27IABVBUZ9X8Z', 'A2JP9IKRHNLRPI', 'self_report_23']"
27_DR-100_0090_7_sentence_11.wav,"[2, 7, 6, 6, 4, 3, 6, 5, 4]","[6, 9, 6, 6, 8, 7, 8, 7, 7]","['A1PUHCEBSOWETV', 'A12I4JOVZ1HZW8', 'A1HXEXQTZCJ1DW', 'A2VRDE2FHCBMF8', 'ABI1EI8UQK6LK', 'A1FHS282JP487T', 'A1F1BIPJR11LSR', 'A394S7JSNUA3TS', 'self_report_27']"
25_DR-100_0089_1_sentence_1.wav,"[2, 2, 1, 3, 7, 4, 4, 2, 3]","[6, 5, 4, 4, 3, 3, 4, 4, 6]","['A1PUHCEBSOWETV', 'A1FHS282JP487T', 'A1L98RD8AC1ST3', 'A394S7JSNUA3TS', 'A319HGTKM0UY0V', 'A3UWM3KJYEL5XU', 'ARVXIBUCA8WDZ', 'A2VRDE2FHCBMF8', 'self_report_25']"
23_DR-100_0096_5_sentence_4.wav,"[3, 4, 3, 2, 3, 5, 3, 3, 6]","[6, 7, 6, 7, 3, 5, 6, 7, 4]","['A2MUCL20GTQJA0', 'A3UWM3KJYEL5XU', 'A2VRDE2FHCBMF8', 'A1PUHCEBSOWETV', 'A2CK0OXMPOR9LE', 'A2JP9IKRHNLRPI', 'A1FHS282JP487T', 'A22QD6M0A2C77C', 'self_report_23']"
28_DR-100_0095_1_sentence_4.wav,"[4, 6, 4, 2, 2, 1, 3, 2, 2]","[5, 2, 5, 6, 3, 5, 6, 5, 5]","['A1ET2J1PIP0RGO', 'A1PUHCEBSOWETV', 'A27SMEOPKV84VI', 'A1FHS282JP487T', 'A1HXEXQTZCJ1DW', 'A1L98RD8AC1ST3', 'A22QD6M0A2C77C', 'A2KXARDIOGJL8T', 'self_report_28']"
21_DR-100_0089_3_sentence_5.wav,"[2, 2, 3, 3, 2, 7, 3, 1, 1]","[6, 6, 7, 7, 7, 8, 8, 6, 7]","['A1PUHCEBSOWETV', 'A1FHS282JP487T', 'A3UWM3KJYEL5XU', 'A394S7JSNUA3TS', 'A27IABVBUZ9X8Z', 'A319HGTKM0UY0V', 'A22QD6M0A2C77C', 'A1HXEXQTZCJ1DW', 'self_report_21']"
24_DR-100_0100_5_sentence_3.wav,"[2, 4, 3, 4, 3, 3, 2, 2, 5]","[6, 4, 6, 5, 5, 6, 3, 6, 5]","['A1PUHCEBSOWETV', 'A3UWM3KJYEL5XU', 'A1FHS282JP487T', 'A2CK0OXMPOR9LE', 'A1HXEXQTZCJ1DW', 'A2VRDE2FHCBMF8', 'A1L98RD8AC1ST3', 'A394S7JSNUA3TS', 'self_report_24']"
28_DR-100_0095_5_sentence_7.wav,"[2, 1, 1, 2, 2, 1, 4, 4, 6]","[6, 5, 5, 6, 6, 5, 7, 6, 6]","['A1PUHCEBSOWETV', 'A394S7JSNUA3TS', 'A27IABVBUZ9X8Z', 'A1FHS282JP487T', 'A22QD6M0A2C77C', 'A1L98RD8AC1ST3', 'A12I4JOVZ1HZW8', 'A1ET2J1PIP0RGO', 'self_report_28']"
26_DR-100_0091_9_sentence_2.wav,"[2, 5, 4, 3, 5, 5, 2, 4, 8]","[7, 4, 3, 7, 6, 7, 2, 7, 9]","['A1PUHCEBSOWETV', 'A27SMEOPKV84VI', 'A3UWM3KJYEL5XU', 'A394S7JSNUA3TS', 'A2VRDE2FHCBMF8', 'ARVXIBUCA8WDZ', 'A1L98RD8AC1ST3', 'A22QD6M0A2C77C', 'self_report_26']"
21_DR-100_0089_3_sentence_8.wav,"[2, 2, 2, 2, 4, 2, 3, 4, 1]","[6, 6, 5, 7, 6, 7, 7, 7, 7]","['A1PUHCEBSOWETV', 'A1FHS282JP487T', 'A2VRDE2FHCBMF8', 'A22QD6M0A2C77C', 'A1B4KC5KP7FH1Z', 'A394S7JSNUA3TS', 'A3UWM3KJYEL5XU', 'A2JP9IKRHNLRPI', 'self_report_21']"
21_DR-100_0089_1_sentence_1.wav,"[2, 1, 4, 2, 4, 3, 2, 2, 1]","[6, 5, 6, 6, 6, 9, 5, 7, 5]","['A1PUHCEBSOWETV', 'A394S7JSNUA3TS', 'A1ET2J1PIP0RGO', 'A1FHS282JP487T', 'A2JP9IKRHNLRPI', 'A12I4JOVZ1HZW8', 'A2CK0OXMPOR9LE', 'A319HGTKM0UY0V', 'self_report_21']"
28_DR-100_0095_7_sentence_3.wav,"[2, 2, 2, 3, 4, 1, 2, 3, 4]","[6, 6, 5, 5, 6, 7, 5, 8, 6]","['A1FHS282JP487T', 'A1PUHCEBSOWETV', 'A2VRDE2FHCBMF8', 'A2CK0OXMPOR9LE', 'A1B4KC5KP7FH1Z', 'ABI1EI8UQK6LK', 'A1F1BIPJR11LSR', 'A1L98RD8AC1ST3', 'self_report_28']"
25_DR-100_0089_5_sentence_1.wav,"[2, 2, 4, 2, 2, 3, 3, 3, 7]","[6, 4, 5, 6, 4, 4, 5, 5, 8]","['A1PUHCEBSOWETV', 'A3UWM3KJYEL5XU', 'A1ET2J1PIP0RGO', 'A1FHS282JP487T', 'A1L98RD8AC1ST3', 'A2VRDE2FHCBMF8', 'A2CK0OXMPOR9LE', 'A22QD6M0A2C77C', 'self_report_25']"
27_DR-100_0090_3_sentence_18.wav,"[8, 5, 2, 5, 7, 8, 8, 8, 6]","[6, 7, 6, 6, 8, 6, 8, 4, 9]","['A3UWM3KJYEL5XU', 'A1FHS282JP487T', 'A1PUHCEBSOWETV', 'A2VRDE2FHCBMF8', 'A2JP9IKRHNLRPI', 'A27SMEOPKV84VI', 'A1ET2J1PIP0RGO', 'A319HGTKM0UY0V', 'self_report_27']"
27_DR-100_0090_1_sentence_6.wav,"[2, 3, 8, 3, 3, 2, 4, 2, 4]","[6, 6, 3, 4, 3, 5, 3, 4, 6]","['A1PUHCEBSOWETV', 'A1FHS282JP487T', 'A3UWM3KJYEL5XU', 'A2VRDE2FHCBMF8', 'A22QD6M0A2C77C', 'ABI1EI8UQK6LK', 'A1HXEXQTZCJ1DW', 'A394S7JSNUA3TS', 'self_report_27']"
23_DR-100_0096_1_sentence_3.wav,"[2, 5, 2, 2, 3, 3, 2, 2, 6]","[6, 4, 4, 4, 4, 6, 3, 2, 6]","['A1PUHCEBSOWETV', 'A27SMEOPKV84VI', 'A27IABVBUZ9X8Z', 'A12I4JOVZ1HZW8', 'A394S7JSNUA3TS', 'A1FHS282JP487T', 'A1HXEXQTZCJ1DW', 'A2NJ7N8INZOB00', 'self_report_23']"
21_DR-100_0089_7_sentence_1.wav,"[2, 2, 2, 2, 3, 1, 7, 5, 2]","[7, 6, 6, 6, 7, 7, 9, 7, 5]","['A3UWM3KJYEL5XU', 'A1FHS282JP487T', 'A1PUHCEBSOWETV', 'A394S7JSNUA3TS', 'A27SMEOPKV84VI', 'ABI1EI8UQK6LK', 'A12I4JOVZ1HZW8', 'A1ET2J1PIP0RGO', 'self_report_21']"
27_DR-100_0090_3_sentence_20.wav,"[9, 5, 6, 7, 7, 8, 8, 8, 6]","[6, 9, 9, 9, 8, 4, 8, 8, 9]","['A3UWM3KJYEL5XU', 'A12I4JOVZ1HZW8', 'A22QD6M0A2C77C', 'A1PUHCEBSOWETV', 'A1FHS282JP487T', 'ALQPGVQZEZSUE', 'A1ET2J1PIP0RGO', 'A1L98RD8AC1ST3', 'self_report_27']"
25_DR-100_0089_3_sentence_9.wav,"[3, 4, 2, 2, 5, 3, 4, 2, 5]","[6, 3, 6, 3, 3, 4, 5, 4, 4]","['A1FHS282JP487T', 'A3UWM3KJYEL5XU', 'A1PUHCEBSOWETV', 'A27IABVBUZ9X8Z', 'A2JP9IKRHNLRPI', 'A12I4JOVZ1HZW8', 'A2CK0OXMPOR9LE', 'A1HXEXQTZCJ1DW', 'self_report_25']"
27_DR-100_0090_1_sentence_13.wav,"[2, 5, 5, 5, 6, 4, 7, 2, 4]","[6, 7, 6, 5, 8, 8, 6, 6, 6]","['A1PUHCEBSOWETV', 'A1FHS282JP487T', 'A2CK0OXMPOR9LE', 'A2VRDE2FHCBMF8', 'A12I4JOVZ1HZW8', 'A1F1BIPJR11LSR', 'A3UWM3KJYEL5XU', 'A1FP3SH704X01V', 'self_report_27']"
28_DR-100_0095_1_sentence_3.wav,"[2, 3, 5, 4, 4, 1, 3, 2, 2]","[6, 8, 2, 5, 9, 5, 6, 6, 5]","['A1FHS282JP487T', 'A3UWM3KJYEL5XU', 'A1PUHCEBSOWETV', 'A1ET2J1PIP0RGO', 'A12I4JOVZ1HZW8', 'A1B4KC5KP7FH1Z', 'A22QD6M0A2C77C', 'A394S7JSNUA3TS', 'self_report_28']"
25_DR-100_0089_3_sentence_10.wav,"[2, 2, 3, 4, 3, 1, 5, 4, 5]","[3, 7, 6, 3, 3, 4, 6, 5, 4]","['A3UWM3KJYEL5XU', 'A1PUHCEBSOWETV', 'A1FHS282JP487T', 'A2JP9IKRHNLRPI', 'A27IABVBUZ9X8Z', 'A1L98RD8AC1ST3', 'A1ET2J1PIP0RGO', 'A2CK0OXMPOR9LE', 'self_report_25']"
24_DR-100_0100_9_sentence_9.wav,"[2, 1, 3, 2, 2, 3, 3, 5, 2]","[6, 6, 4, 5, 4, 4, 4, 3, 6]","['A1PUHCEBSOWETV', 'A12I4JOVZ1HZW8', 'A3UWM3KJYEL5XU', 'A2VRDE2FHCBMF8', 'A22QD6M0A2C77C', 'A394S7JSNUA3TS', 'A1HXEXQTZCJ1DW', 'A2JP9IKRHNLRPI', 'self_report_24']"
23_DR-100_0096_9_sentence_8.wav,"[3, 2, 4, 5, 2, 1, 4, 6, 6]","[7, 5, 5, 7, 6, 3, 6, 5, 7]","['A1PUHCEBSOWETV', 'A12I4JOVZ1HZW8', 'A22QD6M0A2C77C', 'A1FHS282JP487T', 'A1L98RD8AC1ST3', 'A2NJ7N8INZOB00', 'A27IABVBUZ9X8Z', 'ARVXIBUCA8WDZ', 'self_report_23']"
23_DR-100_0096_5_sentence_5.wav,"[5, 2, 2, 4, 1, 3, 5, 5, 6]","[6, 6, 5, 6, 5, 6, 6, 7, 4]","['A3UWM3KJYEL5XU', 'A1PUHCEBSOWETV', 'A394S7JSNUA3TS', 'A22QD6M0A2C77C', 'A1L98RD8AC1ST3', 'A1FHS282JP487T', 'A1ET2J1PIP0RGO', 'A1B4KC5KP7FH1Z', 'self_report_23']"
27_DR-100_0090_3_sentence_8.wav,"[2, 3, 5, 4, 3, 6, 6, 4, 6]","[6, 7, 7, 7, 7, 7, 9, 7, 9]","['A1PUHCEBSOWETV', 'A2VRDE2FHCBMF8', 'A2CK0OXMPOR9LE', 'A394S7JSNUA3TS', 'A2NJ7N8INZOB00', 'A319HGTKM0UY0V', 'A1B4KC5KP7FH1Z', 'A1FHS282JP487T', 'self_report_27']"
26_DR-100_0091_1_sentence_10.wav,"[2, 5, 3, 1, 2, 2, 6, 7, 7]","[6, 5, 6, 5, 5, 3, 7, 4, 8]","['A1PUHCEBSOWETV', 'A2JP9IKRHNLRPI', 'A22QD6M0A2C77C', 'A394S7JSNUA3TS', 'A2VRDE2FHCBMF8', 'A1L98RD8AC1ST3', 'ARVXIBUCA8WDZ', 'A6FQHZ58DQ0S6', 'self_report_26']"
28_DR-100_0095_1_sentence_6.wav,"[2, 2, 3, 3, 2, 1, 3, 1, 2]","[6, 6, 6, 6, 6, 6, 3, 6, 5]","['A1PUHCEBSOWETV', 'A1FHS282JP487T', 'A2CK0OXMPOR9LE', 'A1ET2J1PIP0RGO', 'A2VRDE2FHCBMF8', 'A1L98RD8AC1ST3', 'ARVXIBUCA8WDZ', 'A27IABVBUZ9X8Z', 'self_report_28']"
24_DR-100_0100_5_sentence_1.wav,"[4, 2, 3, 3, 1, 5, 2, 7, 5]","[6, 6, 6, 4, 7, 7, 4, 7, 5]","['A3UWM3KJYEL5XU', 'A1PUHCEBSOWETV', 'A1FHS282JP487T', 'A2CK0OXMPOR9LE', 'A394S7JSNUA3TS', 'A2JP9IKRHNLRPI', 'A1HXEXQTZCJ1DW', 'A12I4JOVZ1HZW8', 'self_report_24']"
28_DR-100_0095_5_sentence_6.wav,"[2, 2, 4, 3, 6, 2, 3, 7, 6]","[6, 6, 5, 4, 1, 3, 3, 1, 6]","['A1PUHCEBSOWETV', 'A1FHS282JP487T', 'A12I4JOVZ1HZW8', 'A394S7JSNUA3TS', 'A319HGTKM0UY0V', 'ABI1EI8UQK6LK', 'A2CK0OXMPOR9LE', 'A6FQHZ58DQ0S6', 'self_report_28']"
23_DR-100_0096_1_sentence_9.wav,"[2, 3, 1, 3, 4, 4, 2, 2, 6]","[6, 6, 6, 5, 4, 4, 6, 5, 6]","['A1PUHCEBSOWETV', 'A1FHS282JP487T', 'A27IABVBUZ9X8Z', 'A2CK0OXMPOR9LE', 'A1ET2J1PIP0RGO', 'A3UWM3KJYEL5XU', 'A1L98RD8AC1ST3', 'A2KXARDIOGJL8T', 'self_report_23']"
21_DR-100_0089_7_sentence_8.wav,"[1, 2, 3, 2, 3, 2, 1, 2, 2]","[6, 6, 4, 5, 5, 4, 5, 5, 5]","['A1FHS282JP487T', 'A1PUHCEBSOWETV', 'A394S7JSNUA3TS', 'A22QD6M0A2C77C', 'A27SMEOPKV84VI', 'A27IABVBUZ9X8Z', 'A2KXARDIOGJL8T', 'A2VRDE2FHCBMF8', 'self_report_21']"
28_DR-100_0095_5_sentence_2.wav,"[3, 2, 2, 2, 2, 3, 2, 3, 6]","[3, 6, 5, 6, 4, 6, 8, 6, 6]","['A3UWM3KJYEL5XU', 'A1PUHCEBSOWETV', 'A1FHS282JP487T', 'A394S7JSNUA3TS', 'A2CK0OXMPOR9LE', 'A27IABVBUZ9X8Z', 'A22QD6M0A2C77C', 'A2VRDE2FHCBMF8', 'self_report_28']"
24_DR-100_0100_7_sentence_6.wav,"[2, 2, 1, 6, 7, 4, 4, 2, 2]","[6, 6, 6, 5, 5, 4, 6, 5, 5]","['A1FHS282JP487T', 'A1PUHCEBSOWETV', 'A394S7JSNUA3TS', 'A2CK0OXMPOR9LE', 'A319HGTKM0UY0V', 'A3UWM3KJYEL5XU', 'A2VRDE2FHCBMF8', 'A1FP3SH704X01V', 'self_report_24']"
24_DR-100_0100_7_sentence_4.wav,"[2, 3, 2, 6, 2, 7, 6, 3, 2]","[6, 6, 4, 4, 4, 4, 7, 4, 5]","['A1PUHCEBSOWETV', 'A1FHS282JP487T', 'A394S7JSNUA3TS', 'A2CK0OXMPOR9LE', 'A27IABVBUZ9X8Z', 'A319HGTKM0UY0V', 'ARVXIBUCA8WDZ', 'A1HXEXQTZCJ1DW', 'self_report_24']"
28_DR-100_0095_5_sentence_5.wav,"[4, 2, 1, 2, 3, 2, 3, 3, 6]","[6, 6, 4, 6, 6, 7, 5, 5, 6]","['A1ET2J1PIP0RGO', 'A1PUHCEBSOWETV', 'A27IABVBUZ9X8Z', 'A1FHS282JP487T', 'A394S7JSNUA3TS', 'A1HXEXQTZCJ1DW', 'A12I4JOVZ1HZW8', 'A22QD6M0A2C77C', 'self_report_28']"
28_DR-100_0095_3_sentence_8.wav,"[3, 2, 4, 3, 4, 4, 6, 5, 4]","[3, 6, 2, 3, 5, 5, 4, 2, 5]","['A3UWM3KJYEL5XU', 'A1FHS282JP487T', 'A1PUHCEBSOWETV', 'A27IABVBUZ9X8Z', 'A6FQHZ58DQ0S6', 'A1ET2J1PIP0RGO', 'A12I4JOVZ1HZW8', 'A22QD6M0A2C77C', 'self_report_28']"
25_DR-100_0089_1_sentence_7.wav,"[2, 2, 2, 4, 5, 2, 2, 2, 3]","[6, 6, 7, 6, 8, 6, 8, 6, 6]","['A1FHS282JP487T', 'A1PUHCEBSOWETV', 'A394S7JSNUA3TS', 'A2JP9IKRHNLRPI', 'A12I4JOVZ1HZW8', 'A2VRDE2FHCBMF8', 'A22QD6M0A2C77C', 'A1FP3SH704X01V', 'self_report_25']"
27_DR-100_0090_7_sentence_4.wav,"[2, 6, 4, 2, 4, 5, 4, 3, 4]","[6, 8, 7, 8, 6, 9, 6, 7, 7]","['A1PUHCEBSOWETV', 'A3UWM3KJYEL5XU', 'A1FHS282JP487T', 'ABI1EI8UQK6LK', 'A2VRDE2FHCBMF8', 'A1B4KC5KP7FH1Z', 'A1FP3SH704X01V', 'A22QD6M0A2C77C', 'self_report_27']"
25_DR-100_0089_3_sentence_4.wav,"[2, 3, 2, 2, 4, 6, 5, 4, 5]","[6, 7, 5, 6, 6, 7, 6, 4, 4]","['A1PUHCEBSOWETV', 'A3UWM3KJYEL5XU', 'A2VRDE2FHCBMF8', 'A1FHS282JP487T', 'A1B4KC5KP7FH1Z', 'A12I4JOVZ1HZW8', 'A1ET2J1PIP0RGO', 'ARVXIBUCA8WDZ', 'self_report_25']"
23_DR-100_0096_5_sentence_7.wav,"[5, 5, 2, 3, 5, 5, 5, 3, 6]","[4, 3, 6, 6, 4, 5, 4, 5, 4]","['A2JP9IKRHNLRPI', 'A3UWM3KJYEL5XU', 'A1PUHCEBSOWETV', 'A1FHS282JP487T', 'A1ET2J1PIP0RGO', 'A1B4KC5KP7FH1Z', 'A27SMEOPKV84VI', 'A2VRDE2FHCBMF8', 'self_report_23']"
26_DR-100_0091_7_sentence_11.wav,"[3, 2, 3, 2, 3, 6, 2, 2, 8]","[7, 4, 6, 6, 6, 5, 6, 6, 8]","['A3UWM3KJYEL5XU', 'A2VRDE2FHCBMF8', 'A1FHS282JP487T', 'A1PUHCEBSOWETV', 'A22QD6M0A2C77C', 'A6FQHZ58DQ0S6', 'A394S7JSNUA3TS', 'A1FP3SH704X01V', 'self_report_26']"
21_DR-100_0089_9_sentence_1.wav,"[3, 2, 2, 1, 3, 3, 4, 2, 2]","[4, 6, 5, 6, 6, 6, 5, 6, 5]","['A3UWM3KJYEL5XU', 'A1PUHCEBSOWETV', 'A2VRDE2FHCBMF8', 'A27IABVBUZ9X8Z', 'A12I4JOVZ1HZW8', 'A1FHS282JP487T', 'A1B4KC5KP7FH1Z', 'A1FP3SH704X01V', 'self_report_21']"
26_DR-100_0091_7_sentence_9.wav,"[2, 2, 5, 2, 4, 5, 5, 3, 8]","[6, 6, 7, 7, 8, 7, 6, 5, 8]","['A1PUHCEBSOWETV', 'A1FHS282JP487T', 'A3UWM3KJYEL5XU', 'A27IABVBUZ9X8Z', 'A22QD6M0A2C77C', 'A1B4KC5KP7FH1Z', 'A2CK0OXMPOR9LE', 'A2VRDE2FHCBMF8', 'self_report_26']"
24_DR-100_0100_3_sentence_7.wav,"[2, 4, 2, 6, 3, 6, 6, 3, 3]","[6, 7, 7, 5, 5, 6, 8, 8, 8]","['A1FHS282JP487T', 'A394S7JSNUA3TS', 'A1PUHCEBSOWETV', 'A1ET2J1PIP0RGO', 'A2CK0OXMPOR9LE', 'ARVXIBUCA8WDZ', 'A1F1BIPJR11LSR', 'A2KXARDIOGJL8T', 'self_report_24']"
26_DR-100_0091_7_sentence_3.wav,"[3, 3, 6, 5, 3, 3, 4, 3, 8]","[6, 6, 7, 6, 7, 6, 6, 7, 8]","['A1PUHCEBSOWETV', 'A1FHS282JP487T', 'A3UWM3KJYEL5XU', 'A2JP9IKRHNLRPI', 'A394S7JSNUA3TS', 'A27IABVBUZ9X8Z', 'A2VRDE2FHCBMF8', 'A1HXEXQTZCJ1DW', 'self_report_26']"
24_DR-100_0100_9_sentence_7.wav,"[5, 2, 5, 2, 2, 3, 2, 4, 2]","[6, 6, 7, 6, 5, 6, 4, 6, 6]","['A1ET2J1PIP0RGO', 'A1PUHCEBSOWETV', 'A3UWM3KJYEL5XU', 'A1FHS282JP487T', 'A2VRDE2FHCBMF8', 'A2KXARDIOGJL8T', 'A1FP3SH704X01V', 'A22QD6M0A2C77C', 'self_report_24']"
28_DR-100_0095_3_sentence_7.wav,"[1, 3, 2, 1, 1, 3, 2, 4, 4]","[6, 4, 6, 3, 5, 4, 4, 4, 5]","['A3UWM3KJYEL5XU', 'A27SMEOPKV84VI', 'A1PUHCEBSOWETV', 'A27IABVBUZ9X8Z', 'A2VRDE2FHCBMF8', 'A2CK0OXMPOR9LE', 'A394S7JSNUA3TS', 'A1B4KC5KP7FH1Z', 'self_report_28']"
21_DR-100_0089_7_sentence_4.wav,"[4, 2, 3, 2, 2, 6, 1, 3, 2]","[5, 6, 4, 6, 6, 7, 5, 5, 5]","['A27SMEOPKV84VI', 'A1FHS282JP487T', 'A2VRDE2FHCBMF8', 'A1PUHCEBSOWETV', 'A22QD6M0A2C77C', 'A12I4JOVZ1HZW8', 'A1L98RD8AC1ST3', 'A2CK0OXMPOR9LE', 'self_report_21']"
25_DR-100_0089_3_sentence_6.wav,"[2, 5, 3, 2, 6, 4, 3, 2, 5]","[6, 5, 5, 6, 8, 4, 6, 5, 4]","['A1PUHCEBSOWETV', 'A27SMEOPKV84VI', 'A22QD6M0A2C77C', 'A1FHS282JP487T', 'A12I4JOVZ1HZW8', 'A1B4KC5KP7FH1Z', 'A3UWM3KJYEL5XU', 'A2VRDE2FHCBMF8', 'self_report_25']"
24_DR-100_0100_5_sentence_10.wav,"[3, 2, 1, 5, 3, 2, 2, 5, 5]","[6, 6, 6, 6, 9, 4, 5, 7, 5]","['A3UWM3KJYEL5XU', 'A1PUHCEBSOWETV', 'A394S7JSNUA3TS', 'A2CK0OXMPOR9LE', 'A12I4JOVZ1HZW8', 'A2VRDE2FHCBMF8', 'A1FP3SH704X01V', 'A2JP9IKRHNLRPI', 'self_report_24']"
26_DR-100_0091_5_sentence_5.wav,"[2, 2, 2, 4, 5, 6, 4, 4, 5]","[6, 6, 5, 4, 4, 8, 5, 6, 8]","['A1PUHCEBSOWETV', 'A1FHS282JP487T', 'A394S7JSNUA3TS', 'A2JP9IKRHNLRPI', 'A1ET2J1PIP0RGO', 'A12I4JOVZ1HZW8', 'A2CK0OXMPOR9LE', 'A2VRDE2FHCBMF8', 'self_report_26']"
21_DR-100_0089_5_sentence_7.wav,"[2, 2, 4, 3, 2, 6, 2, 2, 2]","[6, 4, 5, 5, 4, 5, 4, 5, 5]","['A1PUHCEBSOWETV', 'A394S7JSNUA3TS', 'A1ET2J1PIP0RGO', 'A2CK0OXMPOR9LE', 'A1L98RD8AC1ST3', 'A12I4JOVZ1HZW8', 'A27IABVBUZ9X8Z', 'A2VRDE2FHCBMF8', 'self_report_21']"
23_DR-100_0096_9_sentence_1.wav,"[2, 3, 4, 3, 5, 5, 2, 4, 6]","[6, 6, 4, 5, 6, 6, 6, 6, 7]","['A1PUHCEBSOWETV', 'A1FHS282JP487T', 'A2JP9IKRHNLRPI', 'A2VRDE2FHCBMF8', 'A1ET2J1PIP0RGO', 'ARVXIBUCA8WDZ', 'A1FP3SH704X01V', 'A319HGTKM0UY0V', 'self_report_23']"
21_DR-100_0089_1_sentence_3.wav,"[2, 3, 3, 1, 2, 2, 2, 4, 1]","[6, 4, 5, 5, 5, 6, 6, 5, 5]","['A1PUHCEBSOWETV', 'A3UWM3KJYEL5XU', 'A2CK0OXMPOR9LE', 'A12I4JOVZ1HZW8', 'A27IABVBUZ9X8Z', 'A1FHS282JP487T', 'A394S7JSNUA3TS', 'A27SMEOPKV84VI', 'self_report_21']"
24_DR-100_0100_7_sentence_2.wav,"[2, 3, 5, 6, 4, 2, 6, 2, 2]","[7, 6, 3, 4, 5, 4, 5, 4, 5]","['A1PUHCEBSOWETV', 'A1FHS282JP487T', 'A22QD6M0A2C77C', 'A27IABVBUZ9X8Z', 'A2CK0OXMPOR9LE', 'A1FP3SH704X01V', 'ARVXIBUCA8WDZ', 'A394S7JSNUA3TS', 'self_report_24']"
28_DR-100_0095_9_sentence_6.wav,"[4, 2, 4, 2, 4, 2, 3, 3, 6]","[8, 6, 4, 6, 3, 3, 6, 5, 7]","['A22QD6M0A2C77C', 'A1FHS282JP487T', 'A3UWM3KJYEL5XU', 'A1PUHCEBSOWETV', 'A2JP9IKRHNLRPI', 'A2VRDE2FHCBMF8', 'A2CK0OXMPOR9LE', 'A27IABVBUZ9X8Z', 'self_report_28']"
26_DR-100_0091_1_sentence_7.wav,"[2, 5, 4, 2, 3, 6, 2, 2, 7]","[6, 4, 6, 6, 5, 5, 5, 5, 8]","['A1PUHCEBSOWETV', 'A3UWM3KJYEL5XU', 'A1FHS282JP487T', 'A2NJ7N8INZOB00', 'A1F1BIPJR11LSR', 'A2CK0OXMPOR9LE', 'A394S7JSNUA3TS', 'A1L98RD8AC1ST3', 'self_report_26']"
21_DR-100_0089_3_sentence_2.wav,"[2, 2, 2, 2, 3, 2, 5, 4, 1]","[6, 6, 4, 5, 3, 5, 5, 4, 7]","['A1PUHCEBSOWETV', 'A1FHS282JP487T', 'A27IABVBUZ9X8Z', 'A394S7JSNUA3TS', 'A3UWM3KJYEL5XU', 'A1FP3SH704X01V', 'A1ET2J1PIP0RGO', 'A2JP9IKRHNLRPI', 'self_report_21']"
27_DR-100_0090_1_sentence_4.wav,"[4, 6, 3, 2, 3, 5, 6, 6, 4]","[7, 7, 6, 6, 8, 7, 6, 7, 6]","['A3UWM3KJYEL5XU', 'A27SMEOPKV84VI', 'A2VRDE2FHCBMF8', 'A1PUHCEBSOWETV', 'A27IABVBUZ9X8Z', 'A1FHS282JP487T', 'A2CK0OXMPOR9LE', 'A1ET2J1PIP0RGO', 'self_report_27']"
25_DR-100_0089_3_sentence_2.wav,"[2, 3, 4, 5, 3, 2, 3, 5, 5]","[6, 6, 6, 7, 5, 5, 5, 6, 4]","['A1PUHCEBSOWETV', 'A1FHS282JP487T', 'A3UWM3KJYEL5XU', 'A27SMEOPKV84VI', 'A2CK0OXMPOR9LE', 'A394S7JSNUA3TS', 'A1HXEXQTZCJ1DW', 'A1ET2J1PIP0RGO', 'self_report_25']"
23_DR-100_0096_5_sentence_2.wav,"[5, 2, 2, 5, 2, 3, 5, 3, 6]","[5, 6, 4, 3, 4, 6, 6, 4, 4]","['A27SMEOPKV84VI', 'A1PUHCEBSOWETV', 'A27IABVBUZ9X8Z', 'A2JP9IKRHNLRPI', 'A394S7JSNUA3TS', 'A1FHS282JP487T', 'ARVXIBUCA8WDZ', 'A2VRDE2FHCBMF8', 'self_report_23']"
21_DR-100_0089_1_sentence_4.wav,"[2, 4, 1, 3, 2, 2, 6, 5, 1]","[6, 5, 4, 4, 3, 6, 3, 4, 5]","['A1PUHCEBSOWETV', 'A1ET2J1PIP0RGO', 'A394S7JSNUA3TS', 'A2VRDE2FHCBMF8', 'A22QD6M0A2C77C', 'A1FHS282JP487T', 'A319HGTKM0UY0V', 'A3UWM3KJYEL5XU', 'self_report_21']"
26_DR-100_0091_9_sentence_5.wav,"[2, 2, 2, 3, 4, 3, 4, 3, 8]","[6, 6, 5, 5, 6, 5, 5, 7, 9]","['A1FHS282JP487T', 'A1PUHCEBSOWETV', 'A394S7JSNUA3TS', 'A1B4KC5KP7FH1Z', 'A1F1BIPJR11LSR', 'A3UWM3KJYEL5XU', 'A2VRDE2FHCBMF8', 'A27IABVBUZ9X8Z', 'self_report_26']"
28_DR-100_0095_1_sentence_2.wav,"[2, 3, 4, 2, 7, 1, 3, 3, 2]","[6, 6, 6, 6, 8, 6, 4, 6, 5]","['A1PUHCEBSOWETV', 'A2VRDE2FHCBMF8', 'A2CK0OXMPOR9LE', 'A1FHS282JP487T', 'A12I4JOVZ1HZW8', 'A1L98RD8AC1ST3', 'ARVXIBUCA8WDZ', 'A1F1BIPJR11LSR', 'self_report_28']"
23_DR-100_0096_7_sentence_1.wav,"[2, 3, 2, 4, 1, 2, 4, 3, 6]","[6, 7, 5, 5, 5, 5, 4, 5, 8]","['A1PUHCEBSOWETV', 'A1FHS282JP487T', 'A1L98RD8AC1ST3', 'A2CK0OXMPOR9LE', 'A394S7JSNUA3TS', 'A1FP3SH704X01V', 'A3UWM3KJYEL5XU', 'A2KXARDIOGJL8T', 'self_report_23']"
24_DR-100_0100_1_sentence_7.wav,"[6, 3, 2, 2, 4, 2, 5, 2, 2]","[5, 3, 4, 6, 5, 4, 5, 5, 6]","['A27SMEOPKV84VI', 'A3UWM3KJYEL5XU', 'A394S7JSNUA3TS', 'A1PUHCEBSOWETV', 'A12I4JOVZ1HZW8', 'A2VRDE2FHCBMF8', 'A2JP9IKRHNLRPI', 'A1HXEXQTZCJ1DW', 'self_report_24']"
26_DR-100_0091_7_sentence_5.wav,"[2, 2, 5, 6, 4, 5, 2, 5, 8]","[6, 6, 4, 6, 5, 6, 5, 4, 8]","['A1PUHCEBSOWETV', 'A1FHS282JP487T', 'A12I4JOVZ1HZW8', 'A2CK0OXMPOR9LE', 'A1F1BIPJR11LSR', 'ARVXIBUCA8WDZ', 'A1FP3SH704X01V', 'A1B4KC5KP7FH1Z', 'self_report_26']"
23_DR-100_0096_3_sentence_8.wav,"[2, 4, 5, 3, 3, 3, 5, 4, 6]","[6, 7, 4, 4, 4, 5, 4, 6, 7]","['A1PUHCEBSOWETV', 'A1FHS282JP487T', 'A3UWM3KJYEL5XU', 'A22QD6M0A2C77C', 'A27IABVBUZ9X8Z', 'A2CK0OXMPOR9LE', 'A1ET2J1PIP0RGO', 'A1F1BIPJR11LSR', 'self_report_23']"
26_DR-100_0091_3_sentence_4.wav,"[4, 3, 3, 4, 2, 1, 3, 2, 6]","[3, 3, 6, 3, 7, 4, 6, 6, 6]","['A27SMEOPKV84VI', 'A1PUHCEBSOWETV', 'A2VRDE2FHCBMF8', 'A2CK0OXMPOR9LE', 'A394S7JSNUA3TS', 'A1L98RD8AC1ST3', 'ABI1EI8UQK6LK', 'A1FHS282JP487T', 'self_report_26']"
27_DR-100_0090_3_sentence_1.wav,"[8, 2, 5, 6, 4, 7, 4, 6, 6]","[7, 6, 8, 2, 7, 6, 5, 4, 9]","['A27SMEOPKV84VI', 'A1PUHCEBSOWETV', 'A1FHS282JP487T', 'A2JP9IKRHNLRPI', 'A27IABVBUZ9X8Z', 'A2CK0OXMPOR9LE', 'A394S7JSNUA3TS', 'A1HXEXQTZCJ1DW', 'self_report_27']"
24_DR-100_0100_3_sentence_3.wav,"[5, 3, 2, 3, 3, 4, 3, 2, 3]","[8, 6, 6, 8, 7, 5, 6, 8, 8]","['A3UWM3KJYEL5XU', 'A1FHS282JP487T', 'A1PUHCEBSOWETV', 'A22QD6M0A2C77C', 'A394S7JSNUA3TS', 'A2CK0OXMPOR9LE', 'A2VRDE2FHCBMF8', 'A1HXEXQTZCJ1DW', 'self_report_24']"
24_DR-100_0100_1_sentence_4.wav,"[2, 6, 5, 4, 2, 4, 6, 2, 2]","[6, 6, 5, 6, 6, 7, 5, 6, 6]","['A1PUHCEBSOWETV', 'A2CK0OXMPOR9LE', 'A27SMEOPKV84VI', 'A2VRDE2FHCBMF8', 'A1FHS282JP487T', 'A22QD6M0A2C77C', 'A6FQHZ58DQ0S6', 'A394S7JSNUA3TS', 'self_report_24']"
27_DR-100_0090_3_sentence_14.wav,"[2, 8, 7, 5, 5, 6, 6, 2, 6]","[6, 4, 7, 7, 7, 4, 6, 5, 9]","['A1PUHCEBSOWETV', 'A3UWM3KJYEL5XU', 'A2CK0OXMPOR9LE', 'A1FHS282JP487T', 'A27IABVBUZ9X8Z', 'A22QD6M0A2C77C', 'A2VRDE2FHCBMF8', 'A2KXARDIOGJL8T', 'self_report_27']"
23_DR-100_0096_3_sentence_12.wav,"[2, 3, 3, 2, 3, 2, 5, 2, 6]","[6, 7, 6, 6, 5, 6, 6, 7, 7]","['A1PUHCEBSOWETV', 'A12I4JOVZ1HZW8', 'A2VRDE2FHCBMF8', 'A394S7JSNUA3TS', 'A2CK0OXMPOR9LE', 'A1FHS282JP487T', 'ARVXIBUCA8WDZ', 'A27IABVBUZ9X8Z', 'self_report_23']"
27_DR-100_0090_9_sentence_13.wav,"[5, 2, 6, 6, 4, 6, 2, 4, 5]","[7, 6, 7, 9, 7, 7, 7, 8, 8]","['A2MUCL20GTQJA0', 'A1PUHCEBSOWETV', 'A3UWM3KJYEL5XU', 'A12I4JOVZ1HZW8', 'A394S7JSNUA3TS', 'A1B4KC5KP7FH1Z', 'A1L98RD8AC1ST3', 'A2NJ7N8INZOB00', 'self_report_27']"
23_DR-100_0096_1_sentence_5.wav,"[2, 6, 2, 3, 4, 2, 3, 3, 6]","[6, 7, 6, 5, 6, 7, 6, 6, 6]","['A1PUHCEBSOWETV', 'A3UWM3KJYEL5XU', 'A394S7JSNUA3TS', 'A2CK0OXMPOR9LE', 'A2JP9IKRHNLRPI', 'A1FHS282JP487T', 'A22QD6M0A2C77C', 'A27IABVBUZ9X8Z', 'self_report_23']"
23_DR-100_0096_7_sentence_4.wav,"[2, 2, 1, 5, 4, 4, 1, 3, 6]","[6, 6, 5, 5, 5, 5, 5, 5, 8]","['A1PUHCEBSOWETV', 'A1FHS282JP487T', 'A394S7JSNUA3TS', 'A3UWM3KJYEL5XU', 'A2CK0OXMPOR9LE', 'A2VRDE2FHCBMF8', 'A2NJ7N8INZOB00', 'A1HXEXQTZCJ1DW', 'self_report_23']"
27_DR-100_0090_3_sentence_9.wav,"[2, 4, 6, 4, 8, 5, 3, 4, 6]","[6, 5, 8, 7, 9, 7, 6, 6, 9]","['A1PUHCEBSOWETV', 'A2VRDE2FHCBMF8', 'A2JP9IKRHNLRPI', 'A1FHS282JP487T', 'A12I4JOVZ1HZW8', 'A1B4KC5KP7FH1Z', 'A394S7JSNUA3TS', 'A22QD6M0A2C77C', 'self_report_27']"
21_DR-100_0089_7_sentence_7.wav,"[6, 2, 2, 2, 4, 4, 4, 3, 2]","[2, 6, 3, 4, 6, 3, 3, 4, 5]","['A1PUHCEBSOWETV', 'A1FHS282JP487T', 'A2CK0OXMPOR9LE', 'A27IABVBUZ9X8Z', 'A1ET2J1PIP0RGO', 'A2871R3LEPWMMK', 'A3UWM3KJYEL5XU', 'A394S7JSNUA3TS', 'self_report_21']"
26_DR-100_0091_1_sentence_5.wav,"[2, 4, 6, 5, 3, 3, 2, 3, 7]","[6, 6, 7, 7, 7, 6, 6, 7, 8]","['A1PUHCEBSOWETV', 'A3UWM3KJYEL5XU', 'A2CK0OXMPOR9LE', 'A27SMEOPKV84VI', 'A1HXEXQTZCJ1DW', 'A1FHS282JP487T', 'A394S7JSNUA3TS', 'A22QD6M0A2C77C', 'self_report_26']"
23_DR-100_0096_5_sentence_6.wav,"[4, 2, 2, 2, 3, 2, 6, 2, 6]","[6, 5, 6, 6, 5, 5, 4, 5, 4]","['A2MUCL20GTQJA0', 'A394S7JSNUA3TS', 'A1PUHCEBSOWETV', 'A1FHS282JP487T', 'A2CK0OXMPOR9LE', 'A2KXARDIOGJL8T', 'A319HGTKM0UY0V', 'A2NJ7N8INZOB00', 'self_report_23']"
26_DR-100_0091_7_sentence_1.wav,"[2, 2, 3, 3, 4, 5, 6, 1, 8]","[4, 6, 6, 7, 6, 7, 7, 6, 8]","['A3UWM3KJYEL5XU', 'A1PUHCEBSOWETV', 'A2VRDE2FHCBMF8', 'A1FHS282JP487T', 'A27SMEOPKV84VI', 'A1B4KC5KP7FH1Z', 'A12I4JOVZ1HZW8', 'A2NJ7N8INZOB00', 'self_report_26']"
28_DR-100_0095_3_sentence_5.wav,"[2, 2, 1, 2, 2, 2, 1, 1, 4]","[5, 6, 5, 5, 6, 5, 5, 5, 5]","['A2JP9IKRHNLRPI', 'A1PUHCEBSOWETV', 'A1FHS282JP487T', 'A2CK0OXMPOR9LE', 'A22QD6M0A2C77C', 'A394S7JSNUA3TS', 'ABI1EI8UQK6LK', 'A1FP3SH704X01V', 'self_report_28']"
25_DR-100_0089_5_sentence_10.wav,"[2, 5, 3, 5, 2, 3, 2, 5, 7]","[6, 4, 5, 7, 6, 5, 5, 6, 8]","['A1PUHCEBSOWETV', 'A22QD6M0A2C77C', 'A2CK0OXMPOR9LE', 'A3UWM3KJYEL5XU', 'A1FHS282JP487T', 'A2VRDE2FHCBMF8', 'A394S7JSNUA3TS', 'A1ET2J1PIP0RGO', 'self_report_25']"
26_DR-100_0091_5_sentence_1.wav,"[2, 4, 4, 6, 4, 2, 5, 6, 5]","[6, 7, 6, 3, 5, 6, 6, 3, 8]","['A1PUHCEBSOWETV', 'A1FHS282JP487T', 'A2VRDE2FHCBMF8', 'A22QD6M0A2C77C', 'A2CK0OXMPOR9LE', 'A1HXEXQTZCJ1DW', 'A1B4KC5KP7FH1Z', 'A6FQHZ58DQ0S6', 'self_report_26']"
24_DR-100_0100_5_sentence_6.wav,"[2, 3, 5, 6, 3, 3, 3, 5, 5]","[6, 4, 4, 5, 5, 6, 3, 6, 5]","['A1PUHCEBSOWETV', 'A27IABVBUZ9X8Z', 'A2JP9IKRHNLRPI', 'A12I4JOVZ1HZW8', 'A2VRDE2FHCBMF8', 'A1FHS282JP487T', 'A22QD6M0A2C77C', 'A1ET2J1PIP0RGO', 'self_report_24']"
23_DR-100_0096_3_sentence_5.wav,"[3, 2, 2, 5, 3, 7, 1, 5, 6]","[5, 6, 5, 7, 5, 6, 5, 5, 7]","['A3UWM3KJYEL5XU', 'A1PUHCEBSOWETV', 'A2VRDE2FHCBMF8', 'A12I4JOVZ1HZW8', 'A2CK0OXMPOR9LE', 'A27SMEOPKV84VI', 'A2NJ7N8INZOB00', 'ARVXIBUCA8WDZ', 'self_report_23']"
25_DR-100_0089_5_sentence_13.wav,"[3, 3, 2, 1, 2, 2, 4, 4, 7]","[7, 6, 6, 5, 7, 7, 5, 6, 8]","['A3UWM3KJYEL5XU', 'A1FHS282JP487T', 'A1PUHCEBSOWETV', 'A394S7JSNUA3TS', 'A27IABVBUZ9X8Z', 'A1HXEXQTZCJ1DW', 'A2CK0OXMPOR9LE', 'A1F1BIPJR11LSR', 'self_report_25']"
24_DR-100_0100_3_sentence_11.wav,"[4, 4, 2, 4, 1, 2, 5, 1, 3]","[6, 7, 6, 6, 6, 9, 6, 6, 8]","['A1FHS282JP487T', 'A2VRDE2FHCBMF8', 'A1PUHCEBSOWETV', 'A2JP9IKRHNLRPI', 'A394S7JSNUA3TS', 'A22QD6M0A2C77C', 'A1ET2J1PIP0RGO', 'A1FP3SH704X01V', 'self_report_24']"
27_DR-100_0090_3_sentence_10.wav,"[2, 4, 7, 5, 4, 3, 7, 3, 6]","[6, 7, 7, 6, 8, 6, 9, 7, 9]","['A1PUHCEBSOWETV', 'A1FHS282JP487T', 'A3UWM3KJYEL5XU', 'A2JP9IKRHNLRPI', 'A1L98RD8AC1ST3', 'A394S7JSNUA3TS', 'A12I4JOVZ1HZW8', 'A22QD6M0A2C77C', 'self_report_27']"
27_DR-100_0090_9_sentence_9.wav,"[2, 4, 6, 5, 4, 7, 5, 9, 5]","[6, 7, 9, 9, 8, 5, 7, 9, 8]","['A1PUHCEBSOWETV', 'A1FHS282JP487T', 'A12I4JOVZ1HZW8', 'A1B4KC5KP7FH1Z', 'A27IABVBUZ9X8Z', 'A2CK0OXMPOR9LE', 'A1ET2J1PIP0RGO', 'A319HGTKM0UY0V', 'self_report_27']"
28_DR-100_0095_7_sentence_6.wav,"[2, 2, 1, 1, 3, 2, 3, 5, 4]","[4, 6, 5, 2, 5, 6, 5, 6, 6]","['A3UWM3KJYEL5XU', 'A1PUHCEBSOWETV', 'A1FHS282JP487T', 'A27IABVBUZ9X8Z', 'A12I4JOVZ1HZW8', 'A22QD6M0A2C77C', 'A1B4KC5KP7FH1Z', 'A1ET2J1PIP0RGO', 'self_report_28']"
26_DR-100_0091_3_sentence_2.wav,"[2, 2, 3, 7, 2, 2, 2, 3, 6]","[6, 5, 7, 9, 6, 5, 7, 7, 6]","['A1PUHCEBSOWETV', 'A2VRDE2FHCBMF8', 'A319HGTKM0UY0V', 'A12I4JOVZ1HZW8', 'A2KXARDIOGJL8T', 'A1FHS282JP487T', 'A1HXEXQTZCJ1DW', 'A3UWM3KJYEL5XU', 'self_report_26']"
25_DR-100_0089_3_sentence_3.wav,"[2, 2, 3, 3, 2, 3, 3, 2, 5]","[6, 6, 6, 5, 6, 6, 6, 5, 4]","['A1PUHCEBSOWETV', 'A27IABVBUZ9X8Z', 'A3UWM3KJYEL5XU', 'A2CK0OXMPOR9LE', 'A1FHS282JP487T', 'A394S7JSNUA3TS', 'A2VRDE2FHCBMF8', 'ABI1EI8UQK6LK', 'self_report_25']"
28_DR-100_0095_9_sentence_5.wav,"[2, 5, 4, 4, 3, 5, 3, 3, 6]","[6, 6, 6, 2, 6, 3, 5, 5, 7]","['A1FHS282JP487T', 'A1ET2J1PIP0RGO', 'A2CK0OXMPOR9LE', 'A1PUHCEBSOWETV', 'A394S7JSNUA3TS', 'A2JP9IKRHNLRPI', 'A6FQHZ58DQ0S6', 'A27IABVBUZ9X8Z', 'self_report_28']"
27_DR-100_0090_7_sentence_10.wav,"[2, 4, 3, 4, 2, 3, 7, 5, 4]","[6, 6, 7, 8, 7, 7, 7, 6, 7]","['A1PUHCEBSOWETV', 'A1FHS282JP487T', 'A1HXEXQTZCJ1DW', 'A6FQHZ58DQ0S6', 'ABI1EI8UQK6LK', 'A27IABVBUZ9X8Z', 'A3UWM3KJYEL5XU', 'A2VRDE2FHCBMF8', 'self_report_27']"
26_DR-100_0091_1_sentence_9.wav,"[3, 2, 1, 4, 3, 2, 2, 1, 7]","[5, 6, 5, 7, 7, 6, 7, 6, 8]","['A1ET2J1PIP0RGO', 'A1PUHCEBSOWETV', 'A1FHS282JP487T', 'A22QD6M0A2C77C', 'A12I4JOVZ1HZW8', 'A394S7JSNUA3TS', 'A1L98RD8AC1ST3', 'A2NJ7N8INZOB00', 'self_report_26']"
24_DR-100_0100_3_sentence_4.wav,"[3, 2, 2, 4, 4, 5, 2, 3, 3]","[6, 6, 5, 5, 6, 6, 5, 6, 8]","['A1FHS282JP487T', 'A1PUHCEBSOWETV', 'A1HXEXQTZCJ1DW', 'A2VRDE2FHCBMF8', 'A2CK0OXMPOR9LE', 'A1ET2J1PIP0RGO', 'A394S7JSNUA3TS', 'A22QD6M0A2C77C', 'self_report_24']"
25_DR-100_0089_3_sentence_8.wav,"[2, 2, 2, 3, 2, 2, 6, 2, 5]","[6, 4, 6, 4, 5, 4, 5, 4, 4]","['A1PUHCEBSOWETV', 'A394S7JSNUA3TS', 'A1FHS282JP487T', 'A2CK0OXMPOR9LE', 'ABI1EI8UQK6LK', 'A27IABVBUZ9X8Z', 'A22QD6M0A2C77C', 'A2KXARDIOGJL8T', 'self_report_25']"
26_DR-100_0091_1_sentence_2.wav,"[3, 2, 2, 2, 1, 5, 5, 3, 7]","[7, 6, 6, 5, 5, 6, 6, 6, 8]","['A3UWM3KJYEL5XU', 'A1FHS282JP487T', 'A1PUHCEBSOWETV', 'A394S7JSNUA3TS', 'A1HXEXQTZCJ1DW', 'A1ET2J1PIP0RGO', 'A1B4KC5KP7FH1Z', 'A1L98RD8AC1ST3', 'self_report_26']"
27_DR-100_0090_7_sentence_1.wav,"[2, 4, 4, 5, 4, 3, 5, 3, 4]","[6, 7, 6, 6, 8, 5, 7, 7, 7]","['A1PUHCEBSOWETV', 'A394S7JSNUA3TS', 'A1FHS282JP487T', 'A2VRDE2FHCBMF8', 'A22QD6M0A2C77C', 'A2CK0OXMPOR9LE', 'A1F1BIPJR11LSR', 'A1L98RD8AC1ST3', 'self_report_27']"
27_DR-100_0090_3_sentence_2.wav,"[5, 3, 8, 7, 5, 2, 3, 4, 6]","[5, 6, 5, 7, 5, 4, 6, 6, 9]","['A1ET2J1PIP0RGO', 'A1PUHCEBSOWETV', 'A3UWM3KJYEL5XU', 'A2CK0OXMPOR9LE', 'A2VRDE2FHCBMF8', 'A22QD6M0A2C77C', 'A1L98RD8AC1ST3', 'A394S7JSNUA3TS', 'self_report_27']"
24_DR-100_0100_1_sentence_1.wav,"[2, 2, 5, 5, 6, 3, 4, 8, 2]","[6, 5, 5, 6, 7, 6, 7, 9, 6]","['A1PUHCEBSOWETV', 'A394S7JSNUA3TS', 'A27SMEOPKV84VI', 'A2JP9IKRHNLRPI', 'A1ET2J1PIP0RGO', 'A1FHS282JP487T', 'A27IABVBUZ9X8Z', 'A12I4JOVZ1HZW8', 'self_report_24']"
24_DR-100_0100_3_sentence_1.wav,"[4, 3, 2, 5, 7, 5, 5, 5, 3]","[8, 6, 6, 7, 9, 6, 7, 7, 8]","['A3UWM3KJYEL5XU', 'A1FHS282JP487T', 'A1PUHCEBSOWETV', 'A2CK0OXMPOR9LE', 'A12I4JOVZ1HZW8', 'A27SMEOPKV84VI', 'A1B4KC5KP7FH1Z', 'ARVXIBUCA8WDZ', 'self_report_24']"
27_DR-100_0090_7_sentence_2.wav,"[2, 1, 7, 3, 5, 4, 8, 3, 4]","[6, 5, 4, 7, 4, 5, 4, 6, 7]","['A1PUHCEBSOWETV', 'A394S7JSNUA3TS', 'A2CK0OXMPOR9LE', 'A1FHS282JP487T', 'A1ET2J1PIP0RGO', 'A1HXEXQTZCJ1DW', 'A3UWM3KJYEL5XU', 'A1FP3SH704X01V', 'self_report_27']"
24_DR-100_0100_9_sentence_1.wav,"[2, 4, 2, 4, 7, 2, 3, 5, 2]","[6, 5, 6, 5, 4, 3, 1, 6, 6]","['A1FHS282JP487T', 'A2CK0OXMPOR9LE', 'A1PUHCEBSOWETV', 'A27IABVBUZ9X8Z', 'A6FQHZ58DQ0S6', 'A1HXEXQTZCJ1DW', 'A1L98RD8AC1ST3', 'A1ET2J1PIP0RGO', 'self_report_24']"
28_DR-100_0095_5_sentence_8.wav,"[2, 6, 2, 2, 4, 2, 1, 3, 6]","[4, 2, 2, 5, 3, 3, 3, 3, 6]","['A3UWM3KJYEL5XU', 'A1PUHCEBSOWETV', 'A27IABVBUZ9X8Z', 'A2VRDE2FHCBMF8', 'A2JP9IKRHNLRPI', 'A394S7JSNUA3TS', 'A1HXEXQTZCJ1DW', 'A2CK0OXMPOR9LE', 'self_report_28']"
24_DR-100_0100_9_sentence_3.wav,"[2, 6, 2, 4, 2, 3, 3, 7, 2]","[6, 7, 5, 4, 6, 6, 5, 8, 6]","['A1PUHCEBSOWETV', 'A1ET2J1PIP0RGO', 'A27IABVBUZ9X8Z', 'A3UWM3KJYEL5XU', 'A394S7JSNUA3TS', 'A1FHS282JP487T', 'A2VRDE2FHCBMF8', 'A12I4JOVZ1HZW8', 'self_report_24']"
24_DR-100_0100_1_sentence_6.wav,"[2, 4, 1, 2, 2, 6, 6, 3, 2]","[6, 8, 6, 6, 7, 6, 7, 6, 6]","['A1PUHCEBSOWETV', 'A3UWM3KJYEL5XU', 'A394S7JSNUA3TS', 'ABI1EI8UQK6LK', 'A1L98RD8AC1ST3', 'A2CK0OXMPOR9LE', 'ARVXIBUCA8WDZ', 'A22QD6M0A2C77C', 'self_report_24']"
23_DR-100_0096_9_sentence_3.wav,"[2, 4, 6, 5, 3, 3, 2, 3, 6]","[6, 4, 8, 7, 5, 5, 7, 6, 7]","['A1PUHCEBSOWETV', 'A3UWM3KJYEL5XU', 'A12I4JOVZ1HZW8', 'A27IABVBUZ9X8Z', 'A2VRDE2FHCBMF8', 'A2CK0OXMPOR9LE', 'A394S7JSNUA3TS', 'A1FHS282JP487T', 'self_report_23']"
28_DR-100_0095_7_sentence_7.wav,"[5, 2, 2, 4, 3, 3, 2, 1, 4]","[2, 7, 6, 6, 4, 5, 6, 6, 6]","['A1PUHCEBSOWETV', 'A3UWM3KJYEL5XU', 'A1FHS282JP487T', 'A2JP9IKRHNLRPI', 'A1F1BIPJR11LSR', 'A2CK0OXMPOR9LE', 'A2VRDE2FHCBMF8', 'A27IABVBUZ9X8Z', 'self_report_28']"
24_DR-100_0100_1_sentence_3.wav,"[5, 2, 5, 3, 2, 8, 5, 4, 2]","[6, 6, 8, 7, 6, 9, 6, 7, 6]","['A2CK0OXMPOR9LE', 'A1PUHCEBSOWETV', 'A3UWM3KJYEL5XU', 'A1L98RD8AC1ST3', 'A1FHS282JP487T', 'A12I4JOVZ1HZW8', 'A1B4KC5KP7FH1Z', 'A1FP3SH704X01V', 'self_report_24']"
23_DR-100_0096_5_sentence_8.wav,"[2, 3, 4, 3, 2, 3, 2, 2, 6]","[6, 6, 5, 6, 5, 5, 5, 5, 4]","['A1PUHCEBSOWETV', 'A1FHS282JP487T', 'A3UWM3KJYEL5XU', 'A22QD6M0A2C77C', 'A6FQHZ58DQ0S6', 'A2CK0OXMPOR9LE', 'A394S7JSNUA3TS', 'A1HXEXQTZCJ1DW', 'self_report_23']"
24_DR-100_0100_1_sentence_9.wav,"[2, 4, 3, 3, 2, 7, 5, 1, 2]","[7, 7, 6, 5, 6, 9, 5, 5, 6]","['A1PUHCEBSOWETV', 'A3UWM3KJYEL5XU', 'A1FHS282JP487T', 'A2JP9IKRHNLRPI', 'A22QD6M0A2C77C', 'A12I4JOVZ1HZW8', 'A2CK0OXMPOR9LE', 'A1L98RD8AC1ST3', 'self_report_24']"
24_DR-100_0100_5_sentence_4.wav,"[2, 3, 2, 2, 2, 4, 4, 4, 5]","[4, 6, 6, 7, 3, 6, 5, 4, 5]","['A394S7JSNUA3TS', 'A2VRDE2FHCBMF8', 'A12I4JOVZ1HZW8', 'A1PUHCEBSOWETV', 'A22QD6M0A2C77C', 'A1ET2J1PIP0RGO', 'ARVXIBUCA8WDZ', 'A3UWM3KJYEL5XU', 'self_report_24']"
25_DR-100_0089_9_sentence_5.wav,"[2, 2, 2, 6, 4, 3, 3, 2, 4]","[5, 6, 4, 5, 4, 5, 3, 4, 4]","['A1FHS282JP487T', 'A1PUHCEBSOWETV', 'A394S7JSNUA3TS', 'A27SMEOPKV84VI', 'A2JP9IKRHNLRPI', 'A2CK0OXMPOR9LE', 'A27IABVBUZ9X8Z', 'A2KXARDIOGJL8T', 'self_report_25']"
27_DR-100_0090_3_sentence_17.wav,"[2, 9, 6, 4, 7, 6, 8, 7, 6]","[6, 7, 8, 8, 9, 7, 9, 2, 9]","['A1PUHCEBSOWETV', 'A3UWM3KJYEL5XU', 'A1FHS282JP487T', 'A27IABVBUZ9X8Z', 'A1ET2J1PIP0RGO', 'A394S7JSNUA3TS', 'A12I4JOVZ1HZW8', 'A1L98RD8AC1ST3', 'self_report_27']"
26_DR-100_0091_7_sentence_7.wav,"[2, 6, 4, 3, 7, 4, 2, 3, 8]","[6, 9, 5, 5, 6, 7, 7, 7, 8]","['A1PUHCEBSOWETV', 'A12I4JOVZ1HZW8', 'A2VRDE2FHCBMF8', 'A1HXEXQTZCJ1DW', 'A27SMEOPKV84VI', 'A1FHS282JP487T', 'A1L98RD8AC1ST3', 'A2NJ7N8INZOB00', 'self_report_26']"
24_DR-100_0100_9_sentence_6.wav,"[5, 2, 2, 5, 2, 3, 6, 3, 2]","[7, 7, 4, 6, 7, 7, 8, 6, 6]","['A3UWM3KJYEL5XU', 'A1PUHCEBSOWETV', 'A2VRDE2FHCBMF8', 'A2CK0OXMPOR9LE', 'ABI1EI8UQK6LK', 'A1FHS282JP487T', 'A12I4JOVZ1HZW8', 'A27IABVBUZ9X8Z', 'self_report_24']"
23_DR-100_0096_9_sentence_6.wav,"[4, 2, 4, 1, 3, 3, 3, 5, 6]","[6, 6, 7, 4, 5, 4, 7, 6, 7]","['A1FHS282JP487T', 'A1PUHCEBSOWETV', 'A3UWM3KJYEL5XU', 'A319HGTKM0UY0V', 'A2VRDE2FHCBMF8', 'A394S7JSNUA3TS', 'A2KXARDIOGJL8T', 'A1ET2J1PIP0RGO', 'self_report_23']"
27_DR-100_0090_3_sentence_6.wav,"[2, 4, 3, 4, 4, 4, 6, 2, 6]","[6, 7, 5, 5, 7, 5, 7, 5, 9]","['A1PUHCEBSOWETV', 'A1FHS282JP487T', 'A394S7JSNUA3TS', 'A2JP9IKRHNLRPI', 'A2CK0OXMPOR9LE', 'A2VRDE2FHCBMF8', 'A1B4KC5KP7FH1Z', 'ABI1EI8UQK6LK', 'self_report_27']"
24_DR-100_0100_9_sentence_8.wav,"[2, 2, 6, 1, 6, 3, 5, 3, 2]","[6, 6, 4, 3, 3, 4, 4, 2, 6]","['A1PUHCEBSOWETV', 'A1FHS282JP487T', 'A27SMEOPKV84VI', 'A1L98RD8AC1ST3', 'A2CK0OXMPOR9LE', 'ABI1EI8UQK6LK', 'A3UWM3KJYEL5XU', 'A2NJ7N8INZOB00', 'self_report_24']"
27_DR-100_0090_9_sentence_4.wav,"[7, 8, 2, 4, 5, 9, 7, 5, 5]","[7, 8, 6, 6, 9, 7, 7, 7, 8]","['A27SMEOPKV84VI', 'A3UWM3KJYEL5XU', 'A1PUHCEBSOWETV', 'A1FHS282JP487T', 'A1B4KC5KP7FH1Z', 'A2CK0OXMPOR9LE', 'A2VRDE2FHCBMF8', 'A2KXARDIOGJL8T', 'self_report_27']"
28_DR-100_0095_5_sentence_4.wav,"[5, 2, 3, 1, 2, 3, 2, 5, 6]","[2, 6, 3, 5, 3, 5, 4, 4, 6]","['A1PUHCEBSOWETV', 'A1FHS282JP487T', 'A12I4JOVZ1HZW8', 'A2VRDE2FHCBMF8', 'A27IABVBUZ9X8Z', 'A2CK0OXMPOR9LE', 'A1HXEXQTZCJ1DW', 'A1B4KC5KP7FH1Z', 'self_report_28']"
27_DR-100_0090_5_sentence_3.wav,"[4, 2, 7, 7, 2, 3, 6, 2, 5]","[6, 6, 7, 7, 5, 6, 6, 6, 7]","['A1FHS282JP487T', 'A1PUHCEBSOWETV', 'A3UWM3KJYEL5XU', 'A12I4JOVZ1HZW8', 'A394S7JSNUA3TS', 'A1HXEXQTZCJ1DW', 'A22QD6M0A2C77C', 'A2KXARDIOGJL8T', 'self_report_27']"
27_DR-100_0090_3_sentence_16.wav,"[7, 2, 5, 5, 6, 6, 8, 8, 6]","[3, 6, 7, 7, 7, 6, 5, 6, 9]","['A3UWM3KJYEL5XU', 'A1PUHCEBSOWETV', 'A1FHS282JP487T', 'A1B4KC5KP7FH1Z', 'A22QD6M0A2C77C', 'A2VRDE2FHCBMF8', 'A2CK0OXMPOR9LE', 'A319HGTKM0UY0V', 'self_report_27']"
25_DR-100_0089_5_sentence_3.wav,"[4, 3, 1, 2, 2, 3, 1, 1, 7]","[3, 5, 5, 5, 6, 6, 5, 5, 8]","['A1PUHCEBSOWETV', 'A2CK0OXMPOR9LE', 'A1L98RD8AC1ST3', 'A394S7JSNUA3TS', 'A1FHS282JP487T', 'A22QD6M0A2C77C', 'ABI1EI8UQK6LK', 'A2KXARDIOGJL8T', 'self_report_25']"
27_DR-100_0090_9_sentence_6.wav,"[3, 2, 4, 5, 5, 4, 5, 7, 5]","[6, 6, 4, 6, 5, 5, 4, 5, 8]","['A1FHS282JP487T', 'A1PUHCEBSOWETV', 'A394S7JSNUA3TS', 'A2JP9IKRHNLRPI', 'A27SMEOPKV84VI', 'ABI1EI8UQK6LK', 'A22QD6M0A2C77C', 'A2CK0OXMPOR9LE', 'self_report_27']"
23_DR-100_0096_3_sentence_3.wav,"[2, 3, 3, 3, 3, 2, 5, 1, 6]","[7, 5, 6, 5, 5, 4, 7, 2, 7]","['A1PUHCEBSOWETV', 'A2CK0OXMPOR9LE', 'A1FHS282JP487T', 'A2VRDE2FHCBMF8', 'A22QD6M0A2C77C', 'A394S7JSNUA3TS', 'A1B4KC5KP7FH1Z', 'A2NJ7N8INZOB00', 'self_report_23']"
24_DR-100_0100_1_sentence_2.wav,"[6, 4, 4, 2, 2, 3, 1, 5, 2]","[6, 3, 3, 6, 6, 7, 5, 4, 6]","['A1ET2J1PIP0RGO', 'A3UWM3KJYEL5XU', 'A2JP9IKRHNLRPI', 'A1PUHCEBSOWETV', 'A1FHS282JP487T', 'A12I4JOVZ1HZW8', 'A394S7JSNUA3TS', 'A22QD6M0A2C77C', 'self_report_24']"
21_DR-100_0089_5_sentence_4.wav,"[2, 2, 2, 4, 2, 2, 2, 4, 2]","[6, 7, 5, 4, 5, 5, 5, 5, 5]","['A3UWM3KJYEL5XU', 'A1PUHCEBSOWETV', 'A2VRDE2FHCBMF8', 'A1B4KC5KP7FH1Z', 'A22QD6M0A2C77C', 'A319HGTKM0UY0V', 'A1FHS282JP487T', 'A1ET2J1PIP0RGO', 'self_report_21']"
27_DR-100_0090_9_sentence_15.wav,"[6, 4, 2, 2, 5, 7, 3, 1, 5]","[6, 6, 7, 8, 5, 9, 6, 7, 8]","['A27SMEOPKV84VI', 'A1FHS282JP487T', 'A1PUHCEBSOWETV', 'ALQPGVQZEZSUE', 'A2VRDE2FHCBMF8', 'A12I4JOVZ1HZW8', 'A394S7JSNUA3TS', 'A2NJ7N8INZOB00', 'self_report_27']"
27_DR-100_0090_5_sentence_9.wav,"[5, 3, 6, 3, 5, 7, 5, 4, 5]","[7, 7, 5, 7, 7, 6, 6, 6, 7]","['A1FHS282JP487T', 'A1PUHCEBSOWETV', 'A1HXEXQTZCJ1DW', 'ABI1EI8UQK6LK', 'A1B4KC5KP7FH1Z', 'A2CK0OXMPOR9LE', 'A1ET2J1PIP0RGO', 'A27IABVBUZ9X8Z', 'self_report_27']"
25_DR-100_0089_1_sentence_4.wav,"[2, 2, 4, 4, 1, 6, 3, 3, 3]","[6, 5, 6, 6, 7, 8, 6, 7, 6]","['A1PUHCEBSOWETV', 'A2VRDE2FHCBMF8', 'A1FHS282JP487T', 'A3UWM3KJYEL5XU', 'A27IABVBUZ9X8Z', 'A12I4JOVZ1HZW8', 'A22QD6M0A2C77C', 'A394S7JSNUA3TS', 'self_report_25']"
24_DR-100_0100_1_sentence_11.wav,"[2, 2, 1, 3, 2, 5, 5, 3, 2]","[6, 6, 6, 5, 6, 6, 7, 7, 6]","['A1FHS282JP487T', 'A1PUHCEBSOWETV', 'A394S7JSNUA3TS', 'A2CK0OXMPOR9LE', 'A1B4KC5KP7FH1Z', 'A27SMEOPKV84VI', 'A27IABVBUZ9X8Z', 'A1L98RD8AC1ST3', 'self_report_24']"
23_DR-100_0096_5_sentence_1.wav,"[2, 3, 4, 2, 3, 3, 2, 2, 6]","[6, 5, 7, 6, 5, 5, 5, 5, 4]","['A1PUHCEBSOWETV', 'A27IABVBUZ9X8Z', 'A22QD6M0A2C77C', 'A1FHS282JP487T', 'A2VRDE2FHCBMF8', 'A2CK0OXMPOR9LE', 'A2KXARDIOGJL8T', 'A2NJ7N8INZOB00', 'self_report_23']"
21_DR-100_0089_9_sentence_8.wav,"[1, 2, 2, 1, 2, 2, 4, 3, 2]","[5, 6, 6, 6, 6, 5, 6, 5, 5]","['A1FHS282JP487T', 'A1PUHCEBSOWETV', 'A3UWM3KJYEL5XU', 'A394S7JSNUA3TS', 'A12I4JOVZ1HZW8', 'A2VRDE2FHCBMF8', 'A2JP9IKRHNLRPI', 'A2CK0OXMPOR9LE', 'self_report_21']"
26_DR-100_0091_1_sentence_3.wav,"[6, 2, 5, 3, 4, 3, 7, 2, 7]","[6, 6, 7, 6, 5, 6, 6, 6, 8]","['A1ET2J1PIP0RGO', 'A1PUHCEBSOWETV', 'A12I4JOVZ1HZW8', 'A1FHS282JP487T', 'A2VRDE2FHCBMF8', 'A1F1BIPJR11LSR', 'A2CK0OXMPOR9LE', 'A1FP3SH704X01V', 'self_report_26']"
26_DR-100_0091_7_sentence_12.wav,"[3, 6, 2, 6, 6, 4, 3, 3, 8]","[3, 8, 6, 7, 6, 6, 2, 7, 8]","['A3UWM3KJYEL5XU', 'A2VRDE2FHCBMF8', 'A1PUHCEBSOWETV', 'A2CK0OXMPOR9LE', 'A12I4JOVZ1HZW8', 'A1B4KC5KP7FH1Z', 'A1L98RD8AC1ST3', 'A1FHS282JP487T', 'self_report_26']"
26_DR-100_0091_9_sentence_8.wav,"[3, 2, 2, 7, 3, 5, 5, 3, 8]","[5, 6, 7, 6, 6, 6, 5, 6, 9]","['A3UWM3KJYEL5XU', 'A1FHS282JP487T', 'A1PUHCEBSOWETV', 'A27SMEOPKV84VI', 'A22QD6M0A2C77C', 'A1FP3SH704X01V', 'A2VRDE2FHCBMF8', 'A27IABVBUZ9X8Z', 'self_report_26']"
27_DR-100_0090_1_sentence_3.wav,"[2, 7, 4, 6, 4, 5, 3, 5, 4]","[6, 3, 7, 7, 2, 6, 4, 5, 6]","['A1PUHCEBSOWETV', 'A3UWM3KJYEL5XU', 'A1FHS282JP487T', 'A2CK0OXMPOR9LE', 'A22QD6M0A2C77C', 'A1B4KC5KP7FH1Z', 'A394S7JSNUA3TS', 'A2VRDE2FHCBMF8', 'self_report_27']"
21_DR-100_0089_5_sentence_1.wav,"[3, 2, 1, 3, 2, 1, 2, 2, 2]","[3, 6, 4, 6, 5, 5, 4, 4, 5]","['A3UWM3KJYEL5XU', 'A1PUHCEBSOWETV', 'A27IABVBUZ9X8Z', 'A1FHS282JP487T', 'A2CK0OXMPOR9LE', 'A1L98RD8AC1ST3', 'A394S7JSNUA3TS', 'A22QD6M0A2C77C', 'self_report_21']"
21_DR-100_0089_7_sentence_2.wav,"[1, 3, 2, 4, 5, 6, 2, 6, 2]","[5, 2, 6, 4, 3, 5, 4, 4, 5]","['A1FHS282JP487T', 'A3UWM3KJYEL5XU', 'A1PUHCEBSOWETV', 'A27SMEOPKV84VI', 'A2JP9IKRHNLRPI', 'A12I4JOVZ1HZW8', 'ABI1EI8UQK6LK', 'ARVXIBUCA8WDZ', 'self_report_21']"
26_DR-100_0091_9_sentence_1.wav,"[3, 2, 2, 7, 7, 2, 5, 4, 8]","[4, 6, 6, 7, 6, 6, 6, 6, 9]","['A3UWM3KJYEL5XU', 'A1PUHCEBSOWETV', 'A1FHS282JP487T', 'A2CK0OXMPOR9LE', 'A6FQHZ58DQ0S6', 'A2KXARDIOGJL8T', 'ARVXIBUCA8WDZ', 'A22QD6M0A2C77C', 'self_report_26']"
28_DR-100_0095_5_sentence_9.wav,"[2, 2, 3, 3, 3, 2, 1, 1, 6]","[6, 3, 4, 2, 5, 5, 4, 6, 6]","['A1PUHCEBSOWETV', 'A3UWM3KJYEL5XU', 'A394S7JSNUA3TS', 'A2JP9IKRHNLRPI', 'A2CK0OXMPOR9LE', 'A2VRDE2FHCBMF8', 'A2RYRS301XIZZD', 'A1FHS282JP487T', 'self_report_28']"
28_DR-100_0095_9_sentence_4.wav,"[4, 2, 2, 4, 4, 2, 2, 1, 6]","[4, 3, 4, 5, 3, 7, 4, 5, 7]","['A1PUHCEBSOWETV', 'A3UWM3KJYEL5XU', 'A2VRDE2FHCBMF8', 'A2CK0OXMPOR9LE', 'A2JP9IKRHNLRPI', 'A1FHS282JP487T', 'A394S7JSNUA3TS', 'A2KXARDIOGJL8T', 'self_report_28']"
26_DR-100_0091_7_sentence_4.wav,"[6, 2, 2, 2, 3, 6, 1, 5, 8]","[5, 6, 5, 6, 6, 6, 5, 6, 8]","['A27SMEOPKV84VI', 'A1PUHCEBSOWETV', 'A12I4JOVZ1HZW8', 'A27IABVBUZ9X8Z', 'A1FHS282JP487T', 'ARVXIBUCA8WDZ', 'A394S7JSNUA3TS', 'A1F1BIPJR11LSR', 'self_report_26']"
25_DR-100_0089_3_sentence_7.wav,"[3, 6, 2, 3, 3, 5, 5, 2, 5]","[6, 3, 6, 4, 4, 4, 3, 3, 4]","['A1FHS282JP487T', 'A3UWM3KJYEL5XU', 'A1PUHCEBSOWETV', 'A394S7JSNUA3TS', 'A2VRDE2FHCBMF8', 'A27SMEOPKV84VI', 'A6FQHZ58DQ0S6', 'A2NJ7N8INZOB00', 'self_report_25']"
21_DR-100_0089_1_sentence_2.wav,"[3, 4, 2, 4, 1, 1, 1, 1, 1]","[5, 6, 6, 5, 5, 5, 5, 5, 5]","['A2JP9IKRHNLRPI', 'A1FHS282JP487T', 'A1PUHCEBSOWETV', 'A1ET2J1PIP0RGO', 'A319HGTKM0UY0V', 'A27IABVBUZ9X8Z', 'A2NJ7N8INZOB00', 'A2KXARDIOGJL8T', 'self_report_21']"
24_DR-100_0100_1_sentence_10.wav,"[2, 3, 3, 5, 4, 4, 3, 2, 2]","[6, 7, 6, 7, 8, 7, 7, 8, 6]","['A1PUHCEBSOWETV', 'A394S7JSNUA3TS', 'A1FHS282JP487T', 'A3UWM3KJYEL5XU', 'A27IABVBUZ9X8Z', 'A22QD6M0A2C77C', 'A1L98RD8AC1ST3', 'A1HXEXQTZCJ1DW', 'self_report_24']"
27_DR-100_0090_3_sentence_15.wav,"[5, 6, 7, 6, 2, 4, 8, 7, 6]","[7, 7, 6, 9, 6, 3, 7, 6, 9]","['A1FHS282JP487T', 'A1ET2J1PIP0RGO', 'A2VRDE2FHCBMF8', 'A12I4JOVZ1HZW8', 'A1PUHCEBSOWETV', 'A22QD6M0A2C77C', 'A2CK0OXMPOR9LE', 'A394S7JSNUA3TS', 'self_report_27']"
25_DR-100_0089_7_sentence_7.wav,"[5, 2, 3, 3, 2, 3, 2, 3, 5]","[6, 6, 5, 7, 7, 6, 4, 8, 7]","['A1ET2J1PIP0RGO', 'A1PUHCEBSOWETV', 'A2CK0OXMPOR9LE', 'A1HXEXQTZCJ1DW', 'ABI1EI8UQK6LK', 'A2VRDE2FHCBMF8', 'A2KXARDIOGJL8T', 'A22QD6M0A2C77C', 'self_report_25']"
27_DR-100_0090_9_sentence_11.wav,"[5, 4, 2, 5, 7, 4, 4, 4, 5]","[6, 7, 6, 6, 7, 6, 6, 7, 8]","['A1ET2J1PIP0RGO', 'A1FHS282JP487T', 'A1PUHCEBSOWETV', 'A2VRDE2FHCBMF8', 'A27IABVBUZ9X8Z', 'A1F1BIPJR11LSR', 'A1FP3SH704X01V', 'A2KXARDIOGJL8T', 'self_report_27']"
27_DR-100_0090_5_sentence_1.wav,"[2, 5, 5, 3, 3, 3, 6, 3, 5]","[6, 5, 6, 4, 6, 5, 5, 6, 7]","['A1PUHCEBSOWETV', 'A3UWM3KJYEL5XU', 'A12I4JOVZ1HZW8', 'A27IABVBUZ9X8Z', 'A1FHS282JP487T', 'A394S7JSNUA3TS', 'A2CK0OXMPOR9LE', 'A22QD6M0A2C77C', 'self_report_27']"
24_DR-100_0100_5_sentence_8.wav,"[2, 4, 2, 2, 7, 2, 4, 2, 5]","[6, 6, 6, 4, 8, 3, 3, 3, 5]","['A1PUHCEBSOWETV', 'A3UWM3KJYEL5XU', 'A1FHS282JP487T', 'A2VRDE2FHCBMF8', 'A12I4JOVZ1HZW8', 'A1HXEXQTZCJ1DW', 'A22QD6M0A2C77C', 'A2NJ7N8INZOB00', 'self_report_24']"
21_DR-100_0089_1_sentence_6.wav,"[6, 2, 3, 1, 4, 2, 7, 1, 1]","[6, 6, 8, 6, 6, 6, 8, 8, 5]","['A27SMEOPKV84VI', 'A1PUHCEBSOWETV', 'A22QD6M0A2C77C', 'A394S7JSNUA3TS', 'A2JP9IKRHNLRPI', 'A1FHS282JP487T', 'A12I4JOVZ1HZW8', 'A1L98RD8AC1ST3', 'self_report_21']"
24_DR-100_0100_7_sentence_8.wav,"[2, 4, 5, 6, 6, 6, 1, 2, 2]","[6, 7, 5, 5, 4, 5, 6, 6, 5]","['A1PUHCEBSOWETV', 'A2VRDE2FHCBMF8', 'A2JP9IKRHNLRPI', 'A27SMEOPKV84VI', 'A1ET2J1PIP0RGO', 'A2CK0OXMPOR9LE', 'A394S7JSNUA3TS', 'A27IABVBUZ9X8Z', 'self_report_24']"
10_DR-100_0074_9_sentence_5.wav,"[4, 5, 3, 2, 5, 5, 5, 3, 8]","[6, 6, 7, 6, 7, 6, 7, 6, 7]","['A2I3Y0L38HMQLZ', 'A27SMEOPKV84VI', 'A22QD6M0A2C77C', 'A1PUHCEBSOWETV', 'A1ET2J1PIP0RGO', 'AA9V4NE8SOA4I', 'A2JP9IKRHNLRPI', 'A27PBC5O3Z5ZED', 'self_report_10']"
01_DR-100_0079_1_sentence_1.wav,"[2, 2, 3, 4, 3, 3, 2, 6, 7]","[6, 6, 7, 6, 5, 6, 5, 5, 8]","['A2VRDE2FHCBMF8', 'A394S7JSNUA3TS', 'A1PUHCEBSOWETV', 'A2B8HPIZDKYKDR', 'AFDC9A6Z60W2Z', 'ARVXIBUCA8WDZ', 'A2MUCL20GTQJA0', 'A27SMEOPKV84VI', 'self_report_01']"
02_DR-100_0070_1_sentence_4.wav,"[3, 4, 2, 2, 4, 3, 6, 3, 7]","[6, 6, 6, 5, 5, 7, 6, 7, 6]","['A27SMEOPKV84VI', 'A2I3Y0L38HMQLZ', 'A1PUHCEBSOWETV', 'A2VRDE2FHCBMF8', 'A2TBXASXZIRNNW', 'A394S7JSNUA3TS', 'A1Y0Y6U906ABT5', 'A2MUCL20GTQJA0', 'self_report_02']"
05_DR-100_0072_1_sentence_8.wav,"[3, 4, 7, 2, 4, 5, 6, 6, 7]","[6, 7, 7, 6, 6, 7, 7, 7, 4]","['A2VRDE2FHCBMF8', 'A22QD6M0A2C77C', 'AA9V4NE8SOA4I', 'A1PUHCEBSOWETV', 'A27PBC5O3Z5ZED', 'A1F1BIPJR11LSR', 'A3UWM3KJYEL5XU', 'A2NJ7N8INZOB00', 'self_report_05']"
03_DR-100_0071_9_sentence_4.wav,"[8, 3, 6, 7, 7, 6, 2, 6, 3]","[1, 4, 2, 2, 7, 2, 6, 3, 4]","['A2TBXASXZIRNNW', 'A2VRDE2FHCBMF8', 'A2JP9IKRHNLRPI', 'AHZPOM46IUJ2N', 'ARVXIBUCA8WDZ', 'A3UWM3KJYEL5XU', 'A1PUHCEBSOWETV', 'A3G0T5Y7OSC76S', 'self_report_03']"
07_DR-100_0076_9_sentence_8.wav,"[3, 5, 1, 2, 5, 2, 1, 5, 3]","[6, 6, 9, 6, 5, 6, 6, 7, 6]","['A1FHS282JP487T', 'A1ET2J1PIP0RGO', 'A1PZ1YZAQEXRSQ', 'A1FP3SH704X01V', 'A2MUCL20GTQJA0', 'A1PUHCEBSOWETV', 'A2FFNO6G4FEE2N', 'A3UWM3KJYEL5XU', 'self_report_07']"
05_DR-100_0072_1_sentence_3.wav,"[6, 3, 5, 3, 2, 5, 3, 5, 7]","[7, 6, 7, 6, 6, 7, 6, 7, 4]","['ARVXIBUCA8WDZ', 'A3GLUDQZGEJL5G', 'A1B4KC5KP7FH1Z', 'A1FHS282JP487T', 'A2EOOF9D135HQ1', 'A2I3Y0L38HMQLZ', 'A27PBC5O3Z5ZED', 'A2JP9IKRHNLRPI', 'self_report_05']"
08_DR-100_0077_1_sentence_3.wav,"[4, 5, 2, 3, 2, 3, 4, 3, 5]","[5, 4, 6, 6, 4, 6, 4, 4, 6]","['ARVXIBUCA8WDZ', 'A1B4KC5KP7FH1Z', 'A1PUHCEBSOWETV', 'A2TJGFPBFEIXMJ', 'A394S7JSNUA3TS', 'A27PBC5O3Z5ZED', 'A2JP9IKRHNLRPI', 'A2FFNO6G4FEE2N', 'self_report_08']"
03_DR-100_0071_1_sentence_7.wav,"[6, 2, 2, 3, 7, 4, 3, 7, 4]","[9, 4, 6, 5, 6, 4, 7, 8, 5]","['A2B6WQG0A9CKXQ', 'A394S7JSNUA3TS', 'A1PUHCEBSOWETV', 'A2VRDE2FHCBMF8', 'A27SMEOPKV84VI', 'A27PBC5O3Z5ZED', 'A1FP3SH704X01V', 'A3UWM3KJYEL5XU', 'self_report_03']"
01_DR-100_0079_5_sentence_3.wav,"[5, 2, 4, 3, 4, 5, 2, 2, 3, 5]","[3, 6, 6, 4, 3, 3, 6, 4, 3, 4]","['A2JP9IKRHNLRPI', 'A1PUHCEBSOWETV', 'AHZPOM46IUJ2N', 'A394S7JSNUA3TS', 'A3UWM3KJYEL5XU', 'A1B4KC5KP7FH1Z', 'A1FHS282JP487T', 'A3GLUDQZGEJL5G', 'A1HXEXQTZCJ1DW', 'self_report_01']"
02_DR-100_0070_5_sentence_5.wav,"[3, 3, 1, 2, 2, 2, 4, 1, 8]","[6, 5, 6, 5, 6, 4, 6, 5, 7]","['AHZPOM46IUJ2N', 'A2VRDE2FHCBMF8', 'A2EOOF9D135HQ1', 'A3KCUB6P3IE8NL', 'A1FHS282JP487T', 'A1FP3SH704X01V', 'A1ET2J1PIP0RGO', 'A10GZ0SWBZIRBK', 'self_report_02']"
08_DR-100_0077_9_sentence_8.wav,"[2, 3, 2, 5, 4, 2, 6, 3, 4]","[6, 6, 6, 6, 6, 7, 6, 6, 6]","['A20ALQT1HIVSAH', 'A27PBC5O3Z5ZED', 'A1PUHCEBSOWETV', 'A1ET2J1PIP0RGO', 'A1F1BIPJR11LSR', 'A2FFNO6G4FEE2N', 'A27SMEOPKV84VI', 'A1FHS282JP487T', 'self_report_08']"
06_DR-100_0073_7_sentence_9.wav,"[5, 5, 4, 5, 3, 5, 6, 2, 5]","[5, 6, 7, 5, 6, 6, 6, 3, 5]","['AEO84PDSWW0W', 'A1ET2J1PIP0RGO', 'A2TJGFPBFEIXMJ', 'A2B6WQG0A9CKXQ', 'AFDC9A6Z60W2Z', 'A2B8HPIZDKYKDR', 'A2NJ7N8INZOB00', 'A3GLUDQZGEJL5G', 'self_report_06']"
05_DR-100_0072_5_sentence_7.wav,"[2, 7, 4, 6, 5, 5, 2, 4, 8]","[6, 3, 6, 6, 6, 6, 6, 7, 9]","['A1PUHCEBSOWETV', 'A2TBXASXZIRNNW', 'AFDC9A6Z60W2Z', 'A2NJ7N8INZOB00', 'ARVXIBUCA8WDZ', 'A2JP9IKRHNLRPI', 'A20ALQT1HIVSAH', 'A3UWM3KJYEL5XU', 'self_report_05']"
04_DR-100_0075_9_sentence_7.wav,"[5, 5, 5, 6, 3, 5, 5, 4, 5]","[7, 7, 5, 7, 6, 7, 7, 7, 7]","['A2MUCL20GTQJA0', 'A27PBC5O3Z5ZED', 'AFDC9A6Z60W2Z', 'A2NBVTY6FLBEAF', 'A20ALQT1HIVSAH', 'A2FFNO6G4FEE2N', 'A1F1BIPJR11LSR', 'AU6C9UNNFJALY', 'self_report_04']"
01_DR-100_0079_7_sentence_8.wav,"[1, 4, 2, 3, 1, 2, 4, 3, 7]","[7, 6, 5, 6, 5, 6, 6, 7, 7]","['A1PZ1YZAQEXRSQ', 'A2I3Y0L38HMQLZ', 'A1FHS282JP487T', 'A27PBC5O3Z5ZED', 'A2EOOF9D135HQ1', 'A1PUHCEBSOWETV', 'A27SMEOPKV84VI', 'A22QD6M0A2C77C', 'self_report_01']"
06_DR-100_0073_1_sentence_5.wav,"[5, 3, 3, 8, 6, 2, 3, 4, 6, 6]","[6, 7, 6, 2, 5, 6, 5, 6, 5, 6]","['ADLYO655RWJUI', 'A1PZ1YZAQEXRSQ', 'A1Y0Y6U906ABT5', 'A2TBXASXZIRNNW', 'A27SMEOPKV84VI', 'A2F48NO7AD9VKK', 'A2VRDE2FHCBMF8', 'AFDC9A6Z60W2Z', 'A1B4KC5KP7FH1Z', 'self_report_06']"
09_DR-100_0078_9_sentence_2.wav,"[2, 3, 3, 2, 3, 3, 3, 1, 4]","[4, 6, 4, 3, 5, 4, 6, 6, 6]","['AU6C9UNNFJALY', 'A27PBC5O3Z5ZED', 'AHZPOM46IUJ2N', 'A2B8HPIZDKYKDR', 'A1Y0Y6U906ABT5', 'A1F1BIPJR11LSR', 'A1FHS282JP487T', 'A2FFNO6G4FEE2N', 'self_report_09']"
03_DR-100_0071_7_sentence_9.wav,"[6, 5, 6, 6, 3, 3, 8, 8, 3]","[6, 4, 6, 6, 7, 2, 7, 5, 5]","['A2B6WQG0A9CKXQ', 'A27PBC5O3Z5ZED', 'A1B4KC5KP7FH1Z', 'A22QD6M0A2C77C', 'A1PUHCEBSOWETV', 'A10GZ0SWBZIRBK', 'A2I3Y0L38HMQLZ', 'A27SMEOPKV84VI', 'self_report_03']"
09_DR-100_0078_7_sentence_2.wav,"[1, 2, 3, 4, 3, 3, 3, 3, 5]","[6, 6, 7, 6, 9, 4, 7, 8, 6]","['A20ALQT1HIVSAH', 'A1PUHCEBSOWETV', 'A27SMEOPKV84VI', 'ARVXIBUCA8WDZ', 'A2B6WQG0A9CKXQ', 'A1F1BIPJR11LSR', 'AFDC9A6Z60W2Z', 'A22QD6M0A2C77C', 'self_report_09']"
03_DR-100_0071_5_sentence_4.wav,"[7, 4, 5, 6, 9, 5, 7, 5, 3]","[3, 3, 2, 6, 1, 3, 3, 6, 5]","['A2I3Y0L38HMQLZ', 'A394S7JSNUA3TS', 'A3G0T5Y7OSC76S', 'A2TJGFPBFEIXMJ', 'A2TBXASXZIRNNW', 'A27PBC5O3Z5ZED', 'AHZPOM46IUJ2N', 'A3GLUDQZGEJL5G', 'self_report_03']"
05_DR-100_0072_1_sentence_4.wav,"[2, 6, 8, 2, 2, 5, 3, 6, 7]","[6, 5, 2, 7, 7, 8, 5, 7, 4]","['A1PUHCEBSOWETV', 'A27SMEOPKV84VI', 'A2TBXASXZIRNNW', 'A22QD6M0A2C77C', 'A1HXEXQTZCJ1DW', 'A3G0T5Y7OSC76S', 'A3GLUDQZGEJL5G', 'AHZPOM46IUJ2N', 'self_report_05']"
05_DR-100_0072_9_sentence_7.wav,"[4, 3, 5, 2, 5, 2, 5, 3, 7]","[2, 4, 6, 6, 4, 5, 2, 6, 7]","['A2B6WQG0A9CKXQ', 'A2NBVTY6FLBEAF', 'A27PBC5O3Z5ZED', 'A1PUHCEBSOWETV', 'A2B8HPIZDKYKDR', 'A2EOOF9D135HQ1', 'A2JP9IKRHNLRPI', 'A1FHS282JP487T', 'self_report_05']"
02_DR-100_0070_3_sentence_4.wav,"[4, 3, 3, 2, 2, 3, 5, 1, 8]","[5, 5, 7, 7, 6, 3, 6, 5, 6]","['A2TBXASXZIRNNW', 'ARVXIBUCA8WDZ', 'A22QD6M0A2C77C', 'A1HXEXQTZCJ1DW', 'A1PUHCEBSOWETV', 'AA9V4NE8SOA4I', 'A27SMEOPKV84VI', 'A2EOOF9D135HQ1', 'self_report_02']"
03_DR-100_0071_1_sentence_2.wav,"[3, 2, 4, 4, 5, 5, 3, 6, 5, 4]","[6, 3, 4, 1, 6, 1, 6, 9, 7, 5]","['A394S7JSNUA3TS', 'A3GLUDQZGEJL5G', 'A2VRDE2FHCBMF8', 'A1PUHCEBSOWETV', 'A2JP9IKRHNLRPI', 'A20ALQT1HIVSAH', 'A1FHS282JP487T', 'A1B4KC5KP7FH1Z', 'A2871R3LEPWMMK', 'self_report_03']"
06_DR-100_0073_5_sentence_4.wav,"[3, 4, 3, 1, 2, 5, 6, 4, 6]","[6, 6, 4, 4, 6, 4, 3, 4, 4]","['A27PBC5O3Z5ZED', 'A2MUCL20GTQJA0', 'A2VRDE2FHCBMF8', 'A2F48NO7AD9VKK', 'A1PUHCEBSOWETV', 'AFDC9A6Z60W2Z', 'A3UWM3KJYEL5XU', 'AEO84PDSWW0W', 'self_report_06']"
01_DR-100_0079_5_sentence_1.wav,"[2, 7, 6, 1, 4, 5, 2, 4, 5]","[6, 6, 5, 5, 5, 4, 6, 5, 4]","['A1PUHCEBSOWETV', 'A2NBVTY6FLBEAF', 'A2TBXASXZIRNNW', 'A2EOOF9D135HQ1', 'AHZPOM46IUJ2N', 'A2I3Y0L38HMQLZ', 'A3GLUDQZGEJL5G', 'ARVXIBUCA8WDZ', 'self_report_01']"
05_DR-100_0072_1_sentence_7.wav,"[6, 2, 3, 5, 2, 3, 8, 6, 7]","[7, 7, 5, 4, 4, 6, 5, 3, 4]","['A3G0T5Y7OSC76S', 'A1PUHCEBSOWETV', 'A2VRDE2FHCBMF8', 'AA9V4NE8SOA4I', 'A3GLUDQZGEJL5G', 'A27PBC5O3Z5ZED', 'A2B6WQG0A9CKXQ', 'A2NJ7N8INZOB00', 'self_report_05']"
10_DR-100_0074_9_sentence_13.wav,"[5, 2, 6, 2, 3, 6, 4, 5, 8]","[6, 6, 7, 6, 4, 5, 7, 6, 7]","['A27SMEOPKV84VI', 'A1PUHCEBSOWETV', 'A1ET2J1PIP0RGO', 'A1FHS282JP487T', 'A2NBVTY6FLBEAF', 'A2TBXASXZIRNNW', 'A2I3Y0L38HMQLZ', 'ARVXIBUCA8WDZ', 'self_report_10']"
07_DR-100_0076_3_sentence_6.wav,"[2, 5, 5, 4, 4, 2, 2, 2, 6]","[7, 6, 6, 7, 8, 6, 8, 7, 4]","['A1PUHCEBSOWETV', 'A2JP9IKRHNLRPI', 'A1ET2J1PIP0RGO', 'AFDC9A6Z60W2Z', 'A2TJGFPBFEIXMJ', 'A3KCUB6P3IE8NL', 'A2EOOF9D135HQ1', 'A394S7JSNUA3TS', 'self_report_07']"
01_DR-100_0079_5_sentence_6.wav,"[3, 3, 3, 3, 6, 2, 1, 3, 5]","[5, 7, 4, 7, 4, 6, 5, 5, 4]","['A2VRDE2FHCBMF8', 'A3UWM3KJYEL5XU', 'A2FFNO6G4FEE2N', 'A20ALQT1HIVSAH', 'AA9V4NE8SOA4I', 'A1PUHCEBSOWETV', 'A2EOOF9D135HQ1', 'A27PBC5O3Z5ZED', 'self_report_01']"
07_DR-100_0076_7_sentence_1.wav,"[2, 5, 5, 3, 5, 5, 2, 3, 5]","[6, 7, 7, 6, 6, 6, 7, 8, 6]","['A1PUHCEBSOWETV', 'A2JP9IKRHNLRPI', 'AA9V4NE8SOA4I', 'AFDC9A6Z60W2Z', 'ARVXIBUCA8WDZ', 'A27SMEOPKV84VI', 'A2FFNO6G4FEE2N', 'A22QD6M0A2C77C', 'self_report_07']"
09_DR-100_0078_3_sentence_3.wav,"[2, 2, 2, 3, 2, 3, 3, 4, 5, 6]","[2, 6, 6, 4, 4, 4, 5, 4, 4, 4]","['A2NBVTY6FLBEAF', 'A1PUHCEBSOWETV', 'A1FHS282JP487T', 'AFDC9A6Z60W2Z', 'A3KCUB6P3IE8NL', 'A2VRDE2FHCBMF8', 'A27PBC5O3Z5ZED', 'A2NJ7N8INZOB00', 'A2JP9IKRHNLRPI', 'self_report_09']"
07_DR-100_0076_7_sentence_2.wav,"[4, 4, 2, 3, 3, 7, 3, 3, 5]","[3, 6, 6, 6, 7, 5, 6, 9, 6]","['A1PUHCEBSOWETV', 'A27SMEOPKV84VI', 'A1FHS282JP487T', 'A2VRDE2FHCBMF8', 'A2NBVTY6FLBEAF', 'A2TBXASXZIRNNW', 'A27PBC5O3Z5ZED', 'A2B6WQG0A9CKXQ', 'self_report_07']"
01_DR-100_0079_7_sentence_10.wav,"[2, 7, 3, 3, 4, 2, 4, 3, 7]","[6, 5, 5, 4, 5, 4, 1, 4, 7]","['A1PUHCEBSOWETV', 'A2TBXASXZIRNNW', 'ARVXIBUCA8WDZ', 'A1Y0Y6U906ABT5', 'A27PBC5O3Z5ZED', 'A10GZ0SWBZIRBK', 'A2B6WQG0A9CKXQ', 'AEO84PDSWW0W', 'self_report_01']"
02_DR-100_0070_3_sentence_7.wav,"[2, 4, 5, 2, 2, 2, 3, 2, 8]","[5, 5, 6, 6, 6, 5, 5, 3, 6]","['A2NBVTY6FLBEAF', 'A27SMEOPKV84VI', 'A2JP9IKRHNLRPI', 'A1PUHCEBSOWETV', 'A394S7JSNUA3TS', 'AFDC9A6Z60W2Z', 'A1Y0Y6U906ABT5', 'A3GLUDQZGEJL5G', 'self_report_02']"
06_DR-100_0073_3_sentence_3.wav,"[2, 7, 3, 3, 4, 6, 5, 4, 5]","[7, 3, 6, 6, 9, 7, 6, 6, 7]","['A20ALQT1HIVSAH', 'A2TBXASXZIRNNW', 'A27PBC5O3Z5ZED', 'A1FHS282JP487T', 'A2B6WQG0A9CKXQ', 'A3UWM3KJYEL5XU', 'A2JP9IKRHNLRPI', 'A22QD6M0A2C77C', 'self_report_06']"
02_DR-100_0070_5_sentence_6.wav,"[3, 2, 2, 3, 2, 7, 3, 4, 8]","[6, 6, 7, 4, 7, 7, 7, 7, 7]","['A27PBC5O3Z5ZED', 'A1PUHCEBSOWETV', 'A2TJGFPBFEIXMJ', 'ARVXIBUCA8WDZ', 'A2FFNO6G4FEE2N', 'A2TBXASXZIRNNW', 'AHZPOM46IUJ2N', 'A2I3Y0L38HMQLZ', 'self_report_02']"
03_DR-100_0071_3_sentence_4.wav,"[3, 2, 5, 8, 6, 5, 8, 5, 6]","[6, 3, 1, 1, 2, 3, 2, 3, 4]","['A1FHS282JP487T', 'A1FP3SH704X01V', 'A20ALQT1HIVSAH', 'A2B8HPIZDKYKDR', 'A22QD6M0A2C77C', 'A1ET2J1PIP0RGO', 'A2I3Y0L38HMQLZ', 'A1HXEXQTZCJ1DW', 'self_report_03']"
06_DR-100_0073_7_sentence_5.wav,"[2, 6, 8, 3, 7, 6, 6, 5, 5]","[6, 7, 6, 5, 6, 8, 7, 5, 5]","['A20ALQT1HIVSAH', 'A2MUCL20GTQJA0', 'A2TBXASXZIRNNW', 'A2EOOF9D135HQ1', 'ARVXIBUCA8WDZ', 'A1Y0Y6U906ABT5', 'A2NBVTY6FLBEAF', 'A1ET2J1PIP0RGO', 'self_report_06']"
08_DR-100_0077_9_sentence_4.wav,"[3, 2, 3, 4, 5, 2, 4, 2, 4]","[4, 4, 5, 5, 4, 4, 5, 5, 6]","['A27PBC5O3Z5ZED', 'A2F48NO7AD9VKK', 'A2VRDE2FHCBMF8', 'A3G0T5Y7OSC76S', 'A2I3Y0L38HMQLZ', 'A1HXEXQTZCJ1DW', 'A27SMEOPKV84VI', 'A2B6WQG0A9CKXQ', 'self_report_08']"
06_DR-100_0073_9_sentence_4.wav,"[6, 4, 1, 3, 5, 5, 5, 2, 4]","[7, 5, 6, 8, 7, 9, 7, 6, 7]","['A27SMEOPKV84VI', 'A2VRDE2FHCBMF8', 'A2F48NO7AD9VKK', 'A2NJ7N8INZOB00', 'A2I3Y0L38HMQLZ', 'A3G0T5Y7OSC76S', 'A1HXEXQTZCJ1DW', 'A2EOOF9D135HQ1', 'self_report_06']"
08_DR-100_0077_5_sentence_3.wav,"[5, 3, 3, 6, 3, 2, 5, 2, 6]","[3, 6, 4, 7, 3, 4, 4, 5, 5]","['A2JP9IKRHNLRPI', 'A1FHS282JP487T', 'A2FFNO6G4FEE2N', 'A2TBXASXZIRNNW', 'A2B8HPIZDKYKDR', 'AHZPOM46IUJ2N', 'A27SMEOPKV84VI', 'A3GLUDQZGEJL5G', 'self_report_08']"
09_DR-100_0078_1_sentence_6.wav,"[2, 2, 2, 1, 5, 2, 2, 4, 5]","[6, 6, 6, 6, 6, 6, 6, 7, 6]","['AHZPOM46IUJ2N', 'A394S7JSNUA3TS', 'A1PUHCEBSOWETV', 'A2EOOF9D135HQ1', 'A2JP9IKRHNLRPI', 'AFDC9A6Z60W2Z', 'A20ALQT1HIVSAH', 'A1ET2J1PIP0RGO', 'self_report_09']"
09_DR-100_0078_9_sentence_9.wav,"[1, 3, 2, 2, 2, 2, 1, 2, 4]","[4, 5, 5, 6, 5, 6, 6, 5, 6]","['A3GLUDQZGEJL5G', 'A2VRDE2FHCBMF8', 'A27PBC5O3Z5ZED', 'A20ALQT1HIVSAH', 'AFDC9A6Z60W2Z', 'A1PUHCEBSOWETV', 'A2F48NO7AD9VKK', 'A1HXEXQTZCJ1DW', 'self_report_09']"
05_DR-100_0072_7_sentence_1.wav,"[3, 1, 2, 1, 3, 1, 1, 4, 7]","[5, 5, 6, 5, 5, 6, 5, 6, 7]","['A2VRDE2FHCBMF8', 'A10GZ0SWBZIRBK', 'A1PUHCEBSOWETV', 'A394S7JSNUA3TS', 'A2T007HZK66WM', 'A32U64W0S9PUA3', 'A2EOOF9D135HQ1', 'AA9V4NE8SOA4I', 'self_report_05']"
08_DR-100_0077_3_sentence_1.wav,"[5, 3, 2, 1, 2, 4, 5, 2, 6]","[3, 4, 6, 4, 3, 3, 3, 5, 5]","['A27SMEOPKV84VI', 'ARVXIBUCA8WDZ', 'A1PUHCEBSOWETV', 'A2T007HZK66WM', 'AFDC9A6Z60W2Z', 'A2JP9IKRHNLRPI', 'A2I3Y0L38HMQLZ', 'A3GLUDQZGEJL5G', 'self_report_08']"
03_DR-100_0071_5_sentence_1.wav,"[5, 2, 4, 4, 3, 5, 6, 5, 3]","[3, 3, 3, 3, 3, 4, 2, 5, 5]","['ACJ6NSCIWMUZI', 'A3GLUDQZGEJL5G', 'A394S7JSNUA3TS', 'A22QD6M0A2C77C', 'A1FP3SH704X01V', 'A2VRDE2FHCBMF8', 'A2JP9IKRHNLRPI', 'AFDC9A6Z60W2Z', 'self_report_03']"
02_DR-100_0070_7_sentence_5.wav,"[4, 4, 2, 1, 2, 1, 4, 2, 7]","[6, 6, 6, 5, 5, 4, 6, 6, 5]","['A27SMEOPKV84VI', 'A2B8HPIZDKYKDR', 'A2EOOF9D135HQ1', 'A32U64W0S9PUA3', 'AFDC9A6Z60W2Z', 'A10GZ0SWBZIRBK', 'A22QD6M0A2C77C', 'A1FHS282JP487T', 'self_report_02']"
05_DR-100_0072_9_sentence_5.wav,"[6, 2, 3, 5, 3, 2, 4, 2, 7]","[7, 6, 5, 6, 7, 6, 6, 7, 7]","['A27SMEOPKV84VI', 'A1PUHCEBSOWETV', 'A2VRDE2FHCBMF8', 'A1B4KC5KP7FH1Z', 'A1PZ1YZAQEXRSQ', 'A394S7JSNUA3TS', 'A27PBC5O3Z5ZED', 'A2NBVTY6FLBEAF', 'self_report_05']"
09_DR-100_0078_9_sentence_5.wav,"[2, 1, 4, 3, 3, 3, 1, 3, 4]","[6, 5, 5, 6, 3, 5, 5, 5, 6]","['A1PUHCEBSOWETV', 'A2EOOF9D135HQ1', 'A1ET2J1PIP0RGO', 'A1FHS282JP487T', 'A2B8HPIZDKYKDR', 'A1Y0Y6U906ABT5', 'A394S7JSNUA3TS', 'A2NJ7N8INZOB00', 'self_report_09']"
08_DR-100_0077_7_sentence_6.wav,"[2, 2, 7, 5, 2, 3, 6, 4, 4]","[5, 5, 7, 5, 5, 3, 5, 6, 5]","['A1PUHCEBSOWETV', 'A2B6WQG0A9CKXQ', 'A2TBXASXZIRNNW', 'A2JP9IKRHNLRPI', 'A3KCUB6P3IE8NL', 'A1PZ1YZAQEXRSQ', 'A27SMEOPKV84VI', 'A27PBC5O3Z5ZED', 'self_report_08']"
06_DR-100_0073_9_sentence_7.wav,"[2, 6, 2, 6, 2, 3, 4, 6, 4]","[6, 7, 6, 8, 4, 4, 7, 4, 7]","['A1PUHCEBSOWETV', 'ARVXIBUCA8WDZ', 'A2F48NO7AD9VKK', 'AA9V4NE8SOA4I', 'A394S7JSNUA3TS', 'A3UWM3KJYEL5XU', 'A2B6WQG0A9CKXQ', 'A2NJ7N8INZOB00', 'self_report_06']"
07_DR-100_0076_7_sentence_12.wav,"[3, 1, 1, 1, 2, 2, 2, 2, 5]","[7, 6, 6, 5, 6, 6, 4, 6, 6]","['A2NBVTY6FLBEAF', 'A27SMEOPKV84VI', 'A2TJGFPBFEIXMJ', 'A1FHS282JP487T', 'A20ALQT1HIVSAH', 'A1PUHCEBSOWETV', 'A3GLUDQZGEJL5G', 'AHZPOM46IUJ2N', 'self_report_07']"
02_DR-100_0070_3_sentence_5.wav,"[1, 2, 2, 5, 2, 2, 4, 4, 8]","[4, 6, 5, 5, 3, 4, 6, 3, 6]","['A2B6WQG0A9CKXQ', 'A1PUHCEBSOWETV', 'A20ALQT1HIVSAH', 'A2TBXASXZIRNNW', 'A2NJ7N8INZOB00', 'A394S7JSNUA3TS', 'A1ET2J1PIP0RGO', 'A22QD6M0A2C77C', 'self_report_02']"
05_DR-100_0072_3_sentence_8.wav,"[3, 5, 3, 2, 6, 4, 7, 3, 6]","[6, 5, 6, 6, 6, 6, 9, 6, 6]","['AHZPOM46IUJ2N', 'ARVXIBUCA8WDZ', 'A3KCUB6P3IE8NL', 'A394S7JSNUA3TS', 'AA9V4NE8SOA4I', 'A3UWM3KJYEL5XU', 'A2B6WQG0A9CKXQ', 'A2FFNO6G4FEE2N', 'self_report_05']"
02_DR-100_0070_5_sentence_4.wav,"[2, 2, 4, 4, 2, 3, 3, 2, 8]","[6, 5, 5, 5, 5, 5, 5, 5, 7]","['A1PUHCEBSOWETV', 'A1FP3SH704X01V', 'A1F1BIPJR11LSR', 'A2NJ7N8INZOB00', 'A1Y0Y6U906ABT5', 'A3UWM3KJYEL5XU', 'AA9V4NE8SOA4I', 'A27SMEOPKV84VI', 'self_report_02']"
02_DR-100_0070_7_sentence_6.wav,"[2, 3, 3, 2, 4, 1, 4, 3, 7]","[3, 3, 2, 5, 4, 5, 3, 3, 5]","['A1HXEXQTZCJ1DW', 'AHZPOM46IUJ2N', 'A394S7JSNUA3TS', 'A1FHS282JP487T', 'ARVXIBUCA8WDZ', 'A2EOOF9D135HQ1', 'A2NJ7N8INZOB00', 'A27SMEOPKV84VI', 'self_report_02']"
05_DR-100_0072_9_sentence_9.wav,"[3, 5, 6, 3, 4, 6, 3, 3, 7]","[6, 6, 7, 8, 6, 7, 7, 6, 7]","['A2I3Y0L38HMQLZ', 'A27SMEOPKV84VI', 'ARVXIBUCA8WDZ', 'A1PZ1YZAQEXRSQ', 'A27PBC5O3Z5ZED', 'AA9V4NE8SOA4I', 'A394S7JSNUA3TS', 'A22QD6M0A2C77C', 'self_report_05']"
03_DR-100_0071_3_sentence_5.wav,"[2, 2, 5, 5, 6, 5, 2, 5, 6]","[5, 4, 6, 7, 5, 6, 4, 4, 4]","['A1FHS282JP487T', 'A10GZ0SWBZIRBK', 'A1ET2J1PIP0RGO', 'AHZPOM46IUJ2N', 'A3GLUDQZGEJL5G', 'A2VRDE2FHCBMF8', 'A2F48NO7AD9VKK', 'A27PBC5O3Z5ZED', 'self_report_03']"
10_DR-100_0074_5_sentence_1.wav,"[2, 3, 2, 2, 2, 3, 2, 3, 6]","[4, 3, 5, 4, 2, 4, 4, 4, 7]","['AEO84PDSWW0W', 'A2B8HPIZDKYKDR', 'A2F48NO7AD9VKK', 'A2EOOF9D135HQ1', 'A2NJ7N8INZOB00', 'A2VRDE2FHCBMF8', 'A1FP3SH704X01V', 'AFDC9A6Z60W2Z', 'self_report_10']"
06_DR-100_0073_7_sentence_7.wav,"[9, 2, 7, 1, 2, 4, 4, 3, 5]","[3, 2, 4, 6, 4, 7, 4, 4, 5]","['A2TBXASXZIRNNW', 'A3GLUDQZGEJL5G', 'A3UWM3KJYEL5XU', 'A2EOOF9D135HQ1', 'A20ALQT1HIVSAH', 'A1ET2J1PIP0RGO', 'A2I3Y0L38HMQLZ', 'AU6C9UNNFJALY', 'self_report_06']"
02_DR-100_0070_5_sentence_9.wav,"[2, 2, 2, 4, 2, 5, 2, 4, 8]","[7, 7, 7, 3, 9, 7, 6, 7, 7]","['A2B8HPIZDKYKDR', 'A2FFNO6G4FEE2N', 'A1PUHCEBSOWETV', 'A22QD6M0A2C77C', 'A1PZ1YZAQEXRSQ', 'A1Y0Y6U906ABT5', 'A3GLUDQZGEJL5G', 'A2I3Y0L38HMQLZ', 'self_report_02']"
03_DR-100_0071_3_sentence_7.wav,"[2, 2, 7, 3, 4, 5, 3, 6, 6]","[6, 6, 6, 6, 7, 6, 7, 5, 4]","['A1PZ1YZAQEXRSQ', 'A1PUHCEBSOWETV', 'A2NBVTY6FLBEAF', 'A20ALQT1HIVSAH', 'A2B8HPIZDKYKDR', 'A1ET2J1PIP0RGO', 'A1HXEXQTZCJ1DW', 'ARVXIBUCA8WDZ', 'self_report_03']"
04_DR-100_0075_3_sentence_7.wav,"[4, 7, 2, 2, 4, 5, 4, 4, 5]","[5, 4, 4, 6, 3, 6, 6, 4, 7]","['A394S7JSNUA3TS', 'A2FFNO6G4FEE2N', 'AFDC9A6Z60W2Z', 'A1PUHCEBSOWETV', 'A22QD6M0A2C77C', 'A27PBC5O3Z5ZED', 'A1FHS282JP487T', 'A2I3Y0L38HMQLZ', 'self_report_04']"
04_DR-100_0075_1_sentence_10.wav,"[2, 2, 5, 3, 1, 6, 6, 4, 5]","[5, 6, 6, 6, 5, 4, 5, 6, 7]","['A20ALQT1HIVSAH', 'A1PUHCEBSOWETV', 'A1ET2J1PIP0RGO', 'A1HXEXQTZCJ1DW', 'A394S7JSNUA3TS', 'A2JP9IKRHNLRPI', 'A27SMEOPKV84VI', 'A27PBC5O3Z5ZED', 'self_report_04']"
05_DR-100_0072_3_sentence_5.wav,"[2, 6, 2, 1, 7, 3, 4, 3, 6]","[7, 7, 6, 6, 3, 6, 5, 6, 6]","['A1HXEXQTZCJ1DW', 'AA9V4NE8SOA4I', 'A1PUHCEBSOWETV', 'A2F48NO7AD9VKK', 'A2TBXASXZIRNNW', 'A2TJGFPBFEIXMJ', 'A2VRDE2FHCBMF8', 'A22QD6M0A2C77C', 'self_report_05']"
04_DR-100_0075_7_sentence_2.wav,"[6, 1, 5, 6, 4, 6, 6, 6, 5]","[5, 5, 7, 5, 6, 4, 5, 6, 7]","['A27SMEOPKV84VI', 'A2F48NO7AD9VKK', 'A27PBC5O3Z5ZED', 'ARVXIBUCA8WDZ', 'A2TJGFPBFEIXMJ', 'AA9V4NE8SOA4I', 'A2NJ7N8INZOB00', 'AHZPOM46IUJ2N', 'self_report_04']"
01_DR-100_0079_3_sentence_9.wav,"[2, 3, 2, 3, 5, 3, 5, 6, 5, 3]","[6, 6, 6, 5, 6, 6, 4, 7, 4, 3]","['AU6C9UNNFJALY', 'A27PBC5O3Z5ZED', 'A1PUHCEBSOWETV', 'A22QD6M0A2C77C', 'A2I3Y0L38HMQLZ', 'A1FHS282JP487T', 'A2TBXASXZIRNNW', 'A2NBVTY6FLBEAF', 'A2JP9IKRHNLRPI', 'self_report_01']"
09_DR-100_0078_9_sentence_7.wav,"[4, 6, 1, 3, 3, 3, 2, 5, 4]","[5, 5, 5, 6, 5, 5, 5, 5, 6]","['A2I3Y0L38HMQLZ', 'A2TBXASXZIRNNW', 'A20ALQT1HIVSAH', 'AHZPOM46IUJ2N', 'ARVXIBUCA8WDZ', 'A2NBVTY6FLBEAF', 'A1Y0Y6U906ABT5', 'A2JP9IKRHNLRPI', 'self_report_09']"
10_DR-100_0074_7_sentence_4.wav,"[4, 2, 3, 3, 6, 5, 5, 3, 8]","[4, 6, 5, 3, 2, 4, 3, 4, 3]","['A27PBC5O3Z5ZED', 'A1PUHCEBSOWETV', 'ARVXIBUCA8WDZ', 'A2T007HZK66WM', 'A1Y0Y6U906ABT5', 'AHZPOM46IUJ2N', 'A2B8HPIZDKYKDR', 'AA9V4NE8SOA4I', 'self_report_10']"
08_DR-100_0077_9_sentence_5.wav,"[2, 3, 5, 5, 2, 3, 6, 3, 4]","[4, 4, 3, 3, 6, 6, 6, 3, 6]","['AHZPOM46IUJ2N', 'A1HXEXQTZCJ1DW', 'A27SMEOPKV84VI', 'A22QD6M0A2C77C', 'A1PUHCEBSOWETV', 'A3GLUDQZGEJL5G', 'ARVXIBUCA8WDZ', 'A2B6WQG0A9CKXQ', 'self_report_08']"
06_DR-100_0073_5_sentence_6.wav,"[5, 3, 8, 4, 4, 4, 2, 7, 6]","[6, 5, 2, 4, 4, 3, 7, 6, 4]","['AHZPOM46IUJ2N', 'A20ALQT1HIVSAH', 'A2TBXASXZIRNNW', 'A3G0T5Y7OSC76S', 'A27PBC5O3Z5ZED', 'A394S7JSNUA3TS', 'A1PUHCEBSOWETV', 'ARVXIBUCA8WDZ', 'self_report_06']"
02_DR-100_0070_5_sentence_8.wav,"[3, 2, 7, 3, 2, 2, 3, 2, 8]","[4, 5, 3, 5, 6, 3, 5, 5, 7]","['AEO84PDSWW0W', 'A2B8HPIZDKYKDR', 'A2TBXASXZIRNNW', 'ARVXIBUCA8WDZ', 'A1PUHCEBSOWETV', 'A3GLUDQZGEJL5G', 'A2B6WQG0A9CKXQ', 'A3UWM3KJYEL5XU', 'self_report_02']"
07_DR-100_0076_9_sentence_9.wav,"[4, 3, 2, 2, 3, 3, 1, 4, 3]","[6, 2, 3, 6, 4, 4, 3, 2, 6]","['A27SMEOPKV84VI', 'A2B8HPIZDKYKDR', 'A2EOOF9D135HQ1', 'A1PUHCEBSOWETV', 'A394S7JSNUA3TS', 'A3KCUB6P3IE8NL', 'A2F48NO7AD9VKK', 'A2I3Y0L38HMQLZ', 'self_report_07']"
05_DR-100_0072_1_sentence_1.wav,"[3, 2, 6, 2, 5, 4, 6, 4, 7]","[5, 6, 4, 6, 7, 6, 6, 6, 4]","['A2MUCL20GTQJA0', 'A1PUHCEBSOWETV', 'A2TBXASXZIRNNW', 'A1FP3SH704X01V', 'A1ET2J1PIP0RGO', 'A1F1BIPJR11LSR', 'A2B6WQG0A9CKXQ', 'A3UWM3KJYEL5XU', 'self_report_05']"
04_DR-100_0075_9_sentence_6.wav,"[6, 7, 6, 1, 4, 4, 4, 1, 5]","[5, 5, 4, 4, 3, 3, 4, 5, 7]","['ARVXIBUCA8WDZ', 'A27SMEOPKV84VI', 'A2NBVTY6FLBEAF', 'A2F48NO7AD9VKK', 'A1PZ1YZAQEXRSQ', 'A2T007HZK66WM', 'A1ET2J1PIP0RGO', 'A10GZ0SWBZIRBK', 'self_report_04']"
10_DR-100_0074_3_sentence_6.wav,"[2, 4, 6, 4, 5, 2, 2, 1, 7]","[6, 6, 4, 4, 5, 6, 6, 5, 4]","['AHZPOM46IUJ2N', 'A2MUCL20GTQJA0', 'A2TBXASXZIRNNW', 'A27SMEOPKV84VI', 'A2NJ7N8INZOB00', 'A1PUHCEBSOWETV', 'A1FHS282JP487T', 'A2EOOF9D135HQ1', 'self_report_10']"
04_DR-100_0075_3_sentence_5.wav,"[4, 2, 2, 6, 6, 3, 4, 6, 5]","[6, 6, 2, 2, 4, 6, 3, 5, 7]","['A22QD6M0A2C77C', 'A1PUHCEBSOWETV', 'A3GLUDQZGEJL5G', 'A2B6WQG0A9CKXQ', 'A1ET2J1PIP0RGO', 'A1FHS282JP487T', 'A2T007HZK66WM', 'A2TBXASXZIRNNW', 'self_report_04']"
04_DR-100_0075_1_sentence_4.wav,"[8, 3, 3, 3, 5, 5, 2, 2, 5]","[3, 5, 4, 4, 7, 3, 6, 5, 7]","['A2TBXASXZIRNNW', 'A2VRDE2FHCBMF8', 'A2T007HZK66WM', 'A1HXEXQTZCJ1DW', 'A2MUCL20GTQJA0', 'A1Y0Y6U906ABT5', 'A1FHS282JP487T', 'A2EOOF9D135HQ1', 'self_report_04']"
07_DR-100_0076_7_sentence_10.wav,"[2, 2, 3, 5, 4, 3, 2, 4, 5]","[7, 3, 6, 6, 7, 9, 7, 6, 6]","['A20ALQT1HIVSAH', 'A3GLUDQZGEJL5G', 'A27PBC5O3Z5ZED', 'A2TBXASXZIRNNW', 'A27SMEOPKV84VI', 'A2B6WQG0A9CKXQ', 'A1HXEXQTZCJ1DW', 'A2I3Y0L38HMQLZ', 'self_report_07']"
01_DR-100_0079_3_sentence_4.wav,"[1, 2, 4, 2, 1, 4, 2, 1, 3]","[5, 5, 5, 7, 5, 7, 6, 5, 3]","['A20ALQT1HIVSAH', 'A2B8HPIZDKYKDR', 'A27SMEOPKV84VI', 'A2FFNO6G4FEE2N', 'A10GZ0SWBZIRBK', 'AA9V4NE8SOA4I', 'A1FHS282JP487T', 'A1FP3SH704X01V', 'self_report_01']"
02_DR-100_0070_7_sentence_4.wav,"[3, 6, 1, 1, 2, 2, 1, 3, 7]","[7, 7, 5, 5, 7, 6, 6, 6, 5]","['A20ALQT1HIVSAH', 'AA9V4NE8SOA4I', 'A2EOOF9D135HQ1', 'A1FHS282JP487T', 'A2TJGFPBFEIXMJ', 'A3KCUB6P3IE8NL', 'A10GZ0SWBZIRBK', 'A2MUCL20GTQJA0', 'self_report_02']"
09_DR-100_0078_7_sentence_1.wav,"[3, 1, 2, 2, 2, 3, 3, 1, 5]","[6, 6, 6, 6, 7, 6, 5, 5, 6]","['ARVXIBUCA8WDZ', 'A2F48NO7AD9VKK', 'A1FHS282JP487T', 'A1PUHCEBSOWETV', 'A10GZ0SWBZIRBK', 'A2B8HPIZDKYKDR', 'A2VRDE2FHCBMF8', 'A2EOOF9D135HQ1', 'self_report_09']"
01_DR-100_0079_7_sentence_6.wav,"[4, 2, 2, 5, 2, 3, 3, 4, 7]","[4, 6, 6, 5, 8, 8, 6, 6, 7]","['ARVXIBUCA8WDZ', 'A1Y0Y6U906ABT5', 'A1FHS282JP487T', 'A2JP9IKRHNLRPI', 'A2B6WQG0A9CKXQ', 'A2FFNO6G4FEE2N', 'A27PBC5O3Z5ZED', 'A2NJ7N8INZOB00', 'self_report_01']"
01_DR-100_0079_1_sentence_2.wav,"[5, 2, 2, 1, 2, 4, 3, 3, 7]","[5, 5, 6, 5, 6, 5, 5, 6, 8]","['A2TBXASXZIRNNW', 'A1FP3SH704X01V', 'A1PUHCEBSOWETV', 'A1HXEXQTZCJ1DW', 'A1FHS282JP487T', 'ARVXIBUCA8WDZ', 'A2TJGFPBFEIXMJ', 'AHZPOM46IUJ2N', 'self_report_01']"
04_DR-100_0075_9_sentence_8.wav,"[3, 4, 7, 2, 7, 4, 6, 3, 5]","[5, 7, 5, 7, 4, 5, 6, 5, 7]","['A2VRDE2FHCBMF8', 'A2MUCL20GTQJA0', 'A27SMEOPKV84VI', 'A1PUHCEBSOWETV', 'A2TBXASXZIRNNW', 'A1Y0Y6U906ABT5', 'A2B8HPIZDKYKDR', 'A2F48NO7AD9VKK', 'self_report_04']"
07_DR-100_0076_5_sentence_4.wav,"[2, 7, 5, 4, 2, 3, 5, 3, 4]","[6, 5, 3, 4, 4, 4, 3, 6, 5]","['A1PUHCEBSOWETV', 'A2TBXASXZIRNNW', 'A3UWM3KJYEL5XU', 'AHZPOM46IUJ2N', 'A20ALQT1HIVSAH', 'A27PBC5O3Z5ZED', 'A1B4KC5KP7FH1Z', 'A1FHS282JP487T', 'self_report_07']"
05_DR-100_0072_5_sentence_6.wav,"[2, 6, 3, 5, 2, 7, 4, 3, 8]","[7, 7, 8, 8, 6, 3, 7, 6, 9]","['A2TJGFPBFEIXMJ', 'A2B8HPIZDKYKDR', 'A394S7JSNUA3TS', 'AHZPOM46IUJ2N', 'A2EOOF9D135HQ1', 'A2TBXASXZIRNNW', 'AFDC9A6Z60W2Z', 'A27PBC5O3Z5ZED', 'self_report_05']"
08_DR-100_0077_7_sentence_8.wav,"[6, 3, 2, 6, 2, 3, 3, 5, 4]","[6, 5, 5, 6, 6, 6, 5, 4, 5]","['A1ET2J1PIP0RGO', 'A2VRDE2FHCBMF8', 'A394S7JSNUA3TS', 'ARVXIBUCA8WDZ', 'A2TJGFPBFEIXMJ', 'A27PBC5O3Z5ZED', 'A2B6WQG0A9CKXQ', 'AA9V4NE8SOA4I', 'self_report_08']"
05_DR-100_0072_3_sentence_4.wav,"[2, 2, 5, 2, 5, 3, 2, 5, 6]","[6, 6, 6, 6, 7, 8, 6, 6, 6]","['A1FP3SH704X01V', 'A1FHS282JP487T', 'A2JP9IKRHNLRPI', 'A2F48NO7AD9VKK', 'A1ET2J1PIP0RGO', 'A1PUHCEBSOWETV', 'AFDC9A6Z60W2Z', 'A1F1BIPJR11LSR', 'self_report_05']"
05_DR-100_0072_9_sentence_6.wav,"[6, 2, 1, 3, 5, 5, 6, 3, 7]","[7, 6, 5, 6, 4, 5, 3, 5, 7]","['ARVXIBUCA8WDZ', 'A1PUHCEBSOWETV', 'A10GZ0SWBZIRBK', 'A1FHS282JP487T', 'A2MUCL20GTQJA0', 'A27SMEOPKV84VI', 'A2B6WQG0A9CKXQ', 'A3GLUDQZGEJL5G', 'self_report_05']"
09_DR-100_0078_9_sentence_8.wav,"[4, 2, 3, 2, 5, 3, 2, 2, 4]","[4, 2, 5, 4, 4, 5, 6, 5, 6]","['ARVXIBUCA8WDZ', 'A3GLUDQZGEJL5G', 'A2VRDE2FHCBMF8', 'A20ALQT1HIVSAH', 'A2TBXASXZIRNNW', 'A3G0T5Y7OSC76S', 'A1PUHCEBSOWETV', 'A2B6WQG0A9CKXQ', 'self_report_09']"
01_DR-100_0079_7_sentence_7.wav,"[3, 2, 5, 5, 3, 6, 2, 4, 2, 7]","[6, 6, 7, 8, 6, 4, 6, 6, 6, 7]","['A27SMEOPKV84VI', 'A1PUHCEBSOWETV', 'A2I3Y0L38HMQLZ', 'A2JP9IKRHNLRPI', 'A27PBC5O3Z5ZED', 'A2TBXASXZIRNNW', 'A20ALQT1HIVSAH', 'A3GLUDQZGEJL5G', 'A1HXEXQTZCJ1DW', 'self_report_01']"
03_DR-100_0071_3_sentence_6.wav,"[6, 4, 5, 3, 4, 6, 5, 2, 6]","[6, 6, 4, 6, 6, 2, 2, 6, 4]","['A2I3Y0L38HMQLZ', 'A27PBC5O3Z5ZED', 'A2TJGFPBFEIXMJ', 'A10GZ0SWBZIRBK', 'A2EOOF9D135HQ1', 'A2JP9IKRHNLRPI', 'AA9V4NE8SOA4I', 'A1FHS282JP487T', 'self_report_03']"
07_DR-100_0076_7_sentence_7.wav,"[3, 4, 6, 2, 1, 4, 2, 2, 5]","[6, 5, 6, 6, 5, 6, 5, 7, 6]","['A2VRDE2FHCBMF8', 'ARVXIBUCA8WDZ', 'A2TBXASXZIRNNW', 'A1PUHCEBSOWETV', 'A2EOOF9D135HQ1', 'A2MUCL20GTQJA0', 'A27PBC5O3Z5ZED', 'A1HXEXQTZCJ1DW', 'self_report_07']"
02_DR-100_0070_7_sentence_7.wav,"[2, 5, 2, 2, 2, 2, 3, 3, 7]","[6, 4, 3, 6, 3, 1, 4, 4, 5]","['A1PUHCEBSOWETV', 'A2I3Y0L38HMQLZ', 'A2T007HZK66WM', 'A1FHS282JP487T', 'AHZPOM46IUJ2N', 'A2B6WQG0A9CKXQ', 'A2VRDE2FHCBMF8', 'A3G0T5Y7OSC76S', 'self_report_02']"
10_DR-100_0074_3_sentence_7.wav,"[4, 5, 5, 3, 3, 1, 3, 4, 7]","[5, 7, 4, 6, 5, 5, 8, 6, 4]","['A27SMEOPKV84VI', 'A2JP9IKRHNLRPI', 'AA9V4NE8SOA4I', 'A1Y0Y6U906ABT5', 'A2VRDE2FHCBMF8', 'A2F48NO7AD9VKK', 'AU6C9UNNFJALY', 'AFDC9A6Z60W2Z', 'self_report_10']"
10_DR-100_0074_9_sentence_6.wav,"[6, 5, 2, 3, 4, 5, 1, 5, 8]","[7, 6, 6, 6, 5, 5, 4, 6, 7]","['A1ET2J1PIP0RGO', 'A2B8HPIZDKYKDR', 'A1PUHCEBSOWETV', 'AFDC9A6Z60W2Z', 'A2VRDE2FHCBMF8', 'A27SMEOPKV84VI', 'A2F48NO7AD9VKK', 'A3UWM3KJYEL5XU', 'self_report_10']"
04_DR-100_0075_9_sentence_5.wav,"[5, 5, 5, 2, 5, 6, 5, 6, 5]","[6, 6, 5, 5, 4, 9, 4, 7, 7]","['A27PBC5O3Z5ZED', 'A2B6WQG0A9CKXQ', 'A2B8HPIZDKYKDR', 'A3GLUDQZGEJL5G', 'A2I3Y0L38HMQLZ', 'A3APMO8WXVH1V0', 'A1HXEXQTZCJ1DW', 'A27SMEOPKV84VI', 'self_report_04']"
07_DR-100_0076_1_sentence_5.wav,"[1, 2, 4, 2, 3, 1, 2, 6, 5]","[5, 7, 6, 6, 7, 6, 7, 5, 6]","['A1FHS282JP487T', 'A1HXEXQTZCJ1DW', 'A27SMEOPKV84VI', 'A1PUHCEBSOWETV', 'A2TBXASXZIRNNW', 'A10GZ0SWBZIRBK', 'A2B6WQG0A9CKXQ', 'A2NBVTY6FLBEAF', 'self_report_07']"
01_DR-100_0079_5_sentence_7.wav,"[4, 2, 3, 2, 4, 2, 4, 2, 5]","[6, 6, 6, 6, 6, 5, 6, 6, 4]","['A2JP9IKRHNLRPI', 'A20ALQT1HIVSAH', 'A2TJGFPBFEIXMJ', 'A1FP3SH704X01V', 'A27PBC5O3Z5ZED', 'A3GLUDQZGEJL5G', 'A3UWM3KJYEL5XU', 'A1FHS282JP487T', 'self_report_01']"
03_DR-100_0071_5_sentence_2.wav,"[7, 3, 2, 4, 8, 6, 4, 7, 3]","[5, 6, 7, 3, 4, 2, 6, 3, 5]","['A27SMEOPKV84VI', 'A1FHS282JP487T', 'A1PUHCEBSOWETV', 'A2EOOF9D135HQ1', 'A2MUCL20GTQJA0', 'A2B8HPIZDKYKDR', 'A2VRDE2FHCBMF8', 'A2I3Y0L38HMQLZ', 'self_report_03']"
10_DR-100_0074_7_sentence_3.wav,"[7, 2, 4, 6, 4, 5, 6, 4, 8]","[4, 4, 6, 3, 6, 4, 2, 2, 3]","['A2TBXASXZIRNNW', 'A1FP3SH704X01V', 'AHZPOM46IUJ2N', 'A2JP9IKRHNLRPI', 'A1FHS282JP487T', 'A1PZ1YZAQEXRSQ', 'A2NBVTY6FLBEAF', 'A2B6WQG0A9CKXQ', 'self_report_10']"
06_DR-100_0073_9_sentence_1.wav,"[5, 5, 3, 5, 1, 3, 5, 3, 4]","[6, 7, 5, 7, 6, 6, 6, 6, 7]","['A27SMEOPKV84VI', 'ARVXIBUCA8WDZ', 'A2VRDE2FHCBMF8', 'AHZPOM46IUJ2N', 'A394S7JSNUA3TS', 'A1FHS282JP487T', 'A2JP9IKRHNLRPI', 'A27PBC5O3Z5ZED', 'self_report_06']"
03_DR-100_0071_3_sentence_3.wav,"[8, 5, 3, 3, 2, 5, 5, 2, 6]","[1, 7, 9, 6, 7, 7, 7, 4, 4]","['A2TBXASXZIRNNW', 'A2B8HPIZDKYKDR', 'A2TJGFPBFEIXMJ', 'A1FHS282JP487T', 'A2F48NO7AD9VKK', 'AA9V4NE8SOA4I', 'A1ET2J1PIP0RGO', 'A3GLUDQZGEJL5G', 'self_report_03']"
01_DR-100_0079_3_sentence_2.wav,"[1, 3, 2, 2, 4, 5, 3, 1, 3]","[3, 5, 6, 3, 6, 4, 3, 4, 3]","['A2F48NO7AD9VKK', 'A27PBC5O3Z5ZED', 'A1PUHCEBSOWETV', 'A1PZ1YZAQEXRSQ', 'A2TJGFPBFEIXMJ', 'A1ET2J1PIP0RGO', 'A1F1BIPJR11LSR', 'A3GLUDQZGEJL5G', 'self_report_01']"
05_DR-100_0072_9_sentence_3.wav,"[7, 3, 2, 6, 3, 2, 6, 3, 6, 7]","[3, 5, 7, 6, 7, 6, 5, 7, 3, 7]","['A2TBXASXZIRNNW', 'A2VRDE2FHCBMF8', 'A20ALQT1HIVSAH', 'ARVXIBUCA8WDZ', 'A2FFNO6G4FEE2N', 'A1PUHCEBSOWETV', 'A27SMEOPKV84VI', 'A2NBVTY6FLBEAF', 'A6FQHZ58DQ0S6', 'self_report_05']"
01_DR-100_0079_5_sentence_4.wav,"[3, 4, 3, 2, 2, 5, 3, 2, 5]","[4, 7, 6, 6, 6, 6, 5, 6, 4]","['A2VRDE2FHCBMF8', 'AHZPOM46IUJ2N', 'A2TJGFPBFEIXMJ', 'A1PUHCEBSOWETV', 'A2T007HZK66WM', 'A1Y0Y6U906ABT5', 'A27PBC5O3Z5ZED', 'A1HXEXQTZCJ1DW', 'self_report_01']"
01_DR-100_0079_3_sentence_5.wav,"[5, 2, 2, 4, 5, 5, 3, 3, 3]","[5, 3, 5, 5, 4, 6, 5, 6, 3]","['A2NBVTY6FLBEAF', 'A1PUHCEBSOWETV', 'A1FHS282JP487T', 'A1ET2J1PIP0RGO', 'A1B4KC5KP7FH1Z', 'A2JP9IKRHNLRPI', 'A3G0T5Y7OSC76S', 'A2B6WQG0A9CKXQ', 'self_report_01']"
09_DR-100_0078_7_sentence_4.wav,"[5, 2, 2, 2, 2, 1, 3, 3, 5]","[7, 6, 6, 9, 7, 7, 6, 4, 6]","['A2JP9IKRHNLRPI', 'AFDC9A6Z60W2Z', 'A2TJGFPBFEIXMJ', 'A1PZ1YZAQEXRSQ', 'A1HXEXQTZCJ1DW', 'A10GZ0SWBZIRBK', 'A22QD6M0A2C77C', 'ARVXIBUCA8WDZ', 'self_report_09']"
08_DR-100_0077_1_sentence_12.wav,"[2, 3, 4, 2, 2, 3, 4, 1, 5]","[6, 5, 6, 6, 5, 6, 5, 5, 6]","['A1PUHCEBSOWETV', 'A2VRDE2FHCBMF8', 'A2MUCL20GTQJA0', 'A1FP3SH704X01V', 'A3KCUB6P3IE8NL', 'A2B8HPIZDKYKDR', 'A2NBVTY6FLBEAF', 'A2EOOF9D135HQ1', 'self_report_08']"
03_DR-100_0071_1_sentence_1.wav,"[6, 2, 5, 5, 4, 2, 7, 5, 4]","[8, 6, 7, 5, 6, 7, 6, 7, 5]","['A1B4KC5KP7FH1Z', 'A1FP3SH704X01V', 'A2FFNO6G4FEE2N', 'AFDC9A6Z60W2Z', 'A1FHS282JP487T', 'A1PUHCEBSOWETV', 'A2B6WQG0A9CKXQ', 'A1ET2J1PIP0RGO', 'self_report_03']"
07_DR-100_0076_5_sentence_5.wav,"[3, 1, 2, 1, 2, 2, 2, 2, 4]","[4, 6, 4, 6, 6, 6, 8, 6, 5]","['ARVXIBUCA8WDZ', 'A2F48NO7AD9VKK', 'A3GLUDQZGEJL5G', 'A2T007HZK66WM', 'A1PUHCEBSOWETV', 'A3KCUB6P3IE8NL', 'A2B6WQG0A9CKXQ', 'A1FHS282JP487T', 'self_report_07']"
07_DR-100_0076_3_sentence_2.wav,"[3, 2, 1, 6, 2, 2, 4, 3, 6]","[7, 6, 7, 7, 6, 8, 7, 8, 4]","['AHZPOM46IUJ2N', 'A1PUHCEBSOWETV', 'A394S7JSNUA3TS', 'ARVXIBUCA8WDZ', 'A2EOOF9D135HQ1', 'A3G0T5Y7OSC76S', 'A27PBC5O3Z5ZED', 'A22QD6M0A2C77C', 'self_report_07']"
08_DR-100_0077_9_sentence_7.wav,"[3, 2, 2, 2, 5, 3, 3, 5, 4]","[4, 4, 7, 4, 3, 4, 2, 5, 6]","['A2VRDE2FHCBMF8', 'A394S7JSNUA3TS', 'A1PUHCEBSOWETV', 'A2EOOF9D135HQ1', 'A2JP9IKRHNLRPI', 'AFDC9A6Z60W2Z', 'A22QD6M0A2C77C', 'ARVXIBUCA8WDZ', 'self_report_08']"
08_DR-100_0077_5_sentence_4.wav,"[4, 2, 2, 2, 5, 3, 1, 4, 6]","[5, 6, 6, 6, 8, 8, 6, 6, 5]","['A2NBVTY6FLBEAF', 'A1FHS282JP487T', 'AHZPOM46IUJ2N', 'A1PUHCEBSOWETV', 'A2TBXASXZIRNNW', 'A22QD6M0A2C77C', 'A2EOOF9D135HQ1', 'A2FFNO6G4FEE2N', 'self_report_08']"
08_DR-100_0077_3_sentence_2.wav,"[3, 2, 6, 2, 6, 3, 2, 1, 6]","[4, 4, 7, 3, 6, 6, 3, 6, 5]","['ARVXIBUCA8WDZ', 'A27PBC5O3Z5ZED', 'AA9V4NE8SOA4I', 'A3GLUDQZGEJL5G', 'A2I3Y0L38HMQLZ', 'A27SMEOPKV84VI', 'A2NJ7N8INZOB00', 'A2F48NO7AD9VKK', 'self_report_08']"
03_DR-100_0071_7_sentence_10.wav,"[2, 7, 6, 4, 6, 4, 6, 2, 3]","[6, 8, 3, 7, 7, 4, 7, 7, 5]","['A1PUHCEBSOWETV', 'AHZPOM46IUJ2N', 'A2JP9IKRHNLRPI', 'A394S7JSNUA3TS', 'A1ET2J1PIP0RGO', 'A2VRDE2FHCBMF8', 'A2FFNO6G4FEE2N', 'A2F48NO7AD9VKK', 'self_report_03']"
05_DR-100_0072_3_sentence_7.wav,"[6, 6, 5, 2, 5, 3, 3, 3, 6]","[4, 6, 4, 6, 6, 4, 4, 7, 6]","['A2TBXASXZIRNNW', 'A2I3Y0L38HMQLZ', 'A2VRDE2FHCBMF8', 'A1PUHCEBSOWETV', 'AHZPOM46IUJ2N', 'A1HXEXQTZCJ1DW', 'AU6C9UNNFJALY', 'A3G0T5Y7OSC76S', 'self_report_05']"
07_DR-100_0076_1_sentence_1.wav,"[3, 6, 2, 5, 1, 1, 5, 3, 5]","[5, 4, 5, 6, 5, 4, 4, 5, 6]","['A1PZ1YZAQEXRSQ', 'A1ET2J1PIP0RGO', 'A2T007HZK66WM', 'ARVXIBUCA8WDZ', 'A10GZ0SWBZIRBK', 'AU6C9UNNFJALY', 'A22QD6M0A2C77C', 'A2EOOF9D135HQ1', 'self_report_07']"
03_DR-100_0071_7_sentence_3.wav,"[5, 4, 6, 4, 8, 7, 5, 8, 3]","[8, 7, 9, 3, 7, 7, 4, 6, 5]","['A2B8HPIZDKYKDR', 'A22QD6M0A2C77C', 'A1Y0Y6U906ABT5', 'A2EOOF9D135HQ1', 'A2NBVTY6FLBEAF', 'ARVXIBUCA8WDZ', 'A2VRDE2FHCBMF8', 'A27SMEOPKV84VI', 'self_report_03']"
06_DR-100_0073_3_sentence_4.wav,"[2, 2, 3, 4, 6, 1, 4, 3, 5]","[6, 7, 4, 4, 6, 4, 7, 6, 7]","['A1PUHCEBSOWETV', 'A20ALQT1HIVSAH', 'A1ET2J1PIP0RGO', 'A3UWM3KJYEL5XU', 'AA9V4NE8SOA4I', 'A2EOOF9D135HQ1', 'A1F1BIPJR11LSR', 'A2TJGFPBFEIXMJ', 'self_report_06']"
08_DR-100_0077_1_sentence_9.wav,"[2, 3, 2, 4, 3, 3, 5, 3, 5]","[5, 6, 6, 5, 2, 6, 3, 6, 6]","['A20ALQT1HIVSAH', 'A1FHS282JP487T', 'A1PUHCEBSOWETV', 'ARVXIBUCA8WDZ', 'A2B8HPIZDKYKDR', 'A1HXEXQTZCJ1DW', 'A2JP9IKRHNLRPI', 'A27PBC5O3Z5ZED', 'self_report_08']"
04_DR-100_0075_1_sentence_6.wav,"[3, 4, 4, 6, 4, 3, 3, 4, 5]","[6, 4, 5, 5, 5, 4, 5, 5, 7]","['A1FHS282JP487T', 'A2B8HPIZDKYKDR', 'A2MUCL20GTQJA0', 'A2TBXASXZIRNNW', 'A2NJ7N8INZOB00', 'A1Y0Y6U906ABT5', 'A27PBC5O3Z5ZED', 'A2B6WQG0A9CKXQ', 'self_report_04']"
03_DR-100_0071_1_sentence_8.wav,"[8, 2, 6, 6, 3, 7, 6, 1, 4]","[3, 3, 2, 1, 7, 3, 7, 5, 5]","['A27SMEOPKV84VI', 'A1HXEXQTZCJ1DW', 'A2JP9IKRHNLRPI', 'A1PUHCEBSOWETV', 'A2F48NO7AD9VKK', 'AA9V4NE8SOA4I', 'A1F1BIPJR11LSR', 'A2EOOF9D135HQ1', 'self_report_03']"
07_DR-100_0076_3_sentence_3.wav,"[3, 5, 8, 2, 6, 4, 3, 2, 6]","[4, 6, 6, 6, 3, 5, 4, 2, 4]","['AHZPOM46IUJ2N', 'A1B4KC5KP7FH1Z', 'A2TBXASXZIRNNW', 'A1PUHCEBSOWETV', 'A1Y0Y6U906ABT5', 'A2VRDE2FHCBMF8', 'A394S7JSNUA3TS', 'A3GLUDQZGEJL5G', 'self_report_07']"
07_DR-100_0076_5_sentence_7.wav,"[2, 7, 3, 3, 2, 3, 2, 3, 4]","[3, 4, 4, 4, 3, 3, 3, 3, 5]","['A1PUHCEBSOWETV', 'A2TBXASXZIRNNW', 'A22QD6M0A2C77C', 'A27PBC5O3Z5ZED', 'AFDC9A6Z60W2Z', 'A2B8HPIZDKYKDR', 'A1HXEXQTZCJ1DW', 'A2B6WQG0A9CKXQ', 'self_report_07']"
10_DR-100_0074_7_sentence_1.wav,"[6, 2, 5, 2, 3, 3, 6, 3, 8]","[4, 6, 3, 4, 6, 4, 5, 6, 3]","['ARVXIBUCA8WDZ', 'A1PUHCEBSOWETV', 'A2T007HZK66WM', 'A20ALQT1HIVSAH', 'A1FHS282JP487T', 'AA9V4NE8SOA4I', 'A2JP9IKRHNLRPI', 'A3UWM3KJYEL5XU', 'self_report_10']"
07_DR-100_0076_3_sentence_4.wav,"[2, 1, 3, 2, 5, 2, 1, 2, 6]","[5, 5, 5, 6, 5, 6, 5, 5, 4]","['A394S7JSNUA3TS', 'A2VRDE2FHCBMF8', 'A2I3Y0L38HMQLZ', 'A1PUHCEBSOWETV', 'A2TBXASXZIRNNW', 'A1FHS282JP487T', 'A2NJ7N8INZOB00', 'A3G0T5Y7OSC76S', 'self_report_07']"
07_DR-100_0076_1_sentence_7.wav,"[3, 4, 1, 3, 1, 6, 2, 2, 5]","[4, 5, 4, 4, 6, 6, 5, 5, 6]","['A1HXEXQTZCJ1DW', 'ARVXIBUCA8WDZ', 'A2T007HZK66WM', 'A2TBXASXZIRNNW', 'A1FHS282JP487T', 'AA9V4NE8SOA4I', 'A20ALQT1HIVSAH', 'A3UWM3KJYEL5XU', 'self_report_07']"
01_DR-100_0079_1_sentence_9.wav,"[2, 3, 6, 2, 2, 2, 3, 2, 7]","[5, 6, 5, 4, 5, 3, 6, 6, 8]","['A2B8HPIZDKYKDR', 'A3UWM3KJYEL5XU', 'A2TBXASXZIRNNW', 'A20ALQT1HIVSAH', 'A1Y0Y6U906ABT5', 'AFDC9A6Z60W2Z', 'A2TJGFPBFEIXMJ', 'A1HXEXQTZCJ1DW', 'self_report_01']"
02_DR-100_0070_7_sentence_10.wav,"[7, 1, 5, 2, 2, 3, 4, 4, 7]","[4, 2, 4, 7, 4, 3, 6, 3, 5]","['A2TBXASXZIRNNW', 'AFDC9A6Z60W2Z', 'ARVXIBUCA8WDZ', 'A1PUHCEBSOWETV', 'A394S7JSNUA3TS', 'A2NBVTY6FLBEAF', 'A2MUCL20GTQJA0', 'A2NJ7N8INZOB00', 'self_report_02']"
09_DR-100_0078_5_sentence_3.wav,"[2, 2, 2, 1, 2, 3, 5, 3, 6]","[6, 3, 6, 4, 6, 6, 4, 5, 4]","['A1PUHCEBSOWETV', 'A2B6WQG0A9CKXQ', 'A1FHS282JP487T', 'A10GZ0SWBZIRBK', 'A2FFNO6G4FEE2N', 'A2TJGFPBFEIXMJ', 'AA9V4NE8SOA4I', 'A2VRDE2FHCBMF8', 'self_report_09']"
07_DR-100_0076_7_sentence_11.wav,"[2, 1, 4, 2, 2, 5, 3, 2, 5, 5]","[7, 6, 6, 6, 6, 7, 6, 7, 7, 6]","['A1PUHCEBSOWETV', 'A2EOOF9D135HQ1', 'A2TBXASXZIRNNW', 'A20ALQT1HIVSAH', 'AFDC9A6Z60W2Z', 'AA9V4NE8SOA4I', 'ARVXIBUCA8WDZ', 'A2FFNO6G4FEE2N', 'A1B4KC5KP7FH1Z', 'self_report_07']"
08_DR-100_0077_5_sentence_6.wav,"[5, 3, 2, 4, 6, 4, 5, 5, 6]","[6, 6, 6, 3, 2, 3, 6, 4, 5]","['A2MUCL20GTQJA0', 'A27PBC5O3Z5ZED', 'A1PUHCEBSOWETV', 'A2NJ7N8INZOB00', 'A1Y0Y6U906ABT5', 'A2B8HPIZDKYKDR', 'A1ET2J1PIP0RGO', 'AA9V4NE8SOA4I', 'self_report_08']"
03_DR-100_0071_5_sentence_3.wav,"[3, 6, 5, 3, 5, 2, 9, 5, 3]","[6, 7, 2, 6, 6, 7, 1, 6, 5]","['A394S7JSNUA3TS', 'ARVXIBUCA8WDZ', 'A1PUHCEBSOWETV', 'A1FHS282JP487T', 'A1ET2J1PIP0RGO', 'A2F48NO7AD9VKK', 'A2TBXASXZIRNNW', 'A1F1BIPJR11LSR', 'self_report_03']"
08_DR-100_0077_3_sentence_3.wav,"[2, 3, 2, 2, 5, 3, 1, 4, 6]","[6, 6, 7, 7, 6, 3, 6, 6, 5]","['A20ALQT1HIVSAH', 'A2I3Y0L38HMQLZ', 'A2FFNO6G4FEE2N', 'A2B8HPIZDKYKDR', 'A27SMEOPKV84VI', 'AHZPOM46IUJ2N', 'A2F48NO7AD9VKK', 'A1F1BIPJR11LSR', 'self_report_08']"
08_DR-100_0077_5_sentence_8.wav,"[2, 3, 2, 2, 3, 3, 3, 5, 6]","[4, 6, 4, 6, 3, 4, 2, 2, 5]","['A20ALQT1HIVSAH', 'A27PBC5O3Z5ZED', 'A1FP3SH704X01V', 'A1FHS282JP487T', 'AFDC9A6Z60W2Z', 'A32U64W0S9PUA3', 'A2B6WQG0A9CKXQ', 'A3UWM3KJYEL5XU', 'self_report_08']"
07_DR-100_0076_5_sentence_3.wav,"[2, 3, 4, 2, 5, 4, 2, 4, 4]","[6, 6, 5, 5, 5, 8, 5, 5, 5]","['A1PUHCEBSOWETV', 'A1FHS282JP487T', 'AHZPOM46IUJ2N', 'A3KCUB6P3IE8NL', 'A2JP9IKRHNLRPI', 'A3G0T5Y7OSC76S', 'A2EOOF9D135HQ1', 'A1Y0Y6U906ABT5', 'self_report_07']"
07_DR-100_0076_3_sentence_5.wav,"[3, 6, 7, 3, 2, 2, 1, 3, 6]","[4, 5, 4, 3, 3, 6, 5, 2, 4]","['A27PBC5O3Z5ZED', 'ARVXIBUCA8WDZ', 'A2I3Y0L38HMQLZ', 'A22QD6M0A2C77C', 'A1HXEXQTZCJ1DW', 'A1PUHCEBSOWETV', 'A3UWM3KJYEL5XU', 'A2B8HPIZDKYKDR', 'self_report_07']"
05_DR-100_0072_5_sentence_10.wav,"[2, 3, 2, 1, 2, 3, 3, 6, 8]","[2, 7, 5, 6, 6, 8, 6, 3, 9]","['A3GLUDQZGEJL5G', 'A20ALQT1HIVSAH', 'A1FHS282JP487T', 'A2EOOF9D135HQ1', 'A2T007HZK66WM', 'A3APMO8WXVH1V0', 'A3KCUB6P3IE8NL', 'A2TBXASXZIRNNW', 'self_report_05']"
07_DR-100_0076_1_sentence_6.wav,"[3, 3, 3, 2, 2, 2, 2, 3, 5]","[2, 6, 7, 6, 6, 6, 8, 6, 6]","['A3GLUDQZGEJL5G', 'A2FFNO6G4FEE2N', 'A2NBVTY6FLBEAF', 'A1PUHCEBSOWETV', 'A1FHS282JP487T', 'A3APMO8WXVH1V0', 'A2B6WQG0A9CKXQ', 'A1HXEXQTZCJ1DW', 'self_report_07']"
10_DR-100_0074_5_sentence_11.wav,"[1, 2, 2, 5, 3, 2, 2, 4, 6]","[4, 6, 4, 3, 6, 3, 5, 3, 7]","['A2EOOF9D135HQ1', 'A1PUHCEBSOWETV', 'A1FP3SH704X01V', 'A2JP9IKRHNLRPI', 'A27PBC5O3Z5ZED', 'A3KCUB6P3IE8NL', 'A2TJGFPBFEIXMJ', 'A2I3Y0L38HMQLZ', 'self_report_10']"
10_DR-100_0074_7_sentence_9.wav,"[2, 7, 3, 2, 4, 6, 5, 2, 8]","[4, 3, 4, 6, 4, 4, 6, 6, 3]","['A1HXEXQTZCJ1DW', 'A2NBVTY6FLBEAF', 'A27PBC5O3Z5ZED', 'A1FP3SH704X01V', 'A2MUCL20GTQJA0', 'ARVXIBUCA8WDZ', 'A2TJGFPBFEIXMJ', 'A1PUHCEBSOWETV', 'self_report_10']"
10_DR-100_0074_3_sentence_4.wav,"[4, 3, 5, 2, 4, 5, 5, 3, 5, 7]","[4, 5, 4, 6, 3, 4, 3, 4, 4, 4]","['AEO84PDSWW0W', 'A2VRDE2FHCBMF8', 'A1ET2J1PIP0RGO', 'A1PUHCEBSOWETV', 'A2B8HPIZDKYKDR', 'AFDC9A6Z60W2Z', 'AHZPOM46IUJ2N', 'AU6C9UNNFJALY', 'A1B4KC5KP7FH1Z', 'self_report_10']"
04_DR-100_0075_5_sentence_7.wav,"[7, 2, 3, 5, 2, 4, 3, 5, 4]","[4, 7, 6, 7, 6, 7, 5, 7, 7]","['A2TBXASXZIRNNW', 'AU6C9UNNFJALY', 'A1FHS282JP487T', 'A1Y0Y6U906ABT5', 'A1PUHCEBSOWETV', 'A3G0T5Y7OSC76S', 'A2VRDE2FHCBMF8', 'AHZPOM46IUJ2N', 'self_report_04']"
07_DR-100_0076_9_sentence_4.wav,"[6, 2, 3, 4, 2, 4, 3, 5, 3]","[6, 6, 5, 4, 7, 6, 5, 5, 6]","['ARVXIBUCA8WDZ', 'A1PUHCEBSOWETV', 'A22QD6M0A2C77C', 'A1ET2J1PIP0RGO', 'A3G0T5Y7OSC76S', 'A27PBC5O3Z5ZED', 'A1HXEXQTZCJ1DW', 'A27SMEOPKV84VI', 'self_report_07']"
05_DR-100_0072_1_sentence_5.wav,"[5, 2, 3, 8, 2, 1, 6, 4, 7]","[5, 6, 4, 3, 6, 5, 6, 5, 4]","['A2NBVTY6FLBEAF', 'A1HXEXQTZCJ1DW', 'A3GLUDQZGEJL5G', 'A2TBXASXZIRNNW', 'A1FP3SH704X01V', 'A2EOOF9D135HQ1', 'A2NJ7N8INZOB00', 'AFDC9A6Z60W2Z', 'self_report_05']"
01_DR-100_0079_1_sentence_5.wav,"[4, 4, 3, 6, 5, 5, 2, 2, 7]","[5, 7, 5, 7, 6, 7, 8, 4, 8]","['A27SMEOPKV84VI', 'AHZPOM46IUJ2N', 'A2VRDE2FHCBMF8', 'AA9V4NE8SOA4I', 'ARVXIBUCA8WDZ', 'A1Y0Y6U906ABT5', 'A2B6WQG0A9CKXQ', 'A3GLUDQZGEJL5G', 'self_report_01']"
08_DR-100_0077_1_sentence_4.wav,"[3, 5, 6, 2, 1, 1, 2, 3, 5, 5]","[6, 6, 7, 5, 6, 6, 6, 6, 5, 6]","['A2MUCL20GTQJA0', 'ARVXIBUCA8WDZ', 'A2TBXASXZIRNNW', 'AFDC9A6Z60W2Z', 'A2T007HZK66WM', 'A10GZ0SWBZIRBK', 'A394S7JSNUA3TS', 'A27PBC5O3Z5ZED', 'A1B4KC5KP7FH1Z', 'self_report_08']"
09_DR-100_0078_9_sentence_3.wav,"[2, 3, 1, 5, 4, 6, 3, 3, 4]","[6, 5, 5, 4, 4, 4, 6, 5, 6]","['A1PUHCEBSOWETV', 'A2NJ7N8INZOB00', 'A2F48NO7AD9VKK', 'A1ET2J1PIP0RGO', 'A2I3Y0L38HMQLZ', 'A27SMEOPKV84VI', 'A1FHS282JP487T', 'AFDC9A6Z60W2Z', 'self_report_09']"
02_DR-100_0070_9_sentence_3.wav,"[4, 2, 5, 5, 5, 4, 3, 3, 7]","[7, 6, 4, 7, 7, 7, 5, 7, 4]","['AHZPOM46IUJ2N', 'A2EOOF9D135HQ1', 'A2TBXASXZIRNNW', 'A1ET2J1PIP0RGO', 'A2JP9IKRHNLRPI', 'A2NJ7N8INZOB00', 'A2VRDE2FHCBMF8', 'A2B6WQG0A9CKXQ', 'self_report_02']"
04_DR-100_0075_5_sentence_3.wav,"[3, 5, 2, 3, 3, 2, 2, 3, 4]","[5, 6, 7, 4, 5, 6, 5, 5, 7]","['A27PBC5O3Z5ZED', 'A2MUCL20GTQJA0', 'A1PUHCEBSOWETV', 'A22QD6M0A2C77C', 'A2TJGFPBFEIXMJ', 'A1FHS282JP487T', 'A2T007HZK66WM', 'A3GLUDQZGEJL5G', 'self_report_04']"
04_DR-100_0075_1_sentence_3.wav,"[5, 2, 5, 5, 5, 6, 4, 3, 5]","[3, 4, 4, 4, 4, 6, 4, 4, 7]","['A2B8HPIZDKYKDR', 'A2T007HZK66WM', 'A2JP9IKRHNLRPI', 'AHZPOM46IUJ2N', 'AFDC9A6Z60W2Z', 'AA9V4NE8SOA4I', 'A1Y0Y6U906ABT5', 'A22QD6M0A2C77C', 'self_report_04']"
04_DR-100_0075_3_sentence_6.wav,"[4, 2, 6, 6, 7, 3, 7, 3, 5]","[4, 6, 5, 6, 4, 6, 3, 6, 7]","['AEO84PDSWW0W', 'A1PUHCEBSOWETV', 'A1ET2J1PIP0RGO', 'AA9V4NE8SOA4I', 'A2TBXASXZIRNNW', 'A3KCUB6P3IE8NL', 'A3UWM3KJYEL5XU', 'A1FHS282JP487T', 'self_report_04']"
10_DR-100_0074_3_sentence_2.wav,"[4, 5, 4, 2, 4, 3, 1, 3, 7]","[4, 4, 4, 2, 3, 4, 4, 5, 4]","['A2I3Y0L38HMQLZ', 'A1ET2J1PIP0RGO', 'A2FFNO6G4FEE2N', 'A2NJ7N8INZOB00', 'A22QD6M0A2C77C', 'A1HXEXQTZCJ1DW', 'A2F48NO7AD9VKK', 'A27PBC5O3Z5ZED', 'self_report_10']"
08_DR-100_0077_1_sentence_2.wav,"[1, 5, 1, 2, 5, 6, 5, 3, 5]","[4, 4, 4, 6, 5, 7, 3, 3, 6]","['A394S7JSNUA3TS', 'A2I3Y0L38HMQLZ', 'A2F48NO7AD9VKK', 'A1FHS282JP487T', 'ARVXIBUCA8WDZ', 'A2TBXASXZIRNNW', 'A2JP9IKRHNLRPI', 'AA9V4NE8SOA4I', 'self_report_08']"
03_DR-100_0071_9_sentence_10.wav,"[3, 5, 4, 3, 9, 4, 8, 5, 3]","[6, 6, 3, 2, 1, 5, 2, 4, 4]","['A1FHS282JP487T', 'A1ET2J1PIP0RGO', 'A394S7JSNUA3TS', 'A3KCUB6P3IE8NL', 'A2TBXASXZIRNNW', 'A2VRDE2FHCBMF8', 'A27SMEOPKV84VI', 'A2TJGFPBFEIXMJ', 'self_report_03']"
10_DR-100_0074_5_sentence_3.wav,"[2, 2, 3, 5, 1, 4, 4, 3, 6]","[6, 6, 4, 6, 5, 4, 6, 5, 7]","['A1PUHCEBSOWETV', 'A1FHS282JP487T', 'A10GZ0SWBZIRBK', 'A3APMO8WXVH1V0', 'A2F48NO7AD9VKK', 'A2NBVTY6FLBEAF', 'A22QD6M0A2C77C', 'A3KCUB6P3IE8NL', 'self_report_10']"
01_DR-100_0079_1_sentence_11.wav,"[4, 2, 5, 3, 3, 2, 1, 3, 7]","[8, 6, 6, 7, 8, 6, 6, 5, 8]","['A3UWM3KJYEL5XU', 'A1PUHCEBSOWETV', 'ARVXIBUCA8WDZ', 'AFDC9A6Z60W2Z', 'A1Y0Y6U906ABT5', 'A2NJ7N8INZOB00', 'A2F48NO7AD9VKK', 'A2VRDE2FHCBMF8', 'self_report_01']"
03_DR-100_0071_7_sentence_12.wav,"[7, 6, 6, 2, 7, 8, 3, 5, 6, 3]","[4, 7, 2, 6, 2, 1, 6, 6, 8, 5]","['A27SMEOPKV84VI', 'ARVXIBUCA8WDZ', 'A2JP9IKRHNLRPI', 'A1PUHCEBSOWETV', 'A2B8HPIZDKYKDR', 'A2TBXASXZIRNNW', 'A1FHS282JP487T', 'A2EOOF9D135HQ1', 'A1B4KC5KP7FH1Z', 'self_report_03']"
06_DR-100_0073_5_sentence_7.wav,"[8, 2, 2, 5, 5, 6, 4, 4, 6]","[2, 7, 6, 3, 4, 4, 5, 7, 4]","['A2TBXASXZIRNNW', 'A1PUHCEBSOWETV', 'A1FHS282JP487T', 'A2JP9IKRHNLRPI', 'A2B8HPIZDKYKDR', 'A2NBVTY6FLBEAF', 'A1HXEXQTZCJ1DW', 'A2FFNO6G4FEE2N', 'self_report_06']"
04_DR-100_0075_7_sentence_1.wav,"[3, 5, 3, 2, 2, 2, 7, 4, 5, 5]","[5, 5, 6, 6, 5, 5, 5, 6, 5, 7]","['A2B6WQG0A9CKXQ', 'A2I3Y0L38HMQLZ', 'A1FHS282JP487T', 'A1PUHCEBSOWETV', 'A2VRDE2FHCBMF8', 'A20ALQT1HIVSAH', 'A2TBXASXZIRNNW', 'A3UWM3KJYEL5XU', 'A6FQHZ58DQ0S6', 'self_report_04']"
09_DR-100_0078_9_sentence_4.wav,"[2, 5, 1, 3, 3, 2, 3, 3, 4]","[5, 7, 6, 6, 5, 6, 7, 4, 6]","['A1Y0Y6U906ABT5', 'A2JP9IKRHNLRPI', 'A2EOOF9D135HQ1', 'A2NBVTY6FLBEAF', 'A2TJGFPBFEIXMJ', 'A1PUHCEBSOWETV', 'A1HXEXQTZCJ1DW', 'ARVXIBUCA8WDZ', 'self_report_09']"
02_DR-100_0070_3_sentence_9.wav,"[2, 2, 2, 3, 3, 3, 4, 2, 4, 8]","[3, 6, 6, 6, 5, 4, 6, 6, 5, 6]","['A2B8HPIZDKYKDR', 'A20ALQT1HIVSAH', 'A3G0T5Y7OSC76S', 'A27PBC5O3Z5ZED', 'A2NBVTY6FLBEAF', 'ARVXIBUCA8WDZ', 'A1ET2J1PIP0RGO', 'A1PUHCEBSOWETV', 'A1B4KC5KP7FH1Z', 'self_report_02']"
02_DR-100_0070_5_sentence_1.wav,"[2, 4, 2, 4, 4, 3, 2, 2, 8]","[5, 6, 6, 5, 6, 5, 6, 9, 7]","['AEO84PDSWW0W', 'A2I3Y0L38HMQLZ', 'A1PUHCEBSOWETV', 'ARVXIBUCA8WDZ', 'A2MUCL20GTQJA0', 'A2VRDE2FHCBMF8', 'A1OUUZSD5DD4ZN', 'A2B6WQG0A9CKXQ', 'self_report_02']"
10_DR-100_0074_7_sentence_7.wav,"[5, 5, 3, 5, 1, 5, 3, 4, 8]","[5, 3, 5, 4, 4, 4, 3, 5, 3]","['A27SMEOPKV84VI', 'A2B8HPIZDKYKDR', 'A20ALQT1HIVSAH', 'A2JP9IKRHNLRPI', 'A2F48NO7AD9VKK', 'A2I3Y0L38HMQLZ', 'AHZPOM46IUJ2N', 'A2VRDE2FHCBMF8', 'self_report_10']"
02_DR-100_0070_9_sentence_10.wav,"[2, 4, 3, 2, 1, 5, 2, 3, 7]","[6, 7, 6, 6, 6, 6, 6, 5, 4]","['A1PUHCEBSOWETV', 'A2JP9IKRHNLRPI', 'A2VRDE2FHCBMF8', 'A2FFNO6G4FEE2N', 'AFDC9A6Z60W2Z', 'A2I3Y0L38HMQLZ', 'A3KCUB6P3IE8NL', 'ARVXIBUCA8WDZ', 'self_report_02']"
05_DR-100_0072_7_sentence_3.wav,"[4, 4, 7, 4, 3, 5, 5, 3, 7]","[6, 7, 3, 7, 7, 7, 7, 7, 7]","['ARVXIBUCA8WDZ', 'A22QD6M0A2C77C', 'A2TBXASXZIRNNW', 'A2FFNO6G4FEE2N', 'A394S7JSNUA3TS', 'AHZPOM46IUJ2N', 'A2I3Y0L38HMQLZ', 'AU6C9UNNFJALY', 'self_report_05']"
07_DR-100_0076_1_sentence_2.wav,"[4, 3, 2, 6, 3, 2, 3, 1, 5]","[4, 4, 4, 4, 4, 6, 2, 4, 6]","['ARVXIBUCA8WDZ', 'A2MUCL20GTQJA0', 'A1HXEXQTZCJ1DW', 'A2TBXASXZIRNNW', 'A27PBC5O3Z5ZED', 'A1PUHCEBSOWETV', 'A2B6WQG0A9CKXQ', 'A3KCUB6P3IE8NL', 'self_report_07']"
09_DR-100_0078_7_sentence_3.wav,"[2, 5, 1, 3, 2, 5, 1, 3, 5]","[6, 4, 4, 5, 7, 4, 5, 5, 6]","['A20ALQT1HIVSAH', 'A2JP9IKRHNLRPI', 'A2F48NO7AD9VKK', 'A27PBC5O3Z5ZED', 'A394S7JSNUA3TS', 'AA9V4NE8SOA4I', 'A2EOOF9D135HQ1', 'A1F1BIPJR11LSR', 'self_report_09']"
02_DR-100_0070_9_sentence_9.wav,"[2, 5, 3, 3, 4, 3, 4, 3, 7]","[7, 6, 6, 6, 7, 6, 7, 7, 4]","['A20ALQT1HIVSAH', 'A2TBXASXZIRNNW', 'A27PBC5O3Z5ZED', 'A2VRDE2FHCBMF8', 'A27SMEOPKV84VI', 'A1F1BIPJR11LSR', 'A2I3Y0L38HMQLZ', 'A3UWM3KJYEL5XU', 'self_report_02']"
04_DR-100_0075_3_sentence_3.wav,"[6, 3, 6, 5, 4, 3, 5, 1, 5]","[6, 6, 6, 6, 7, 5, 4, 5, 7]","['A2B8HPIZDKYKDR', 'A1FHS282JP487T', 'ARVXIBUCA8WDZ', 'A27PBC5O3Z5ZED', 'A2TJGFPBFEIXMJ', 'A3KCUB6P3IE8NL', 'A1Y0Y6U906ABT5', 'A2EOOF9D135HQ1', 'self_report_04']"
09_DR-100_0078_3_sentence_4.wav,"[2, 6, 5, 2, 1, 2, 2, 1, 6]","[4, 3, 6, 4, 6, 6, 5, 5, 4]","['A2B8HPIZDKYKDR', 'A2TBXASXZIRNNW', 'AA9V4NE8SOA4I', 'A3KCUB6P3IE8NL', 'A2F48NO7AD9VKK', 'A1PUHCEBSOWETV', 'A1FHS282JP487T', 'A2T007HZK66WM', 'self_report_09']"
02_DR-100_0070_7_sentence_3.wav,"[4, 4, 2, 5, 3, 2, 3, 2, 7]","[6, 5, 5, 5, 7, 7, 5, 6, 5]","['A2I3Y0L38HMQLZ', 'A2JP9IKRHNLRPI', 'A2T007HZK66WM', 'A2TBXASXZIRNNW', 'A22QD6M0A2C77C', 'A1HXEXQTZCJ1DW', 'A2VRDE2FHCBMF8', 'A1FHS282JP487T', 'self_report_02']"
06_DR-100_0073_7_sentence_3.wav,"[5, 3, 3, 4, 2, 2, 2, 6, 5, 5]","[5, 6, 6, 6, 6, 7, 7, 7, 7, 5]","['A27SMEOPKV84VI', 'A1FHS282JP487T', 'A394S7JSNUA3TS', 'A27PBC5O3Z5ZED', 'A1PUHCEBSOWETV', 'A1HXEXQTZCJ1DW', 'A2EOOF9D135HQ1', 'AA9V4NE8SOA4I', 'A2JP9IKRHNLRPI', 'self_report_06']"
10_DR-100_0074_1_sentence_5.wav,"[2, 3, 2, 4, 5, 1, 6, 5, 6]","[2, 6, 7, 6, 3, 5, 5, 5, 7]","['A3GLUDQZGEJL5G', 'A2B8HPIZDKYKDR', 'A2NJ7N8INZOB00', 'A27PBC5O3Z5ZED', 'AA9V4NE8SOA4I', 'A2EOOF9D135HQ1', 'A2TBXASXZIRNNW', 'A27SMEOPKV84VI', 'self_report_10']"
03_DR-100_0071_5_sentence_7.wav,"[5, 5, 8, 4, 9, 6, 2, 8, 3]","[3, 2, 2, 4, 1, 3, 4, 2, 5]","['A394S7JSNUA3TS', 'A1PUHCEBSOWETV', 'A2I3Y0L38HMQLZ', 'A1ET2J1PIP0RGO', 'A1Y0Y6U906ABT5', 'AA9V4NE8SOA4I', 'A2F48NO7AD9VKK', 'A2B8HPIZDKYKDR', 'self_report_03']"
05_DR-100_0072_7_sentence_6.wav,"[2, 3, 3, 2, 4, 6, 6, 7, 7]","[7, 6, 5, 6, 4, 7, 7, 3, 7]","['A1PUHCEBSOWETV', 'A2B8HPIZDKYKDR', 'A27PBC5O3Z5ZED', 'A1FHS282JP487T', 'A1ET2J1PIP0RGO', 'AA9V4NE8SOA4I', 'A2MUCL20GTQJA0', 'A2TBXASXZIRNNW', 'self_report_05']"
05_DR-100_0072_1_sentence_2.wav,"[3, 6, 5, 3, 6, 5, 3, 7, 7]","[7, 7, 8, 6, 7, 8, 6, 7, 4]","['A20ALQT1HIVSAH', 'A1ET2J1PIP0RGO', 'A2FFNO6G4FEE2N', 'A2EOOF9D135HQ1', 'AA9V4NE8SOA4I', 'AHZPOM46IUJ2N', 'A1FHS282JP487T', 'A27SMEOPKV84VI', 'self_report_05']"
08_DR-100_0077_5_sentence_10.wav,"[2, 2, 2, 4, 5, 3, 5, 2, 6]","[6, 6, 1, 3, 4, 4, 4, 6, 5]","['A3GLUDQZGEJL5G', 'A1PUHCEBSOWETV', 'A2B6WQG0A9CKXQ', 'A2I3Y0L38HMQLZ', 'A1ET2J1PIP0RGO', 'AA9V4NE8SOA4I', 'A1Y0Y6U906ABT5', 'A2TJGFPBFEIXMJ', 'self_report_08']"
06_DR-100_0073_5_sentence_5.wav,"[8, 6, 6, 2, 3, 6, 4, 6, 6]","[1, 4, 4, 5, 3, 4, 4, 7, 4]","['A2TBXASXZIRNNW', 'A2I3Y0L38HMQLZ', 'A1B4KC5KP7FH1Z', 'A10GZ0SWBZIRBK', 'A1FP3SH704X01V', 'A27SMEOPKV84VI', 'A2NJ7N8INZOB00', 'AA9V4NE8SOA4I', 'self_report_06']"
03_DR-100_0071_7_sentence_4.wav,"[2, 6, 7, 4, 3, 7, 4, 2, 3]","[6, 3, 8, 7, 6, 8, 4, 7, 5]","['A1PUHCEBSOWETV', 'A1ET2J1PIP0RGO', 'A2B8HPIZDKYKDR', 'A1HXEXQTZCJ1DW', 'A1FHS282JP487T', 'AHZPOM46IUJ2N', 'A27PBC5O3Z5ZED', 'A2FFNO6G4FEE2N', 'self_report_03']"
05_DR-100_0072_5_sentence_1.wav,"[3, 2, 5, 5, 2, 4, 3, 6, 8]","[6, 6, 7, 4, 6, 8, 6, 7, 9]","['A2I3Y0L38HMQLZ', 'A2FFNO6G4FEE2N', 'AA9V4NE8SOA4I', 'A2TBXASXZIRNNW', 'A2TJGFPBFEIXMJ', 'A22QD6M0A2C77C', 'A27PBC5O3Z5ZED', 'ARVXIBUCA8WDZ', 'self_report_05']"
04_DR-100_0075_1_sentence_9.wav,"[7, 5, 4, 3, 3, 2, 6, 2, 5]","[4, 4, 4, 6, 6, 6, 6, 4, 7]","['A2TBXASXZIRNNW', 'A27SMEOPKV84VI', 'A2I3Y0L38HMQLZ', 'A22QD6M0A2C77C', 'A27PBC5O3Z5ZED', 'A1PUHCEBSOWETV', 'A2NBVTY6FLBEAF', 'A2EOOF9D135HQ1', 'self_report_04']"
04_DR-100_0075_1_sentence_11.wav,"[3, 3, 4, 3, 7, 5, 3, 6, 5]","[4, 4, 3, 4, 8, 3, 6, 3, 7]","['A394S7JSNUA3TS', 'A2EOOF9D135HQ1', 'A2T007HZK66WM', 'A2VRDE2FHCBMF8', 'AA9V4NE8SOA4I', 'A2B6WQG0A9CKXQ', 'A27PBC5O3Z5ZED', 'A1HXEXQTZCJ1DW', 'self_report_04']"
02_DR-100_0070_3_sentence_3.wav,"[2, 2, 2, 2, 4, 2, 3, 2, 8]","[4, 6, 5, 4, 5, 3, 5, 4, 6]","['A27PBC5O3Z5ZED', 'A2MUCL20GTQJA0', 'A3KCUB6P3IE8NL', 'A2B8HPIZDKYKDR', 'ARVXIBUCA8WDZ', 'AHZPOM46IUJ2N', 'A2VRDE2FHCBMF8', 'A2T007HZK66WM', 'self_report_02']"
02_DR-100_0070_7_sentence_2.wav,"[8, 3, 1, 5, 3, 3, 3, 3, 7]","[3, 5, 5, 6, 5, 6, 5, 6, 5]","['A2TBXASXZIRNNW', 'AU6C9UNNFJALY', 'A2EOOF9D135HQ1', 'A1ET2J1PIP0RGO', 'AFDC9A6Z60W2Z', 'A2MUCL20GTQJA0', 'A2B6WQG0A9CKXQ', 'ARVXIBUCA8WDZ', 'self_report_02']"
05_DR-100_0072_7_sentence_8.wav,"[2, 6, 1, 7, 6, 4, 4, 4, 5, 7]","[6, 5, 5, 3, 4, 6, 4, 5, 5, 7]","['A1PUHCEBSOWETV', 'A27SMEOPKV84VI', 'A2EOOF9D135HQ1', 'A2TBXASXZIRNNW', 'AA9V4NE8SOA4I', 'A1F1BIPJR11LSR', 'AHZPOM46IUJ2N', 'AU6C9UNNFJALY', 'A2JP9IKRHNLRPI', 'self_report_05']"
08_DR-100_0077_7_sentence_4.wav,"[2, 3, 3, 2, 3, 2, 4, 2, 5, 4]","[6, 4, 7, 4, 6, 5, 6, 5, 5, 5]","['A1FHS282JP487T', 'A22QD6M0A2C77C', 'A1PUHCEBSOWETV', 'AHZPOM46IUJ2N', 'A2FFNO6G4FEE2N', 'A3KCUB6P3IE8NL', 'A1F1BIPJR11LSR', 'AU6C9UNNFJALY', 'A1B4KC5KP7FH1Z', 'self_report_08']"
03_DR-100_0071_3_sentence_8.wav,"[8, 2, 3, 7, 4, 1, 2, 7, 6]","[2, 6, 4, 2, 4, 5, 6, 4, 4]","['A2TBXASXZIRNNW', 'A1PUHCEBSOWETV', 'A27PBC5O3Z5ZED', 'A2871R3LEPWMMK', 'A1ET2J1PIP0RGO', 'A2F48NO7AD9VKK', 'A1FHS282JP487T', 'A27SMEOPKV84VI', 'self_report_03']"
04_DR-100_0075_7_sentence_3.wav,"[5, 5, 2, 3, 1, 5, 5, 2, 5]","[5, 5, 5, 6, 5, 4, 6, 6, 7]","['A27SMEOPKV84VI', 'ARVXIBUCA8WDZ', 'A1HXEXQTZCJ1DW', 'A2T007HZK66WM', 'A394S7JSNUA3TS', 'A2B8HPIZDKYKDR', 'A27PBC5O3Z5ZED', 'A1FHS282JP487T', 'self_report_04']"
10_DR-100_0074_7_sentence_5.wav,"[9, 4, 2, 5, 5, 5, 5, 4, 8]","[2, 4, 6, 3, 2, 3, 4, 3, 3]","['A2TBXASXZIRNNW', 'A2FFNO6G4FEE2N', 'A1PUHCEBSOWETV', 'AA9V4NE8SOA4I', 'AHZPOM46IUJ2N', 'A2NJ7N8INZOB00', 'A2I3Y0L38HMQLZ', 'AU6C9UNNFJALY', 'self_report_10']"
10_DR-100_0074_7_sentence_10.wav,"[8, 4, 3, 4, 6, 4, 3, 2, 8]","[2, 4, 4, 5, 3, 3, 6, 5, 3]","['A2TBXASXZIRNNW', 'A27PBC5O3Z5ZED', 'A2VRDE2FHCBMF8', 'ARVXIBUCA8WDZ', 'AA9V4NE8SOA4I', 'A1HXEXQTZCJ1DW', 'A1FHS282JP487T', 'A3GLUDQZGEJL5G', 'self_report_10']"
03_DR-100_0071_9_sentence_2.wav,"[3, 6, 2, 5, 8, 7, 6, 5, 3]","[1, 4, 3, 2, 3, 2, 3, 4, 4]","['A10GZ0SWBZIRBK', 'A3G0T5Y7OSC76S', 'A1PUHCEBSOWETV', 'A2JP9IKRHNLRPI', 'A2NBVTY6FLBEAF', 'AA9V4NE8SOA4I', 'A2NJ7N8INZOB00', 'AEO84PDSWW0W', 'self_report_03']"
02_DR-100_0070_7_sentence_8.wav,"[5, 2, 4, 4, 3, 4, 5, 3, 8, 7]","[3, 7, 6, 7, 2, 4, 3, 6, 3, 5]","['A1B4KC5KP7FH1Z', 'A1PUHCEBSOWETV', 'ARVXIBUCA8WDZ', 'A2MUCL20GTQJA0', 'A394S7JSNUA3TS', 'A3UWM3KJYEL5XU', 'A2JP9IKRHNLRPI', 'A27PBC5O3Z5ZED', 'A6FQHZ58DQ0S6', 'self_report_02']"
04_DR-100_0075_1_sentence_7.wav,"[4, 3, 3, 4, 5, 7, 5, 4, 5]","[5, 5, 7, 6, 6, 7, 5, 7, 7]","['ACJ6NSCIWMUZI', 'A2VRDE2FHCBMF8', 'A22QD6M0A2C77C', 'A1PZ1YZAQEXRSQ', 'A3UWM3KJYEL5XU', 'A2MUCL20GTQJA0', 'ARVXIBUCA8WDZ', 'A27PBC5O3Z5ZED', 'self_report_04']"
10_DR-100_0074_9_sentence_12.wav,"[3, 3, 3, 2, 5, 4, 4, 4, 8]","[8, 8, 6, 6, 8, 6, 8, 8, 7]","['A2T007HZK66WM', 'A2NJ7N8INZOB00', 'A1FHS282JP487T', 'A1FP3SH704X01V', 'A2TJGFPBFEIXMJ', 'A27PBC5O3Z5ZED', 'AHZPOM46IUJ2N', 'A3GLUDQZGEJL5G', 'self_report_10']"
08_DR-100_0077_3_sentence_7.wav,"[4, 3, 3, 2, 1, 3, 6, 5, 6]","[6, 6, 6, 6, 6, 7, 7, 6, 5]","['ARVXIBUCA8WDZ', 'A2MUCL20GTQJA0', 'A27PBC5O3Z5ZED', 'A2EOOF9D135HQ1', 'A2F48NO7AD9VKK', 'A1PUHCEBSOWETV', 'A1ET2J1PIP0RGO', 'A27SMEOPKV84VI', 'self_report_08']"
02_DR-100_0070_5_sentence_2.wav,"[2, 4, 3, 2, 3, 3, 3, 2, 8]","[5, 6, 5, 6, 7, 6, 6, 6, 7]","['A394S7JSNUA3TS', 'A22QD6M0A2C77C', 'A2VRDE2FHCBMF8', 'A20ALQT1HIVSAH', 'A2NJ7N8INZOB00', 'A2I3Y0L38HMQLZ', 'A3UWM3KJYEL5XU', 'AU6C9UNNFJALY', 'self_report_02']"
07_DR-100_0076_5_sentence_9.wav,"[1, 1, 3, 1, 1, 2, 3, 3, 4]","[3, 2, 3, 4, 4, 3, 3, 3, 5]","['A2B6WQG0A9CKXQ', 'A2T007HZK66WM', 'A3APMO8WXVH1V0', 'A3GLUDQZGEJL5G', 'A1OUUZSD5DD4ZN', 'AFDC9A6Z60W2Z', 'AA9V4NE8SOA4I', 'AEO84PDSWW0W', 'self_report_07']"
09_DR-100_0078_1_sentence_5.wav,"[5, 1, 2, 3, 1, 2, 1, 3, 5]","[4, 5, 6, 6, 5, 8, 5, 6, 6]","['A2TBXASXZIRNNW', 'A394S7JSNUA3TS', 'A1PUHCEBSOWETV', 'A1FHS282JP487T', 'A2F48NO7AD9VKK', 'A2B6WQG0A9CKXQ', 'A20ALQT1HIVSAH', 'A3UWM3KJYEL5XU', 'self_report_09']"
07_DR-100_0076_1_sentence_4.wav,"[4, 2, 2, 7, 6, 3, 3, 3, 5]","[5, 6, 5, 6, 6, 5, 5, 5, 6]","['A2JP9IKRHNLRPI', 'A1PUHCEBSOWETV', 'A1FP3SH704X01V', 'A2MUCL20GTQJA0', 'AA9V4NE8SOA4I', 'A27PBC5O3Z5ZED', 'A2NJ7N8INZOB00', 'A2VRDE2FHCBMF8', 'self_report_07']"
02_DR-100_0070_3_sentence_1.wav,"[2, 3, 3, 2, 5, 2, 1, 5, 8]","[2, 5, 6, 5, 5, 6, 5, 6, 6]","['A3GLUDQZGEJL5G', 'A2MUCL20GTQJA0', 'A1ET2J1PIP0RGO', 'A394S7JSNUA3TS', 'A2JP9IKRHNLRPI', 'A1PUHCEBSOWETV', 'A2EOOF9D135HQ1', 'ARVXIBUCA8WDZ', 'self_report_02']"
05_DR-100_0072_5_sentence_3.wav,"[3, 6, 4, 7, 3, 5, 6, 5, 8]","[6, 9, 3, 7, 7, 8, 7, 7, 9]","['A1FHS282JP487T', 'A2B6WQG0A9CKXQ', 'A1PUHCEBSOWETV', 'A2B8HPIZDKYKDR', 'A2EOOF9D135HQ1', 'A3UWM3KJYEL5XU', 'A2NJ7N8INZOB00', 'A2I3Y0L38HMQLZ', 'self_report_05']"
03_DR-100_0071_1_sentence_9.wav,"[5, 6, 5, 8, 3, 6, 8, 9, 4]","[4, 2, 3, 1, 6, 3, 4, 6, 5]","['A27PBC5O3Z5ZED', 'AFDC9A6Z60W2Z', 'A22QD6M0A2C77C', 'A2TBXASXZIRNNW', 'A1FHS282JP487T', 'AA9V4NE8SOA4I', 'A2MUCL20GTQJA0', 'A3UWM3KJYEL5XU', 'self_report_03']"
04_DR-100_0075_7_sentence_9.wav,"[5, 2, 3, 2, 7, 2, 2, 5, 5]","[4, 4, 6, 7, 7, 4, 3, 4, 7]","['AHZPOM46IUJ2N', 'A20ALQT1HIVSAH', 'A27PBC5O3Z5ZED', 'A1PUHCEBSOWETV', 'AA9V4NE8SOA4I', 'A1HXEXQTZCJ1DW', 'A10GZ0SWBZIRBK', 'A2MUCL20GTQJA0', 'self_report_04']"
06_DR-100_0073_9_sentence_3.wav,"[2, 2, 7, 5, 3, 4, 6, 4, 4]","[6, 3, 6, 7, 5, 6, 7, 7, 7]","['A1PUHCEBSOWETV', 'A3GLUDQZGEJL5G', 'A27SMEOPKV84VI', 'A2JP9IKRHNLRPI', 'A2VRDE2FHCBMF8', 'A27PBC5O3Z5ZED', 'A2EOOF9D135HQ1', 'AU6C9UNNFJALY', 'self_report_06']"
05_DR-100_0072_5_sentence_2.wav,"[3, 4, 6, 6, 7, 2, 2, 6, 8]","[7, 6, 7, 6, 6, 5, 6, 6, 9]","['A1PZ1YZAQEXRSQ', 'A2TJGFPBFEIXMJ', 'A2MUCL20GTQJA0', 'AHZPOM46IUJ2N', 'AA9V4NE8SOA4I', 'A1FP3SH704X01V', 'A1PUHCEBSOWETV', 'ARVXIBUCA8WDZ', 'self_report_05']"
05_DR-100_0072_7_sentence_7.wav,"[1, 2, 3, 4, 4, 2, 2, 2, 7]","[4, 6, 5, 7, 4, 4, 4, 5, 7]","['A3GLUDQZGEJL5G', 'A1PUHCEBSOWETV', 'A2MUCL20GTQJA0', 'A2FFNO6G4FEE2N', 'A2VRDE2FHCBMF8', 'AFDC9A6Z60W2Z', 'A3KCUB6P3IE8NL', 'A2F48NO7AD9VKK', 'self_report_05']"
09_DR-100_0078_3_sentence_7.wav,"[2, 2, 5, 2, 3, 2, 4, 2, 7, 6]","[6, 5, 4, 4, 5, 3, 6, 6, 3, 4]","['A1PUHCEBSOWETV', 'A2TJGFPBFEIXMJ', 'A2I3Y0L38HMQLZ', 'A3KCUB6P3IE8NL', 'A2VRDE2FHCBMF8', 'A1F1BIPJR11LSR', 'A3UWM3KJYEL5XU', 'AEO84PDSWW0W', 'A6FQHZ58DQ0S6', 'self_report_09']"
09_DR-100_0078_5_sentence_4.wav,"[3, 2, 1, 4, 1, 8, 5, 2, 6]","[4, 4, 6, 5, 5, 2, 4, 6, 4]","['A27PBC5O3Z5ZED', 'A1PUHCEBSOWETV', 'A2F48NO7AD9VKK', 'AA9V4NE8SOA4I', 'A2EOOF9D135HQ1', 'A1Y0Y6U906ABT5', 'A2TBXASXZIRNNW', 'A1HXEXQTZCJ1DW', 'self_report_09']"
09_DR-100_0078_1_sentence_7.wav,"[1, 1, 1, 3, 3, 2, 4, 2, 5]","[6, 6, 5, 6, 5, 6, 4, 5, 6]","['A2FFNO6G4FEE2N', 'A2T007HZK66WM', 'A1FHS282JP487T', 'AHZPOM46IUJ2N', 'A2I3Y0L38HMQLZ', 'A1PUHCEBSOWETV', 'A2TBXASXZIRNNW', 'AFDC9A6Z60W2Z', 'self_report_09']"
07_DR-100_0076_5_sentence_6.wav,"[3, 2, 1, 4, 1, 3, 2, 4, 4]","[4, 6, 5, 5, 5, 4, 5, 5, 5]","['ARVXIBUCA8WDZ', 'A1PUHCEBSOWETV', 'A3KCUB6P3IE8NL', 'A27SMEOPKV84VI', 'A10GZ0SWBZIRBK', 'A27PBC5O3Z5ZED', 'A2B6WQG0A9CKXQ', 'A3UWM3KJYEL5XU', 'self_report_07']"
05_DR-100_0072_1_sentence_9.wav,"[7, 5, 4, 4, 2, 5, 2, 4, 7]","[3, 6, 7, 6, 6, 7, 6, 6, 4]","['A2TBXASXZIRNNW', 'AA9V4NE8SOA4I', 'A2TJGFPBFEIXMJ', 'A2T007HZK66WM', 'A1PUHCEBSOWETV', 'A2I3Y0L38HMQLZ', 'A20ALQT1HIVSAH', 'A27PBC5O3Z5ZED', 'self_report_05']"
10_DR-100_0074_5_sentence_4.wav,"[2, 5, 2, 6, 4, 1, 4, 5, 6]","[4, 4, 6, 6, 4, 5, 2, 4, 7]","['A1FP3SH704X01V', 'A1ET2J1PIP0RGO', 'A1FHS282JP487T', 'A2JP9IKRHNLRPI', 'AFDC9A6Z60W2Z', 'A2EOOF9D135HQ1', 'A2B6WQG0A9CKXQ', 'AHZPOM46IUJ2N', 'self_report_10']"
09_DR-100_0078_5_sentence_1.wav,"[3, 2, 4, 2, 3, 3, 4, 2, 6]","[4, 7, 3, 6, 4, 4, 4, 3, 4]","['A27PBC5O3Z5ZED', 'A1PZ1YZAQEXRSQ', 'A1PUHCEBSOWETV', 'A394S7JSNUA3TS', 'AA9V4NE8SOA4I', 'ARVXIBUCA8WDZ', 'A2MUCL20GTQJA0', 'A3GLUDQZGEJL5G', 'self_report_09']"
07_DR-100_0076_9_sentence_6.wav,"[6, 4, 5, 2, 5, 5, 4, 3]","[5, 3, 6, 6, 5, 4, 5, 6]","['A2TBXASXZIRNNW', 'AFDC9A6Z60W2Z', 'ARVXIBUCA8WDZ', 'A1PUHCEBSOWETV', 'A2JP9IKRHNLRPI', 'A2B8HPIZDKYKDR', 'AU6C9UNNFJALY', 'self_report_07']"
03_DR-100_0071_5_sentence_8.wav,"[6, 2, 7, 4, 7, 6, 7, 4, 3]","[6, 6, 7, 5, 8, 6, 7, 6, 5]","['A27SMEOPKV84VI', 'A394S7JSNUA3TS', 'A2NBVTY6FLBEAF', 'AFDC9A6Z60W2Z', 'AA9V4NE8SOA4I', 'ARVXIBUCA8WDZ', 'A2B6WQG0A9CKXQ', 'A3UWM3KJYEL5XU', 'self_report_03']"
03_DR-100_0071_1_sentence_10.wav,"[2, 5, 5, 2, 4, 7, 7, 6, 4]","[4, 3, 4, 6, 6, 8, 6, 7, 5]","['A1HXEXQTZCJ1DW', 'A2JP9IKRHNLRPI', 'A2TJGFPBFEIXMJ', 'A1FHS282JP487T', 'A27PBC5O3Z5ZED', 'A2B6WQG0A9CKXQ', 'A2I3Y0L38HMQLZ', 'ARVXIBUCA8WDZ', 'self_report_03']"
03_DR-100_0071_7_sentence_6.wav,"[5, 2, 7, 8, 7, 7, 8, 6, 3]","[6, 6, 6, 1, 3, 4, 4, 7, 5]","['ARVXIBUCA8WDZ', 'A1FHS282JP487T', 'A2I3Y0L38HMQLZ', 'A2TBXASXZIRNNW', 'AA9V4NE8SOA4I', 'A2MUCL20GTQJA0', 'A2B8HPIZDKYKDR', 'A1ET2J1PIP0RGO', 'self_report_03']"
06_DR-100_0073_7_sentence_2.wav,"[7, 5, 2, 3, 3, 2, 3, 5, 5]","[3, 6, 6, 6, 6, 6, 5, 6, 5]","['A2TBXASXZIRNNW', 'AA9V4NE8SOA4I', 'A1FHS282JP487T', 'A2MUCL20GTQJA0', 'A2B8HPIZDKYKDR', 'A2EOOF9D135HQ1', 'A2B6WQG0A9CKXQ', 'A3UWM3KJYEL5XU', 'self_report_06']"
07_DR-100_0076_5_sentence_8.wav,"[8, 2, 5, 3, 3, 2, 1, 4, 4]","[4, 6, 3, 6, 3, 5, 5, 5, 5]","['A2TBXASXZIRNNW', 'A1PUHCEBSOWETV', 'A1Y0Y6U906ABT5', 'AHZPOM46IUJ2N', 'AA9V4NE8SOA4I', 'A3KCUB6P3IE8NL', 'A2EOOF9D135HQ1', 'A2NJ7N8INZOB00', 'self_report_07']"
08_DR-100_0077_1_sentence_7.wav,"[6, 3, 3, 2, 3, 2, 5, 2, 4, 5]","[2, 4, 6, 6, 5, 4, 4, 4, 3, 6]","['A2TBXASXZIRNNW', 'A27PBC5O3Z5ZED', 'A2MUCL20GTQJA0', 'A1PUHCEBSOWETV', 'A2VRDE2FHCBMF8', 'A1HXEXQTZCJ1DW', 'A2I3Y0L38HMQLZ', 'AEO84PDSWW0W', 'A2JP9IKRHNLRPI', 'self_report_08']"
08_DR-100_0077_5_sentence_5.wav,"[5, 3, 2, 4, 4, 5, 2, 2, 6]","[5, 6, 6, 4, 7, 4, 5, 6, 5]","['A27SMEOPKV84VI', 'A2B6WQG0A9CKXQ', 'A1FHS282JP487T', 'A2B8HPIZDKYKDR', 'A2NBVTY6FLBEAF', 'AA9V4NE8SOA4I', 'AFDC9A6Z60W2Z', 'A3GLUDQZGEJL5G', 'self_report_08']"
09_DR-100_0078_3_sentence_5.wav,"[2, 4, 6, 2, 2, 3, 2, 4, 5, 6]","[6, 5, 5, 5, 6, 7, 5, 4, 6, 4]","['A1PUHCEBSOWETV', 'ARVXIBUCA8WDZ', 'A2TBXASXZIRNNW', 'A1FP3SH704X01V', 'A394S7JSNUA3TS', 'A2TJGFPBFEIXMJ', 'A3KCUB6P3IE8NL', 'A2NBVTY6FLBEAF', 'A2JP9IKRHNLRPI', 'self_report_09']"
08_DR-100_0077_1_sentence_10.wav,"[2, 3, 5, 3, 7, 2, 3, 2, 5]","[6, 4, 6, 7, 7, 6, 6, 5, 6]","['A20ALQT1HIVSAH', 'A394S7JSNUA3TS', 'A1ET2J1PIP0RGO', 'A22QD6M0A2C77C', 'A2TBXASXZIRNNW', 'A1PUHCEBSOWETV', 'A2TJGFPBFEIXMJ', 'A1Y0Y6U906ABT5', 'self_report_08']"
10_DR-100_0074_3_sentence_8.wav,"[2, 5, 3, 5, 2, 4, 3, 3, 7]","[6, 4, 6, 4, 4, 6, 5, 3, 4]","['A1PUHCEBSOWETV', 'ARVXIBUCA8WDZ', 'A1FHS282JP487T', 'AA9V4NE8SOA4I', 'A2FFNO6G4FEE2N', 'A1OUUZSD5DD4ZN', 'A27PBC5O3Z5ZED', 'AHZPOM46IUJ2N', 'self_report_10']"
10_DR-100_0074_1_sentence_3.wav,"[3, 2, 5, 2, 2, 2, 5, 5, 4, 6]","[4, 5, 6, 2, 6, 6, 7, 4, 7, 7]","['AEO84PDSWW0W', 'A20ALQT1HIVSAH', 'A1B4KC5KP7FH1Z', 'A3GLUDQZGEJL5G', 'A1PUHCEBSOWETV', 'A2F48NO7AD9VKK', 'A2I3Y0L38HMQLZ', 'A2TBXASXZIRNNW', 'A3UWM3KJYEL5XU', 'self_report_10']"
03_DR-100_0071_7_sentence_2.wav,"[2, 4, 4, 7, 2, 8, 7, 6, 3]","[7, 5, 5, 3, 5, 5, 5, 5, 5]","['A1PUHCEBSOWETV', 'A20ALQT1HIVSAH', 'A394S7JSNUA3TS', 'A2I3Y0L38HMQLZ', 'A10GZ0SWBZIRBK', 'A2B6WQG0A9CKXQ', 'A2NJ7N8INZOB00', 'A1B4KC5KP7FH1Z', 'self_report_03']"
01_DR-100_0079_3_sentence_10.wav,"[2, 3, 2, 4, 1, 1, 4, 3, 3]","[6, 5, 3, 6, 2, 5, 4, 5, 3]","['A1PUHCEBSOWETV', 'A27SMEOPKV84VI', 'A3APMO8WXVH1V0', 'AA9V4NE8SOA4I', 'A3GLUDQZGEJL5G', 'A2EOOF9D135HQ1', 'AHZPOM46IUJ2N', 'A27PBC5O3Z5ZED', 'self_report_01']"
05_DR-100_0072_9_sentence_2.wav,"[5, 5, 2, 3, 2, 4, 5, 5, 7]","[5, 5, 4, 5, 6, 3, 4, 4, 7]","['A27SMEOPKV84VI', 'A2JP9IKRHNLRPI', 'A2NJ7N8INZOB00', 'A27PBC5O3Z5ZED', 'A1PUHCEBSOWETV', 'AFDC9A6Z60W2Z', 'A2B8HPIZDKYKDR', 'AHZPOM46IUJ2N', 'self_report_05']"
05_DR-100_0072_3_sentence_3.wav,"[4, 2, 4, 6, 7, 3, 2, 3, 6]","[3, 6, 3, 4, 6, 4, 4, 3, 6]","['A2FFNO6G4FEE2N', 'A1PUHCEBSOWETV', 'A1PZ1YZAQEXRSQ', 'A27SMEOPKV84VI', 'ARVXIBUCA8WDZ', 'AFDC9A6Z60W2Z', 'A2EOOF9D135HQ1', 'AU6C9UNNFJALY', 'self_report_05']"
09_DR-100_0078_1_sentence_3.wav,"[3, 6, 4, 4, 2, 3, 5, 2, 5]","[6, 4, 6, 7, 5, 5, 7, 7, 6]","['A27PBC5O3Z5ZED', 'A2TBXASXZIRNNW', 'A2I3Y0L38HMQLZ', 'A3UWM3KJYEL5XU', 'A2MUCL20GTQJA0', 'A2VRDE2FHCBMF8', 'A1ET2J1PIP0RGO', 'AHZPOM46IUJ2N', 'self_report_09']"
07_DR-100_0076_9_sentence_10.wav,"[3, 2, 5, 5, 2, 6, 7, 5, 3]","[6, 7, 7, 7, 6, 7, 4, 6, 6]","['A27PBC5O3Z5ZED', 'A1PUHCEBSOWETV', 'A1ET2J1PIP0RGO', 'AHZPOM46IUJ2N', 'A2T007HZK66WM', 'A2MUCL20GTQJA0', 'A2TBXASXZIRNNW', 'A1Y0Y6U906ABT5', 'self_report_07']"
05_DR-100_0072_5_sentence_11.wav,"[5, 2, 1, 2, 6, 4, 3, 5, 8]","[8, 6, 6, 6, 7, 9, 6, 6, 9]","['AHZPOM46IUJ2N', 'A1PUHCEBSOWETV', 'A394S7JSNUA3TS', 'A1FHS282JP487T', 'ARVXIBUCA8WDZ', 'A2B6WQG0A9CKXQ', 'A27PBC5O3Z5ZED', 'A2NJ7N8INZOB00', 'self_report_05']"
01_DR-100_0079_7_sentence_9.wav,"[1, 2, 4, 4, 1, 6, 3, 2, 7]","[6, 6, 5, 6, 5, 4, 5, 6, 7]","['A20ALQT1HIVSAH', 'A2B6WQG0A9CKXQ', 'ARVXIBUCA8WDZ', 'AHZPOM46IUJ2N', 'A394S7JSNUA3TS', 'A2TBXASXZIRNNW', 'A2MUCL20GTQJA0', 'A2FFNO6G4FEE2N', 'self_report_01']"
02_DR-100_0070_9_sentence_6.wav,"[2, 5, 3, 1, 3, 4, 1, 2, 7]","[6, 5, 5, 6, 5, 5, 8, 6, 4]","['A1PUHCEBSOWETV', 'A2TBXASXZIRNNW', 'ARVXIBUCA8WDZ', 'A1FHS282JP487T', 'A394S7JSNUA3TS', 'A2VRDE2FHCBMF8', 'A1HXEXQTZCJ1DW', 'AHZPOM46IUJ2N', 'self_report_02']"
06_DR-100_0073_1_sentence_2.wav,"[3, 5, 7, 3, 2, 2, 2, 3, 6]","[7, 5, 3, 6, 7, 7, 6, 6, 6]","['A1HXEXQTZCJ1DW', 'A27SMEOPKV84VI', 'A2TBXASXZIRNNW', 'A2T007HZK66WM', 'A20ALQT1HIVSAH', 'A3G0T5Y7OSC76S', 'A1FP3SH704X01V', 'A27PBC5O3Z5ZED', 'self_report_06']"
08_DR-100_0077_5_sentence_7.wav,"[7, 4, 6, 2, 2, 4, 5, 2, 5, 6]","[7, 5, 4, 6, 6, 6, 6, 5, 6, 5]","['A2TBXASXZIRNNW', 'A2VRDE2FHCBMF8', 'A2NBVTY6FLBEAF', 'A1PUHCEBSOWETV', 'A1FHS282JP487T', 'A1ET2J1PIP0RGO', 'A2JP9IKRHNLRPI', 'AFDC9A6Z60W2Z', 'A1B4KC5KP7FH1Z', 'self_report_08']"
08_DR-100_0077_7_sentence_2.wav,"[5, 3, 2, 3, 3, 4, 4, 1, 4]","[2, 3, 4, 5, 5, 4, 7, 5, 5]","['A2TBXASXZIRNNW', 'A1PZ1YZAQEXRSQ', 'A2F48NO7AD9VKK', 'A22QD6M0A2C77C', 'AFDC9A6Z60W2Z', 'A2I3Y0L38HMQLZ', 'A2TJGFPBFEIXMJ', 'A2EOOF9D135HQ1', 'self_report_08']"
07_DR-100_0076_7_sentence_6.wav,"[3, 5, 4, 6, 5, 3, 2, 8, 5]","[7, 5, 7, 7, 6, 8, 6, 5, 6]","['A20ALQT1HIVSAH', 'A2JP9IKRHNLRPI', 'AFDC9A6Z60W2Z', 'AA9V4NE8SOA4I', 'A2B8HPIZDKYKDR', 'A1HXEXQTZCJ1DW', 'A1PUHCEBSOWETV', 'A27SMEOPKV84VI', 'self_report_07']"
03_DR-100_0071_3_sentence_12.wav,"[2, 3, 5, 2, 7, 3, 7, 5, 6]","[6, 2, 4, 6, 4, 6, 1, 2, 4]","['A1PUHCEBSOWETV', 'A3GLUDQZGEJL5G', 'A2VRDE2FHCBMF8', 'A1FHS282JP487T', 'AHZPOM46IUJ2N', 'A22QD6M0A2C77C', 'A2B8HPIZDKYKDR', 'A2JP9IKRHNLRPI', 'self_report_03']"
08_DR-100_0077_7_sentence_1.wav,"[3, 3, 2, 2, 3, 5, 4, 2, 4]","[6, 7, 5, 6, 5, 6, 5, 4, 5]","['A2FFNO6G4FEE2N', 'A1PUHCEBSOWETV', 'A20ALQT1HIVSAH', 'A1FHS282JP487T', 'A2TJGFPBFEIXMJ', 'A2JP9IKRHNLRPI', 'A2NJ7N8INZOB00', 'A2B8HPIZDKYKDR', 'self_report_08']"
02_DR-100_0070_9_sentence_5.wav,"[2, 5, 1, 5, 3, 6, 2, 4, 7]","[6, 4, 6, 4, 6, 6, 4, 6, 4]","['A1PUHCEBSOWETV', 'A1B4KC5KP7FH1Z', 'A2EOOF9D135HQ1', 'A2I3Y0L38HMQLZ', 'A1F1BIPJR11LSR', 'A2TBXASXZIRNNW', 'A3KCUB6P3IE8NL', 'ARVXIBUCA8WDZ', 'self_report_02']"
06_DR-100_0073_1_sentence_3.wav,"[4, 3, 2, 3, 7, 2, 3, 2, 6]","[6, 6, 6, 6, 8, 6, 6, 5, 6]","['ARVXIBUCA8WDZ', 'A2FFNO6G4FEE2N', 'A27PBC5O3Z5ZED', 'A2TJGFPBFEIXMJ', 'AA9V4NE8SOA4I', 'A1PUHCEBSOWETV', 'A1FHS282JP487T', 'A1OUUZSD5DD4ZN', 'self_report_06']"
10_DR-100_0074_9_sentence_9.wav,"[3, 5, 2, 4, 2, 2, 6, 4, 8]","[6, 6, 6, 5, 6, 6, 6, 6, 7]","['A2VRDE2FHCBMF8', 'A2MUCL20GTQJA0', 'AU6C9UNNFJALY', 'AFDC9A6Z60W2Z', 'A1PUHCEBSOWETV', 'A2F48NO7AD9VKK', 'A2NBVTY6FLBEAF', 'A27PBC5O3Z5ZED', 'self_report_10']"
02_DR-100_0070_9_sentence_7.wav,"[6, 4, 2, 1, 5, 3, 2, 1, 2, 7]","[3, 6, 6, 8, 7, 7, 6, 5, 6, 4]","['A2TBXASXZIRNNW', 'A2I3Y0L38HMQLZ', 'A1PUHCEBSOWETV', 'A1PZ1YZAQEXRSQ', 'A2JP9IKRHNLRPI', 'A2NBVTY6FLBEAF', 'A1FHS282JP487T', 'A3GLUDQZGEJL5G', 'A1HXEXQTZCJ1DW', 'self_report_02']"
07_DR-100_0076_3_sentence_1.wav,"[1, 1, 4, 4, 2, 4, 3, 6, 6]","[6, 6, 6, 6, 7, 7, 6, 7, 4]","['A1FHS282JP487T', 'A2EOOF9D135HQ1', 'A2MUCL20GTQJA0', 'A27PBC5O3Z5ZED', 'A2T007HZK66WM', 'A2JP9IKRHNLRPI', 'AFDC9A6Z60W2Z', 'A3UWM3KJYEL5XU', 'self_report_07']"
07_DR-100_0076_9_sentence_3.wav,"[3, 7, 4, 5, 2, 3, 5, 3, 3]","[6, 5, 6, 5, 5, 5, 6, 6, 6]","['A1FHS282JP487T', 'A27SMEOPKV84VI', 'A2TJGFPBFEIXMJ', 'A2B6WQG0A9CKXQ', 'A1Y0Y6U906ABT5', 'A2VRDE2FHCBMF8', 'A3UWM3KJYEL5XU', 'AHZPOM46IUJ2N', 'self_report_07']"
10_DR-100_0074_5_sentence_5.wav,"[5, 2, 7, 5, 2, 5, 3, 5, 5, 6]","[3, 6, 3, 3, 4, 3, 5, 6, 4, 7]","['A2JP9IKRHNLRPI', 'A1PUHCEBSOWETV', 'A2TBXASXZIRNNW', 'AFDC9A6Z60W2Z', 'A394S7JSNUA3TS', 'A1Y0Y6U906ABT5', 'A22QD6M0A2C77C', 'A1ET2J1PIP0RGO', 'A1B4KC5KP7FH1Z', 'self_report_10']"
02_DR-100_0070_9_sentence_2.wav,"[2, 4, 6, 4, 3, 4, 3, 3, 5, 7]","[6, 6, 6, 6, 6, 6, 5, 4, 5, 4]","['A1PUHCEBSOWETV', 'AHZPOM46IUJ2N', 'A2TBXASXZIRNNW', 'ARVXIBUCA8WDZ', 'A1PZ1YZAQEXRSQ', 'A27PBC5O3Z5ZED', 'A2VRDE2FHCBMF8', 'A3UWM3KJYEL5XU', 'A1B4KC5KP7FH1Z', 'self_report_02']"
07_DR-100_0076_7_sentence_4.wav,"[5, 2, 4, 5, 5, 2, 3, 4, 5]","[5, 5, 4, 6, 4, 7, 5, 4, 6]","['A27PBC5O3Z5ZED', 'AU6C9UNNFJALY', 'A2MUCL20GTQJA0', 'A2I3Y0L38HMQLZ', 'A1Y0Y6U906ABT5', 'A1PUHCEBSOWETV', 'A3KCUB6P3IE8NL', 'A2VRDE2FHCBMF8', 'self_report_07']"
09_DR-100_0078_5_sentence_2.wav,"[7, 2, 2, 4, 5, 3, 3, 3, 6]","[4, 6, 6, 5, 6, 4, 4, 4, 4]","['A2TBXASXZIRNNW', 'A1PUHCEBSOWETV', 'A1FHS282JP487T', 'A27PBC5O3Z5ZED', 'AA9V4NE8SOA4I', 'ARVXIBUCA8WDZ', 'A2VRDE2FHCBMF8', 'A3UWM3KJYEL5XU', 'self_report_09']"
10_DR-100_0074_9_sentence_4.wav,"[4, 2, 4, 5, 4, 7, 6, 5, 8]","[6, 6, 6, 6, 6, 5, 7, 6, 7]","['AHZPOM46IUJ2N', 'A394S7JSNUA3TS', 'A2VRDE2FHCBMF8', 'ARVXIBUCA8WDZ', 'A1ET2J1PIP0RGO', 'A2TBXASXZIRNNW', 'AA9V4NE8SOA4I', 'A2JP9IKRHNLRPI', 'self_report_10']"
01_DR-100_0079_7_sentence_5.wav,"[2, 2, 4, 3, 2, 4, 5, 3, 7]","[6, 6, 6, 8, 6, 7, 5, 7, 7]","['A1FHS282JP487T', 'A2VRDE2FHCBMF8', 'ARVXIBUCA8WDZ', 'A2NJ7N8INZOB00', 'A1PUHCEBSOWETV', 'A3UWM3KJYEL5XU', 'A2TBXASXZIRNNW', 'A2FFNO6G4FEE2N', 'self_report_01']"
07_DR-100_0076_7_sentence_5.wav,"[2, 7, 4, 3, 5, 6, 4, 5, 5]","[6, 7, 6, 5, 4, 5, 7, 8, 6]","['A1PUHCEBSOWETV', 'AA9V4NE8SOA4I', 'A27PBC5O3Z5ZED', 'A3GLUDQZGEJL5G', 'A394S7JSNUA3TS', 'A27SMEOPKV84VI', 'A2FFNO6G4FEE2N', 'A3G0T5Y7OSC76S', 'self_report_07']"
06_DR-100_0073_7_sentence_4.wav,"[4, 3, 3, 4, 3, 1, 3, 6, 5]","[5, 5, 6, 5, 5, 6, 6, 7, 5]","['ARVXIBUCA8WDZ', 'A2B6WQG0A9CKXQ', 'A1FHS282JP487T', 'A2B8HPIZDKYKDR', 'A2VRDE2FHCBMF8', 'A1PZ1YZAQEXRSQ', 'A1PUHCEBSOWETV', 'A2MUCL20GTQJA0', 'self_report_06']"
03_DR-100_0071_1_sentence_5.wav,"[2, 6, 2, 7, 5, 3, 6, 2, 4]","[6, 8, 7, 6, 3, 5, 8, 6, 5]","['A1PUHCEBSOWETV', 'A1ET2J1PIP0RGO', 'AU6C9UNNFJALY', 'A27SMEOPKV84VI', 'A2JP9IKRHNLRPI', 'A2VRDE2FHCBMF8', 'A1B4KC5KP7FH1Z', 'A2EOOF9D135HQ1', 'self_report_03']"
07_DR-100_0076_1_sentence_3.wav,"[4, 3, 2, 2, 3, 3, 5, 4, 5]","[6, 6, 6, 6, 5, 5, 6, 6, 6]","['A1ET2J1PIP0RGO', 'A3UWM3KJYEL5XU', 'A1PUHCEBSOWETV', 'A1FHS282JP487T', 'A22QD6M0A2C77C', 'A27SMEOPKV84VI', 'A2NJ7N8INZOB00', 'A2I3Y0L38HMQLZ', 'self_report_07']"
06_DR-100_0073_3_sentence_1.wav,"[2, 2, 5, 8, 4, 3, 3, 6, 5]","[5, 6, 3, 2, 6, 6, 6, 4, 7]","['A20ALQT1HIVSAH', 'A1PUHCEBSOWETV', 'A2B8HPIZDKYKDR', 'A2TBXASXZIRNNW', 'A27PBC5O3Z5ZED', 'AFDC9A6Z60W2Z', 'A1FHS282JP487T', 'A2NJ7N8INZOB00', 'self_report_06']"
09_DR-100_0078_5_sentence_7.wav,"[4, 2, 3, 3, 5, 4, 2, 5, 6]","[4, 6, 6, 4, 4, 4, 4, 4, 4]","['A27SMEOPKV84VI', 'A1PUHCEBSOWETV', 'AFDC9A6Z60W2Z', 'ARVXIBUCA8WDZ', 'A2TBXASXZIRNNW', 'A3UWM3KJYEL5XU', 'A1HXEXQTZCJ1DW', 'A22QD6M0A2C77C', 'self_report_09']"
04_DR-100_0075_5_sentence_6.wav,"[4, 1, 3, 3, 2, 2, 7, 3, 4]","[6, 5, 6, 7, 6, 6, 3, 4, 7]","['A27PBC5O3Z5ZED', 'A2EOOF9D135HQ1', 'A1FHS282JP487T', 'AU6C9UNNFJALY', 'A2T007HZK66WM', 'A1PUHCEBSOWETV', 'A2TBXASXZIRNNW', 'A22QD6M0A2C77C', 'self_report_04']"
03_DR-100_0071_7_sentence_11.wav,"[5, 3, 4, 3, 2, 8, 2, 3, 3]","[6, 7, 7, 5, 6, 5, 6, 6, 5]","['AHZPOM46IUJ2N', 'A1HXEXQTZCJ1DW', 'A3G0T5Y7OSC76S', 'A2VRDE2FHCBMF8', 'A1PUHCEBSOWETV', 'A2NBVTY6FLBEAF', 'A394S7JSNUA3TS', 'A1FHS282JP487T', 'self_report_03']"
04_DR-100_0075_5_sentence_2.wav,"[4, 4, 5, 3, 6, 4, 5, 4, 4]","[8, 7, 7, 7, 6, 6, 6, 7, 7]","['A1PZ1YZAQEXRSQ', 'A3G0T5Y7OSC76S', 'A1Y0Y6U906ABT5', 'A1PUHCEBSOWETV', 'ARVXIBUCA8WDZ', 'A27PBC5O3Z5ZED', 'A2I3Y0L38HMQLZ', 'A2FFNO6G4FEE2N', 'self_report_04']"
09_DR-100_0078_7_sentence_6.wav,"[4, 2, 1, 2, 2, 2, 3, 2, 5]","[6, 7, 5, 5, 7, 6, 7, 7, 6]","['A2JP9IKRHNLRPI', 'A3APMO8WXVH1V0', 'A2F48NO7AD9VKK', 'A1FP3SH704X01V', 'A22QD6M0A2C77C', 'A3KCUB6P3IE8NL', 'A2NJ7N8INZOB00', 'AU6C9UNNFJALY', 'self_report_09']"
08_DR-100_0077_1_sentence_8.wav,"[5, 2, 6, 3, 3, 4, 2, 3, 5]","[3, 7, 4, 4, 4, 5, 1, 4, 6]","['A1B4KC5KP7FH1Z', 'A1PUHCEBSOWETV', 'A2NBVTY6FLBEAF', 'A27PBC5O3Z5ZED', 'A1FP3SH704X01V', 'ARVXIBUCA8WDZ', 'A3GLUDQZGEJL5G', 'A27IABVBUZ9X8Z', 'self_report_08']"
08_DR-100_0077_3_sentence_4.wav,"[2, 6, 1, 3, 6, 3, 4, 4, 6]","[6, 4, 6, 6, 7, 6, 6, 6, 5]","['AHZPOM46IUJ2N', 'A2NBVTY6FLBEAF', 'A2F48NO7AD9VKK', 'A1FHS282JP487T', 'A2TBXASXZIRNNW', 'AFDC9A6Z60W2Z', 'A27SMEOPKV84VI', 'A2I3Y0L38HMQLZ', 'self_report_08']"
05_DR-100_0072_5_sentence_4.wav,"[2, 2, 5, 3, 7, 3, 7, 4, 6, 8]","[6, 6, 6, 6, 6, 7, 3, 6, 7, 9]","['A1PUHCEBSOWETV', 'A1FP3SH704X01V', 'A2JP9IKRHNLRPI', 'A3KCUB6P3IE8NL', 'A27SMEOPKV84VI', 'A1HXEXQTZCJ1DW', 'A2TBXASXZIRNNW', 'A2TJGFPBFEIXMJ', 'A1B4KC5KP7FH1Z', 'self_report_05']"
02_DR-100_0070_3_sentence_6.wav,"[2, 2, 2, 3, 3, 1, 5, 2, 8]","[4, 4, 5, 5, 5, 6, 6, 5, 6]","['A22QD6M0A2C77C', 'A27PBC5O3Z5ZED', 'A2B8HPIZDKYKDR', 'A2VRDE2FHCBMF8', 'A2NBVTY6FLBEAF', 'A2TJGFPBFEIXMJ', 'A1ET2J1PIP0RGO', 'A1F1BIPJR11LSR', 'self_report_02']"
09_DR-100_0078_3_sentence_6.wav,"[1, 3, 2, 2, 2, 2, 4, 1, 6]","[6, 4, 4, 4, 5, 6, 5, 5, 4]","['A2B6WQG0A9CKXQ', 'ARVXIBUCA8WDZ', 'ADLYO655RWJUI', 'A3UWM3KJYEL5XU', 'A3KCUB6P3IE8NL', 'AHZPOM46IUJ2N', 'A3G0T5Y7OSC76S', 'A2F48NO7AD9VKK', 'self_report_09']"
07_DR-100_0076_7_sentence_8.wav,"[2, 5, 5, 1, 6, 2, 2, 6, 5]","[6, 7, 6, 5, 7, 6, 6, 6, 6]","['A394S7JSNUA3TS', 'A1ET2J1PIP0RGO', 'A2I3Y0L38HMQLZ', 'A10GZ0SWBZIRBK', 'A2B8HPIZDKYKDR', 'A1PUHCEBSOWETV', 'A2EOOF9D135HQ1', 'A2TBXASXZIRNNW', 'self_report_07']"
07_DR-100_0076_7_sentence_9.wav,"[3, 1, 3, 1, 2, 3, 1, 2, 5]","[4, 6, 8, 7, 6, 6, 7, 8, 6]","['A2NJ7N8INZOB00', 'A1FHS282JP487T', 'A1PUHCEBSOWETV', 'A2FFNO6G4FEE2N', 'A20ALQT1HIVSAH', 'A27SMEOPKV84VI', 'A2EOOF9D135HQ1', 'A1HXEXQTZCJ1DW', 'self_report_07']"
03_DR-100_0071_9_sentence_11.wav,"[5, 7, 8, 2, 3, 3, 3, 1, 3]","[3, 7, 3, 6, 4, 6, 4, 4, 4]","['A2JP9IKRHNLRPI', 'ARVXIBUCA8WDZ', 'A27SMEOPKV84VI', 'A1PUHCEBSOWETV', 'A20ALQT1HIVSAH', 'A1FHS282JP487T', 'A27PBC5O3Z5ZED', 'A2F48NO7AD9VKK', 'self_report_03']"
10_DR-100_0074_7_sentence_2.wav,"[4, 5, 2, 2, 6, 7, 2, 5, 8]","[3, 3, 4, 4, 3, 4, 6, 2, 3]","['A20ALQT1HIVSAH', 'A1B4KC5KP7FH1Z', 'A2EOOF9D135HQ1', 'A1FP3SH704X01V', 'A3UWM3KJYEL5XU', 'A2MUCL20GTQJA0', 'A1PUHCEBSOWETV', 'AHZPOM46IUJ2N', 'self_report_10']"
09_DR-100_0078_3_sentence_2.wav,"[4, 7, 1, 3, 3, 3, 3, 4, 6]","[4, 5, 5, 5, 5, 5, 3, 4, 4]","['ARVXIBUCA8WDZ', 'A2TBXASXZIRNNW', 'A2EOOF9D135HQ1', 'A2VRDE2FHCBMF8', 'A3G0T5Y7OSC76S', 'A2NJ7N8INZOB00', 'A22QD6M0A2C77C', 'A27SMEOPKV84VI', 'self_report_09']"
08_DR-100_0077_9_sentence_9.wav,"[5, 4, 3, 3, 2, 3, 5, 3, 4]","[6, 6, 6, 7, 2, 6, 4, 6, 6]","['ARVXIBUCA8WDZ', 'A27PBC5O3Z5ZED', 'A2MUCL20GTQJA0', 'A22QD6M0A2C77C', 'A2NJ7N8INZOB00', 'A1FHS282JP487T', 'AA9V4NE8SOA4I', 'AFDC9A6Z60W2Z', 'self_report_08']"
03_DR-100_0071_3_sentence_11.wav,"[5, 8, 5, 3, 2, 5, 4, 4, 6]","[3, 3, 3, 3, 6, 3, 4, 6, 4]","['A2JP9IKRHNLRPI', 'A2I3Y0L38HMQLZ', 'A2VRDE2FHCBMF8', 'A1FP3SH704X01V', 'A1FHS282JP487T', 'A2FFNO6G4FEE2N', 'A1ET2J1PIP0RGO', 'A22QD6M0A2C77C', 'self_report_03']"
03_DR-100_0071_9_sentence_5.wav,"[6, 7, 2, 4, 6, 7, 5, 7, 3]","[3, 3, 6, 4, 4, 8, 3, 2, 4]","['A2B8HPIZDKYKDR', 'A27SMEOPKV84VI', 'A1PUHCEBSOWETV', 'A1HXEXQTZCJ1DW', 'A2T007HZK66WM', 'A2TJGFPBFEIXMJ', 'AFDC9A6Z60W2Z', 'A2I3Y0L38HMQLZ', 'self_report_03']"
03_DR-100_0071_5_sentence_10.wav,"[6, 4, 4, 1, 5, 5, 3, 2, 3]","[6, 5, 2, 6, 2, 4, 4, 4, 5]","['ARVXIBUCA8WDZ', 'A2VRDE2FHCBMF8', 'A2NJ7N8INZOB00', 'A2F48NO7AD9VKK', 'A1PUHCEBSOWETV', 'A27PBC5O3Z5ZED', 'A20ALQT1HIVSAH', 'A2EOOF9D135HQ1', 'self_report_03']"
07_DR-100_0076_7_sentence_3.wav,"[3, 3, 2, 1, 2, 3, 2, 4, 5]","[5, 6, 6, 6, 6, 5, 6, 7, 6]","['A27PBC5O3Z5ZED', 'A2I3Y0L38HMQLZ', 'A2F48NO7AD9VKK', 'A2T007HZK66WM', 'A2EOOF9D135HQ1', 'ARVXIBUCA8WDZ', 'A1FHS282JP487T', 'A1HXEXQTZCJ1DW', 'self_report_07']"
05_DR-100_0072_1_sentence_10.wav,"[5, 2, 1, 5, 1, 1, 1, 1, 7]","[5, 6, 5, 5, 5, 5, 5, 5, 4]","['A27SMEOPKV84VI', 'A1PUHCEBSOWETV', 'A2TBXASXZIRNNW', 'A2NBVTY6FLBEAF', 'A3KCUB6P3IE8NL', 'A10GZ0SWBZIRBK', 'A1FHS282JP487T', 'A3UWM3KJYEL5XU', 'self_report_05']"
04_DR-100_0075_9_sentence_2.wav,"[4, 5, 3, 2, 3, 6, 7, 2, 5]","[6, 4, 6, 5, 4, 7, 6, 6, 7]","['ARVXIBUCA8WDZ', 'A2I3Y0L38HMQLZ', 'A1FHS282JP487T', 'A10GZ0SWBZIRBK', 'A394S7JSNUA3TS', 'AA9V4NE8SOA4I', 'A3UWM3KJYEL5XU', 'A1PUHCEBSOWETV', 'self_report_04']"
05_DR-100_0072_9_sentence_1.wav,"[3, 5, 2, 5, 3, 6, 6, 2, 7]","[6, 6, 7, 6, 7, 7, 7, 5, 7]","['A27PBC5O3Z5ZED', 'A2NBVTY6FLBEAF', 'A1PUHCEBSOWETV', 'A2I3Y0L38HMQLZ', 'A3G0T5Y7OSC76S', 'AA9V4NE8SOA4I', 'A2MUCL20GTQJA0', 'A3GLUDQZGEJL5G', 'self_report_05']"
08_DR-100_0077_1_sentence_6.wav,"[4, 2, 3, 4, 3, 3, 3, 2, 5]","[6, 6, 5, 6, 6, 5, 5, 6, 6]","['A22QD6M0A2C77C', 'A1PUHCEBSOWETV', 'A1Y0Y6U906ABT5', 'A2TJGFPBFEIXMJ', 'A1FHS282JP487T', 'A2B6WQG0A9CKXQ', 'A1HXEXQTZCJ1DW', 'AHZPOM46IUJ2N', 'self_report_08']"
03_DR-100_0071_1_sentence_4.wav,"[2, 3, 3, 7, 8, 3, 3, 3, 4]","[6, 6, 6, 7, 8, 6, 7, 6, 5]","['A1PUHCEBSOWETV', 'A10GZ0SWBZIRBK', 'A394S7JSNUA3TS', 'ARVXIBUCA8WDZ', 'AA9V4NE8SOA4I', 'A1FHS282JP487T', 'A22QD6M0A2C77C', 'A2T007HZK66WM', 'self_report_03']"
02_DR-100_0070_3_sentence_2.wav,"[2, 1, 1, 2, 1, 1, 5, 2, 8]","[6, 5, 5, 6, 4, 2, 3, 6, 6]","['A1PUHCEBSOWETV', 'A394S7JSNUA3TS', 'A2T007HZK66WM', 'A20ALQT1HIVSAH', 'A2F48NO7AD9VKK', 'A2NJ7N8INZOB00', 'A1ET2J1PIP0RGO', 'A1FHS282JP487T', 'self_report_02']"
10_DR-100_0074_3_sentence_1.wav,"[6, 3, 2, 5, 3, 4, 6, 2, 5, 7]","[2, 4, 6, 3, 3, 5, 6, 5, 6, 4]","['A2NBVTY6FLBEAF', 'A27PBC5O3Z5ZED', 'A1PUHCEBSOWETV', 'A3G0T5Y7OSC76S', 'A2FFNO6G4FEE2N', 'A1OUUZSD5DD4ZN', 'A2TJGFPBFEIXMJ', 'A1HXEXQTZCJ1DW', 'A1B4KC5KP7FH1Z', 'self_report_10']"
01_DR-100_0079_3_sentence_6.wav,"[1, 2, 5, 2, 2, 1, 3, 3, 3]","[7, 9, 7, 6, 6, 5, 6, 7, 3]","['A2NJ7N8INZOB00', 'A2B6WQG0A9CKXQ', 'AA9V4NE8SOA4I', 'A1FHS282JP487T', 'A1PUHCEBSOWETV', 'A2F48NO7AD9VKK', 'A27PBC5O3Z5ZED', 'AU6C9UNNFJALY', 'self_report_01']"
01_DR-100_0079_1_sentence_6.wav,"[5, 3, 2, 1, 4, 2, 3, 3, 2, 7]","[5, 5, 6, 5, 6, 5, 7, 6, 6, 8]","['A2TBXASXZIRNNW', 'A27PBC5O3Z5ZED', 'A1PUHCEBSOWETV', 'A2F48NO7AD9VKK', 'A2TJGFPBFEIXMJ', 'A394S7JSNUA3TS', 'A2B6WQG0A9CKXQ', 'AHZPOM46IUJ2N', 'A1HXEXQTZCJ1DW', 'self_report_01']"
03_DR-100_0071_1_sentence_6.wav,"[1, 8, 8, 8, 3, 7, 4, 3, 4]","[6, 9, 6, 1, 6, 3, 3, 7, 5]","['A2F48NO7AD9VKK', 'A2B6WQG0A9CKXQ', 'A27SMEOPKV84VI', 'A2TBXASXZIRNNW', 'A1FHS282JP487T', 'A2MUCL20GTQJA0', 'A1PUHCEBSOWETV', 'A22QD6M0A2C77C', 'self_report_03']"
02_DR-100_0070_5_sentence_10.wav,"[4, 2, 2, 3, 2, 4, 6, 4, 8]","[6, 6, 5, 6, 6, 7, 5, 7, 7]","['A27PBC5O3Z5ZED', 'A1PUHCEBSOWETV', 'A1FP3SH704X01V', 'A1HXEXQTZCJ1DW', 'A394S7JSNUA3TS', 'A2JP9IKRHNLRPI', 'A2TBXASXZIRNNW', 'A1F1BIPJR11LSR', 'self_report_02']"
04_DR-100_0075_3_sentence_4.wav,"[5, 7, 3, 4, 5, 3, 2, 4, 5]","[6, 3, 2, 6, 6, 6, 6, 5, 7]","['A1ET2J1PIP0RGO', 'A2NBVTY6FLBEAF', 'A2NJ7N8INZOB00', 'A2B8HPIZDKYKDR', 'AHZPOM46IUJ2N', 'A20ALQT1HIVSAH', 'A1PUHCEBSOWETV', 'A2VRDE2FHCBMF8', 'self_report_04']"
04_DR-100_0075_7_sentence_6.wav,"[2, 3, 6, 5, 5, 3, 6, 5, 5]","[6, 6, 5, 6, 6, 6, 7, 4, 7]","['A20ALQT1HIVSAH', 'A3UWM3KJYEL5XU', 'ARVXIBUCA8WDZ', 'A2TJGFPBFEIXMJ', 'AHZPOM46IUJ2N', 'A1FHS282JP487T', 'A1ET2J1PIP0RGO', 'AA9V4NE8SOA4I', 'self_report_04']"
07_DR-100_0076_5_sentence_2.wav,"[3, 3, 5, 1, 3, 6, 3, 4, 4]","[4, 3, 3, 5, 5, 4, 5, 4, 5]","['ARVXIBUCA8WDZ', 'A2NBVTY6FLBEAF', 'A3UWM3KJYEL5XU', 'A394S7JSNUA3TS', 'A2VRDE2FHCBMF8', 'A27SMEOPKV84VI', 'AFDC9A6Z60W2Z', 'A2I3Y0L38HMQLZ', 'self_report_07']"
09_DR-100_0078_3_sentence_1.wav,"[4, 3, 2, 3, 2, 2, 3, 5, 6]","[6, 6, 6, 6, 7, 6, 6, 7, 4]","['ARVXIBUCA8WDZ', 'A2B8HPIZDKYKDR', 'A20ALQT1HIVSAH', 'A2I3Y0L38HMQLZ', 'A1HXEXQTZCJ1DW', 'A1PUHCEBSOWETV', 'A2VRDE2FHCBMF8', 'A2JP9IKRHNLRPI', 'self_report_09']"
06_DR-100_0073_3_sentence_5.wav,"[5, 5, 3, 4, 4, 4, 6, 4, 5]","[7, 4, 7, 7, 6, 3, 7, 5, 7]","['A2MUCL20GTQJA0', 'A2JP9IKRHNLRPI', 'A2TJGFPBFEIXMJ', 'AHZPOM46IUJ2N', 'A27PBC5O3Z5ZED', 'A1ET2J1PIP0RGO', 'ARVXIBUCA8WDZ', 'A2VRDE2FHCBMF8', 'self_report_06']"
05_DR-100_0072_5_sentence_5.wav,"[3, 2, 5, 3, 6, 3, 2, 3, 8]","[7, 5, 5, 5, 4, 6, 5, 3, 9]","['AHZPOM46IUJ2N', 'A3KCUB6P3IE8NL', 'A2NJ7N8INZOB00', 'A2VRDE2FHCBMF8', 'A2TBXASXZIRNNW', 'A27PBC5O3Z5ZED', 'A1FHS282JP487T', 'A1PUHCEBSOWETV', 'self_report_05']"
03_DR-100_0071_3_sentence_2.wav,"[2, 4, 5, 5, 4, 5, 6, 5, 6]","[6, 4, 2, 4, 3, 3, 4, 3, 4]","['A1PUHCEBSOWETV', 'A3KCUB6P3IE8NL', 'A2JP9IKRHNLRPI', 'A1HXEXQTZCJ1DW', 'A27PBC5O3Z5ZED', 'A22QD6M0A2C77C', 'AHZPOM46IUJ2N', 'AEO84PDSWW0W', 'self_report_03']"
01_DR-100_0079_7_sentence_1.wav,"[2, 5, 4, 6, 2, 3, 1, 1, 7]","[6, 7, 6, 7, 6, 5, 6, 6, 7]","['A1PUHCEBSOWETV', 'A2I3Y0L38HMQLZ', 'ARVXIBUCA8WDZ', 'A1ET2J1PIP0RGO', 'A1FHS282JP487T', 'A2VRDE2FHCBMF8', 'A2EOOF9D135HQ1', 'A2FFNO6G4FEE2N', 'self_report_01']"
02_DR-100_0070_3_sentence_10.wav,"[6, 3, 2, 2, 2, 3, 5, 1, 8]","[5, 6, 6, 6, 6, 5, 6, 5, 6]","['A2NBVTY6FLBEAF', 'A2B8HPIZDKYKDR', 'A1FHS282JP487T', 'A1PUHCEBSOWETV', 'A27PBC5O3Z5ZED', 'A2VRDE2FHCBMF8', 'A2TBXASXZIRNNW', 'A2EOOF9D135HQ1', 'self_report_02']"
03_DR-100_0071_3_sentence_10.wav,"[7, 4, 3, 6, 6, 6, 4, 6, 6]","[3, 4, 6, 4, 4, 3, 4, 4, 4]","['A27SMEOPKV84VI', 'A2VRDE2FHCBMF8', 'A1FHS282JP487T', 'A1ET2J1PIP0RGO', 'AA9V4NE8SOA4I', 'A2JP9IKRHNLRPI', 'A27PBC5O3Z5ZED', 'A1Y0Y6U906ABT5', 'self_report_03']"
01_DR-100_0079_5_sentence_5.wav,"[6, 4, 3, 3, 1, 4, 4, 3, 5]","[4, 6, 8, 5, 5, 5, 5, 7, 4]","['A2TBXASXZIRNNW', 'A2JP9IKRHNLRPI', 'A2B6WQG0A9CKXQ', 'A2VRDE2FHCBMF8', 'A394S7JSNUA3TS', 'ARVXIBUCA8WDZ', 'A3G0T5Y7OSC76S', 'A22QD6M0A2C77C', 'self_report_01']"
01_DR-100_0079_1_sentence_7.wav,"[3, 4, 2, 4, 6, 1, 2, 4, 2, 7]","[6, 4, 6, 7, 7, 6, 7, 4, 7, 8]","['A394S7JSNUA3TS', 'A2JP9IKRHNLRPI', 'A1PUHCEBSOWETV', 'A27SMEOPKV84VI', 'AA9V4NE8SOA4I', 'A2F48NO7AD9VKK', 'AU6C9UNNFJALY', 'ARVXIBUCA8WDZ', 'A1HXEXQTZCJ1DW', 'self_report_01']"
04_DR-100_0075_5_sentence_5.wav,"[4, 6, 6, 5, 3, 7, 3, 7, 7, 4]","[6, 7, 8, 4, 7, 3, 7, 7, 3, 7]","['A27PBC5O3Z5ZED', 'A27SMEOPKV84VI', 'A2FFNO6G4FEE2N', 'AFDC9A6Z60W2Z', 'A22QD6M0A2C77C', 'A3UWM3KJYEL5XU', 'A394S7JSNUA3TS', 'AA9V4NE8SOA4I', 'A2TBXASXZIRNNW', 'self_report_04']"
10_DR-100_0074_7_sentence_8.wav,"[2, 3, 2, 2, 2, 6, 4, 2, 5, 8]","[1, 6, 6, 5, 6, 5, 4, 4, 3, 3]","['AFDC9A6Z60W2Z', 'A3G0T5Y7OSC76S', 'A1PUHCEBSOWETV', 'A3GLUDQZGEJL5G', 'A1FHS282JP487T', 'ARVXIBUCA8WDZ', 'A2NJ7N8INZOB00', 'A22QD6M0A2C77C', 'A2JP9IKRHNLRPI', 'self_report_10']"
08_DR-100_0077_5_sentence_2.wav,"[3, 3, 7, 3, 3, 3, 3, 3, 6]","[5, 4, 7, 4, 4, 2, 6, 4, 5]","['A27PBC5O3Z5ZED', 'A3APMO8WXVH1V0', 'A2TBXASXZIRNNW', 'A394S7JSNUA3TS', 'A3G0T5Y7OSC76S', 'A2B6WQG0A9CKXQ', 'A1FHS282JP487T', 'A2VRDE2FHCBMF8', 'self_report_08']"
06_DR-100_0073_9_sentence_2.wav,"[5, 2, 2, 3, 2, 3, 2, 2, 4]","[7, 3, 6, 7, 5, 6, 6, 6, 7]","['ARVXIBUCA8WDZ', 'A3GLUDQZGEJL5G', 'A1PUHCEBSOWETV', 'A2EOOF9D135HQ1', 'AFDC9A6Z60W2Z', 'A2TJGFPBFEIXMJ', 'A1FP3SH704X01V', 'A1FHS282JP487T', 'self_report_06']"
08_DR-100_0077_5_sentence_9.wav,"[3, 5, 1, 4, 4, 4, 5, 5, 6]","[4, 6, 5, 6, 6, 6, 4, 6, 5]","['A394S7JSNUA3TS', 'A27SMEOPKV84VI', 'A2EOOF9D135HQ1', 'A27PBC5O3Z5ZED', 'A2TJGFPBFEIXMJ', 'A1ET2J1PIP0RGO', 'A1B4KC5KP7FH1Z', 'A2B8HPIZDKYKDR', 'self_report_08']"
02_DR-100_0070_9_sentence_8.wav,"[3, 4, 1, 2, 3, 5, 3, 1, 7]","[4, 6, 6, 6, 6, 5, 5, 5, 4]","['ARVXIBUCA8WDZ', 'A1ET2J1PIP0RGO', 'A1FHS282JP487T', 'A3UWM3KJYEL5XU', 'A1PZ1YZAQEXRSQ', 'A2TBXASXZIRNNW', 'A2VRDE2FHCBMF8', 'A2F48NO7AD9VKK', 'self_report_02']"
08_DR-100_0077_7_sentence_5.wav,"[3, 2, 2, 2, 6, 5, 3, 2, 4]","[2, 6, 6, 6, 7, 3, 6, 6, 5]","['A2NJ7N8INZOB00', 'A1PUHCEBSOWETV', 'A3GLUDQZGEJL5G', 'A1FHS282JP487T', 'A2TBXASXZIRNNW', 'A1ET2J1PIP0RGO', 'A20ALQT1HIVSAH', 'AHZPOM46IUJ2N', 'self_report_08']"
05_DR-100_0072_5_sentence_9.wav,"[1, 2, 5, 2, 3, 1, 2, 4, 8]","[4, 6, 6, 6, 5, 6, 7, 6, 9]","['A3GLUDQZGEJL5G', 'A1HXEXQTZCJ1DW', 'A2B8HPIZDKYKDR', 'A1PUHCEBSOWETV', 'A2TJGFPBFEIXMJ', 'A2EOOF9D135HQ1', 'AU6C9UNNFJALY', 'A22QD6M0A2C77C', 'self_report_05']"
03_DR-100_0071_9_sentence_6.wav,"[2, 7, 7, 3, 5, 7, 6, 7, 3]","[3, 7, 3, 6, 5, 1, 2, 4, 4]","['A1PUHCEBSOWETV', 'ARVXIBUCA8WDZ', 'A2I3Y0L38HMQLZ', 'A394S7JSNUA3TS', 'A2EOOF9D135HQ1', 'A2B8HPIZDKYKDR', 'AA9V4NE8SOA4I', 'A2B6WQG0A9CKXQ', 'self_report_03']"
01_DR-100_0079_7_sentence_2.wav,"[1, 1, 1, 5, 2, 3, 4, 4, 7]","[5, 5, 4, 5, 4, 4, 5, 4, 7]","['A394S7JSNUA3TS', 'A20ALQT1HIVSAH', 'A2FFNO6G4FEE2N', 'A2TBXASXZIRNNW', 'A2F48NO7AD9VKK', 'AA9V4NE8SOA4I', 'A3UWM3KJYEL5XU', 'A2NJ7N8INZOB00', 'self_report_01']"
10_DR-100_0074_1_sentence_1.wav,"[2, 3, 6, 6, 4, 2, 5, 4, 6]","[6, 6, 5, 6, 5, 6, 4, 5, 7]","['A1HXEXQTZCJ1DW', 'A1Y0Y6U906ABT5', 'A2TBXASXZIRNNW', 'A2NBVTY6FLBEAF', 'A2VRDE2FHCBMF8', 'A1PUHCEBSOWETV', 'A22QD6M0A2C77C', 'A27SMEOPKV84VI', 'self_report_10']"
03_DR-100_0071_9_sentence_8.wav,"[2, 1, 4, 6, 4, 4, 7, 5, 7, 3]","[6, 5, 4, 3, 4, 2, 2, 2, 3, 4]","['A1PUHCEBSOWETV', 'A3GLUDQZGEJL5G', 'A1ET2J1PIP0RGO', 'A1F1BIPJR11LSR', 'A2EOOF9D135HQ1', 'A27PBC5O3Z5ZED', 'A2I3Y0L38HMQLZ', 'A1B4KC5KP7FH1Z', 'A3UWM3KJYEL5XU', 'self_report_03']"
04_DR-100_0075_7_sentence_7.wav,"[2, 2, 6, 5, 6, 5, 3, 7, 5]","[4, 7, 4, 4, 4, 4, 5, 4, 7]","['A20ALQT1HIVSAH', 'A1PUHCEBSOWETV', 'A2NBVTY6FLBEAF', 'AFDC9A6Z60W2Z', 'A2I3Y0L38HMQLZ', 'A22QD6M0A2C77C', 'A2VRDE2FHCBMF8', 'A3UWM3KJYEL5XU', 'self_report_04']"
03_DR-100_0071_5_sentence_5.wav,"[8, 2, 8, 6, 6, 6, 5, 2, 6, 3]","[3, 6, 4, 7, 4, 4, 4, 3, 2, 5]","['A27SMEOPKV84VI', 'A1PUHCEBSOWETV', 'A2NBVTY6FLBEAF', 'AHZPOM46IUJ2N', 'A27PBC5O3Z5ZED', 'A2NJ7N8INZOB00', 'A2EOOF9D135HQ1', 'A3GLUDQZGEJL5G', 'A2JP9IKRHNLRPI', 'self_report_03']"
10_DR-100_0074_5_sentence_2.wav,"[3, 2, 3, 1, 3, 1, 2, 3, 6]","[5, 6, 4, 5, 4, 5, 6, 6, 7]","['ADLYO655RWJUI', 'A1PUHCEBSOWETV', 'A27PBC5O3Z5ZED', 'A2EOOF9D135HQ1', 'A1Y0Y6U906ABT5', 'A394S7JSNUA3TS', 'A1FHS282JP487T', 'A22QD6M0A2C77C', 'self_report_10']"
10_DR-100_0074_3_sentence_5.wav,"[4, 2, 5, 2, 5, 5, 3, 3, 7]","[5, 6, 4, 7, 3, 6, 7, 8, 4]","['ARVXIBUCA8WDZ', 'A20ALQT1HIVSAH', 'A2TBXASXZIRNNW', 'AU6C9UNNFJALY', 'AA9V4NE8SOA4I', 'A27SMEOPKV84VI', 'A22QD6M0A2C77C', 'A3G0T5Y7OSC76S', 'self_report_10']"
04_DR-100_0075_7_sentence_5.wav,"[5, 3, 2, 3, 6, 2, 6, 6, 5]","[3, 5, 4, 5, 6, 6, 4, 6, 7]","['AA9V4NE8SOA4I', 'A2EOOF9D135HQ1', 'A394S7JSNUA3TS', 'A20ALQT1HIVSAH', 'A2NJ7N8INZOB00', 'A1PUHCEBSOWETV', 'A2B8HPIZDKYKDR', 'A2B6WQG0A9CKXQ', 'self_report_04']"
10_DR-100_0074_3_sentence_3.wav,"[2, 3, 2, 5, 3, 2, 4, 4, 7]","[6, 6, 6, 6, 2, 6, 7, 6, 4]","['A1PUHCEBSOWETV', 'A22QD6M0A2C77C', 'A1FP3SH704X01V', 'AA9V4NE8SOA4I', 'A3GLUDQZGEJL5G', 'A2F48NO7AD9VKK', 'AU6C9UNNFJALY', 'AFDC9A6Z60W2Z', 'self_report_10']"
04_DR-100_0075_3_sentence_8.wav,"[3, 4, 1, 5, 2, 2, 6, 3, 5]","[7, 6, 5, 3, 4, 6, 7, 6, 7]","['A1PUHCEBSOWETV', 'A27PBC5O3Z5ZED', 'A3GLUDQZGEJL5G', 'A2JP9IKRHNLRPI', 'A1HXEXQTZCJ1DW', 'A1FHS282JP487T', 'AA9V4NE8SOA4I', 'A22QD6M0A2C77C', 'self_report_04']"
08_DR-100_0077_3_sentence_6.wav,"[1, 2, 3, 2, 5, 2, 3, 5, 6]","[6, 8, 7, 6, 7, 6, 8, 6, 5]","['A3GLUDQZGEJL5G', 'A2TJGFPBFEIXMJ', 'A394S7JSNUA3TS', 'A2FFNO6G4FEE2N', 'A1Y0Y6U906ABT5', 'A1FHS282JP487T', 'A22QD6M0A2C77C', 'ARVXIBUCA8WDZ', 'self_report_08']"
02_DR-100_0070_7_sentence_11.wav,"[3, 5, 3, 2, 5, 2, 3, 3, 7]","[2, 4, 6, 2, 3, 2, 2, 2, 5]","['A2B8HPIZDKYKDR', 'A1ET2J1PIP0RGO', 'A2VRDE2FHCBMF8', 'AFDC9A6Z60W2Z', 'A2I3Y0L38HMQLZ', 'A3GLUDQZGEJL5G', 'A2B6WQG0A9CKXQ', 'A1PZ1YZAQEXRSQ', 'self_report_02']"
02_DR-100_0070_9_sentence_4.wav,"[3, 4, 2, 2, 2, 2, 5, 3, 7]","[5, 6, 6, 6, 6, 6, 7, 7, 4]","['A2VRDE2FHCBMF8', 'A2I3Y0L38HMQLZ', 'A1PUHCEBSOWETV', 'A20ALQT1HIVSAH', 'A2F48NO7AD9VKK', 'A1FHS282JP487T', 'A2MUCL20GTQJA0', 'A22QD6M0A2C77C', 'self_report_02']"
02_DR-100_0070_9_sentence_1.wav,"[1, 1, 3, 2, 1, 2, 2, 2, 4, 7]","[5, 6, 4, 6, 5, 5, 6, 4, 6, 4]","['A2EOOF9D135HQ1', 'A2F48NO7AD9VKK', 'A3GLUDQZGEJL5G', 'A1PUHCEBSOWETV', 'A2TJGFPBFEIXMJ', 'AFDC9A6Z60W2Z', 'A1HXEXQTZCJ1DW', 'A2B6WQG0A9CKXQ', 'A1B4KC5KP7FH1Z', 'self_report_02']"
05_DR-100_0072_9_sentence_8.wav,"[3, 7, 5, 2, 3, 1, 4, 1, 7]","[5, 4, 7, 6, 7, 5, 6, 6, 7]","['A2VRDE2FHCBMF8', 'A2TBXASXZIRNNW', 'A1ET2J1PIP0RGO', 'A1FHS282JP487T', 'A3KCUB6P3IE8NL', 'A2F48NO7AD9VKK', 'A2T007HZK66WM', 'A2FFNO6G4FEE2N', 'self_report_05']"
05_DR-100_0072_5_sentence_12.wav,"[3, 6, 4, 2, 4, 5, 6, 4, 8]","[6, 5, 4, 6, 6, 7, 7, 7, 9]","['A1FHS282JP487T', 'A2TBXASXZIRNNW', 'A2NBVTY6FLBEAF', 'A1PUHCEBSOWETV', 'A3UWM3KJYEL5XU', 'A2JP9IKRHNLRPI', 'ARVXIBUCA8WDZ', 'AHZPOM46IUJ2N', 'self_report_05']"
06_DR-100_0073_1_sentence_4.wav,"[7, 2, 5, 3, 3, 3, 3, 1, 4, 6]","[2, 6, 4, 4, 4, 3, 4, 6, 4, 6]","['A2TBXASXZIRNNW', 'A1PUHCEBSOWETV', 'A2I3Y0L38HMQLZ', 'A3UWM3KJYEL5XU', 'A27PBC5O3Z5ZED', 'A2NJ7N8INZOB00', 'A1Y0Y6U906ABT5', 'A2FFNO6G4FEE2N', 'A2JP9IKRHNLRPI', 'self_report_06']"
03_DR-100_0071_7_sentence_5.wav,"[3, 4, 3, 8, 7, 3, 3, 2, 3]","[6, 6, 7, 7, 8, 3, 6, 6, 5]","['A2B8HPIZDKYKDR', 'A27PBC5O3Z5ZED', 'A394S7JSNUA3TS', 'A2NBVTY6FLBEAF', 'AA9V4NE8SOA4I', 'A1FP3SH704X01V', 'A20ALQT1HIVSAH', 'A1FHS282JP487T', 'self_report_03']"
10_DR-100_0074_1_sentence_9.wav,"[6, 1, 2, 1, 5, 1, 5, 3, 6]","[4, 5, 5, 5, 5, 5, 7, 6, 7]","['A2TBXASXZIRNNW', 'A2EOOF9D135HQ1', 'AU6C9UNNFJALY', 'A3KCUB6P3IE8NL', 'A2MUCL20GTQJA0', 'A2T007HZK66WM', 'A1ET2J1PIP0RGO', 'A1F1BIPJR11LSR', 'self_report_10']"
08_DR-100_0077_7_sentence_7.wav,"[2, 6, 2, 4, 6, 2, 5, 3, 4, 4]","[7, 7, 6, 6, 5, 6, 6, 7, 6, 5]","['A1PUHCEBSOWETV', 'A2TBXASXZIRNNW', 'A10GZ0SWBZIRBK', 'A2I3Y0L38HMQLZ', 'A2NBVTY6FLBEAF', 'A3GLUDQZGEJL5G', 'A1ET2J1PIP0RGO', 'A22QD6M0A2C77C', 'A2JP9IKRHNLRPI', 'self_report_08']"
10_DR-100_0074_9_sentence_2.wav,"[2, 1, 1, 3, 1, 3, 3, 2, 8]","[5, 5, 5, 6, 5, 5, 5, 7, 7]","['A2VRDE2FHCBMF8', 'A20ALQT1HIVSAH', 'A1PZ1YZAQEXRSQ', 'A2TJGFPBFEIXMJ', 'A394S7JSNUA3TS', 'AFDC9A6Z60W2Z', 'A1F1BIPJR11LSR', 'A1PUHCEBSOWETV', 'self_report_10']"
09_DR-100_0078_9_sentence_6.wav,"[2, 2, 3, 3, 2, 4, 2, 5, 4]","[5, 7, 3, 4, 3, 6, 3, 3, 6]","['A1FHS282JP487T', 'A1PUHCEBSOWETV', 'AHZPOM46IUJ2N', 'A2VRDE2FHCBMF8', 'A3KCUB6P3IE8NL', 'A1ET2J1PIP0RGO', 'A2NJ7N8INZOB00', 'A1B4KC5KP7FH1Z', 'self_report_09']"
10_DR-100_0074_9_sentence_3.wav,"[6, 5, 3, 1, 6, 3, 4, 2, 8]","[5, 6, 6, 7, 6, 6, 7, 5, 7]","['A2TBXASXZIRNNW', 'A2B6WQG0A9CKXQ', 'A2VRDE2FHCBMF8', 'A10GZ0SWBZIRBK', 'ARVXIBUCA8WDZ', 'A1Y0Y6U906ABT5', 'A2B8HPIZDKYKDR', 'A2EOOF9D135HQ1', 'self_report_10']"
02_DR-100_0070_1_sentence_1.wav,"[2, 4, 2, 6, 4, 5, 5, 3, 5, 7]","[6, 6, 6, 7, 5, 6, 7, 6, 7, 6]","['A2FFNO6G4FEE2N', 'A2I3Y0L38HMQLZ', 'A1PUHCEBSOWETV', 'A2TBXASXZIRNNW', 'A27SMEOPKV84VI', 'A1ET2J1PIP0RGO', 'AA9V4NE8SOA4I', 'A2B8HPIZDKYKDR', 'A1B4KC5KP7FH1Z', 'self_report_02']"
06_DR-100_0073_9_sentence_5.wav,"[5, 2, 4, 5, 4, 6, 7, 7, 5, 4]","[6, 6, 5, 8, 7, 8, 7, 8, 7, 7]","['ADLYO655RWJUI', 'A1PUHCEBSOWETV', 'A1ET2J1PIP0RGO', 'A3APMO8WXVH1V0', 'A394S7JSNUA3TS', 'A2MUCL20GTQJA0', 'A3UWM3KJYEL5XU', 'AA9V4NE8SOA4I', 'A1B4KC5KP7FH1Z', 'self_report_06']"
08_DR-100_0077_7_sentence_3.wav,"[4, 5, 2, 5, 3, 2, 3, 4, 4]","[5, 5, 5, 4, 6, 6, 4, 6, 5]","['A1ET2J1PIP0RGO', 'A27SMEOPKV84VI', 'A3KCUB6P3IE8NL', 'A2I3Y0L38HMQLZ', 'A2TJGFPBFEIXMJ', 'A1PUHCEBSOWETV', 'A2MUCL20GTQJA0', 'A3UWM3KJYEL5XU', 'self_report_08']"
03_DR-100_0071_5_sentence_9.wav,"[2, 5, 3, 5, 3, 6, 5, 5, 3]","[4, 3, 1, 2, 4, 6, 5, 3, 5]","['A394S7JSNUA3TS', 'A22QD6M0A2C77C', 'A10GZ0SWBZIRBK', 'AA9V4NE8SOA4I', 'A1FP3SH704X01V', 'A2EOOF9D135HQ1', 'A2VRDE2FHCBMF8', 'A1F1BIPJR11LSR', 'self_report_03']"
02_DR-100_0070_1_sentence_6.wav,"[3, 2, 4, 3, 2, 1, 2, 2, 7]","[6, 6, 7, 6, 5, 6, 6, 6, 6]","['ARVXIBUCA8WDZ', 'A2B8HPIZDKYKDR', 'A1Y0Y6U906ABT5', 'A2NBVTY6FLBEAF', 'A27SMEOPKV84VI', 'A2EOOF9D135HQ1', 'A1PUHCEBSOWETV', 'AEO84PDSWW0W', 'self_report_02']"
10_DR-100_0074_9_sentence_10.wav,"[3, 1, 3, 5, 2, 3, 2, 5, 8]","[4, 5, 7, 6, 6, 7, 5, 5, 7]","['A27PBC5O3Z5ZED', 'A2T007HZK66WM', 'A2MUCL20GTQJA0', 'A2I3Y0L38HMQLZ', 'A1PUHCEBSOWETV', 'A22QD6M0A2C77C', 'A27IABVBUZ9X8Z', 'ARVXIBUCA8WDZ', 'self_report_10']"
01_DR-100_0079_5_sentence_2.wav,"[1, 2, 3, 2, 3, 6, 5, 6, 5]","[5, 6, 6, 7, 6, 6, 6, 5, 4]","['A2EOOF9D135HQ1', 'A20ALQT1HIVSAH', 'A1FHS282JP487T', 'A1PUHCEBSOWETV', 'A2NBVTY6FLBEAF', 'A2NJ7N8INZOB00', 'AA9V4NE8SOA4I', 'A27SMEOPKV84VI', 'self_report_01']"
03_DR-100_0071_9_sentence_7.wav,"[3, 2, 8, 6, 8, 6, 7, 5, 3]","[5, 4, 1, 4, 3, 3, 2, 4, 4]","['A2VRDE2FHCBMF8', 'A1HXEXQTZCJ1DW', 'A2TBXASXZIRNNW', 'A2NJ7N8INZOB00', 'A2NBVTY6FLBEAF', 'AFDC9A6Z60W2Z', 'A27SMEOPKV84VI', 'A3UWM3KJYEL5XU', 'self_report_03']"
04_DR-100_0075_3_sentence_10.wav,"[2, 2, 4, 5, 1, 4, 5, 2, 5]","[6, 4, 4, 6, 5, 4, 6, 5, 7]","['A1PUHCEBSOWETV', 'A2F48NO7AD9VKK', 'A1Y0Y6U906ABT5', 'A3UWM3KJYEL5XU', 'A394S7JSNUA3TS', 'A2MUCL20GTQJA0', 'A1ET2J1PIP0RGO', 'A3GLUDQZGEJL5G', 'self_report_04']"
06_DR-100_0073_5_sentence_2.wav,"[1, 2, 5, 2, 3, 2, 2, 4, 5, 6]","[5, 5, 6, 7, 6, 5, 5, 5, 5, 4]","['A2F48NO7AD9VKK', 'A1HXEXQTZCJ1DW', 'ARVXIBUCA8WDZ', 'A1PUHCEBSOWETV', 'A27PBC5O3Z5ZED', 'A20ALQT1HIVSAH', 'A2EOOF9D135HQ1', 'AEO84PDSWW0W', 'A2JP9IKRHNLRPI', 'self_report_06']"
03_DR-100_0071_3_sentence_9.wav,"[4, 7, 5, 4, 5, 2, 2, 3, 6]","[4, 3, 3, 2, 1, 6, 4, 6, 4]","['A2VRDE2FHCBMF8', 'A2B6WQG0A9CKXQ', 'A27PBC5O3Z5ZED', 'A2NJ7N8INZOB00', 'A1PZ1YZAQEXRSQ', 'A1PUHCEBSOWETV', 'A2F48NO7AD9VKK', 'A1FHS282JP487T', 'self_report_03']"
04_DR-100_0075_1_sentence_1.wav,"[2, 5, 2, 2, 4, 2, 3, 3, 5]","[4, 4, 6, 5, 6, 6, 3, 5, 7]","['AEO84PDSWW0W', 'ARVXIBUCA8WDZ', 'A1PUHCEBSOWETV', 'A2T007HZK66WM', 'A2MUCL20GTQJA0', 'A1FHS282JP487T', 'A3G0T5Y7OSC76S', 'A22QD6M0A2C77C', 'self_report_04']"
01_DR-100_0079_1_sentence_8.wav,"[2, 2, 2, 5, 2, 2, 2, 1, 7]","[5, 6, 6, 6, 5, 4, 6, 6, 8]","['A1FP3SH704X01V', 'A1FHS282JP487T', 'A1PUHCEBSOWETV', 'AA9V4NE8SOA4I', 'A2TJGFPBFEIXMJ', 'A2MUCL20GTQJA0', 'A22QD6M0A2C77C', 'A1PZ1YZAQEXRSQ', 'self_report_01']"
03_DR-100_0071_9_sentence_1.wav,"[6, 5, 5, 9, 7, 4, 8, 4, 3]","[4, 6, 1, 1, 5, 7, 5, 5, 4]","['A2MUCL20GTQJA0', 'ARVXIBUCA8WDZ', 'A1PUHCEBSOWETV', 'A2TBXASXZIRNNW', 'A2NBVTY6FLBEAF', 'A2FFNO6G4FEE2N', 'A27SMEOPKV84VI', 'AFDC9A6Z60W2Z', 'self_report_03']"
02_DR-100_0070_1_sentence_5.wav,"[3, 2, 5, 3, 2, 2, 1, 3, 7]","[6, 6, 3, 5, 5, 3, 5, 5, 6]","['A22QD6M0A2C77C', 'A1FHS282JP487T', 'AA9V4NE8SOA4I', 'A1Y0Y6U906ABT5', 'A394S7JSNUA3TS', 'A1F1BIPJR11LSR', 'A3GLUDQZGEJL5G', 'A3G0T5Y7OSC76S', 'self_report_02']"
01_DR-100_0079_7_sentence_3.wav,"[2, 2, 3, 2, 5, 4, 2, 4, 7]","[5, 5, 5, 6, 3, 6, 6, 6, 7]","['A1FHS282JP487T', 'A1HXEXQTZCJ1DW', 'A1Y0Y6U906ABT5', 'A394S7JSNUA3TS', 'A2JP9IKRHNLRPI', 'A2TJGFPBFEIXMJ', 'A20ALQT1HIVSAH', 'A2I3Y0L38HMQLZ', 'self_report_01']"
10_DR-100_0074_1_sentence_6.wav,"[4, 5, 3, 4, 3, 2, 3, 4, 6]","[6, 7, 4, 5, 7, 6, 6, 7, 7]","['A27SMEOPKV84VI', 'A2I3Y0L38HMQLZ', 'A2T007HZK66WM', 'A3G0T5Y7OSC76S', 'A2TJGFPBFEIXMJ', 'A2F48NO7AD9VKK', 'A1FHS282JP487T', 'A3UWM3KJYEL5XU', 'self_report_10']"
01_DR-100_0079_3_sentence_3.wav,"[5, 2, 2, 3, 3, 3, 1, 1, 3]","[6, 6, 7, 7, 6, 9, 7, 6, 3]","['A2I3Y0L38HMQLZ', 'A20ALQT1HIVSAH', 'AFDC9A6Z60W2Z', 'A2FFNO6G4FEE2N', 'A3KCUB6P3IE8NL', 'A22QD6M0A2C77C', 'A1HXEXQTZCJ1DW', 'A2EOOF9D135HQ1', 'self_report_01']"
06_DR-100_0073_3_sentence_7.wav,"[5, 2, 7, 2, 4, 3, 1, 6, 5]","[6, 6, 6, 6, 6, 5, 4, 7, 7]","['A2I3Y0L38HMQLZ', 'A1PUHCEBSOWETV', 'A27SMEOPKV84VI', 'A1FP3SH704X01V', 'A27PBC5O3Z5ZED', 'A1Y0Y6U906ABT5', 'A2F48NO7AD9VKK', 'AHZPOM46IUJ2N', 'self_report_06']"
03_DR-100_0071_5_sentence_6.wav,"[6, 5, 6, 2, 3, 3, 3, 5, 3]","[3, 2, 7, 4, 6, 5, 5, 3, 5]","['A2B6WQG0A9CKXQ', 'A1PUHCEBSOWETV', 'ARVXIBUCA8WDZ', 'A3KCUB6P3IE8NL', 'A1FHS282JP487T', 'A2VRDE2FHCBMF8', 'A2T007HZK66WM', 'AA9V4NE8SOA4I', 'self_report_03']"
07_DR-100_0076_5_sentence_1.wav,"[2, 6, 3, 2, 7, 3, 2, 5, 4]","[6, 8, 3, 5, 5, 4, 5, 2, 5]","['A1PUHCEBSOWETV', 'A2MUCL20GTQJA0', 'A2B6WQG0A9CKXQ', 'A1FP3SH704X01V', 'A2NBVTY6FLBEAF', 'A32U64W0S9PUA3', 'A20ALQT1HIVSAH', 'A22QD6M0A2C77C', 'self_report_07']"
06_DR-100_0073_1_sentence_6.wav,"[2, 6, 4, 5, 5, 3, 5, 1, 6]","[6, 5, 5, 5, 6, 5, 3, 5, 6]","['A1FHS282JP487T', 'A27SMEOPKV84VI', 'A1ET2J1PIP0RGO', 'A1B4KC5KP7FH1Z', 'AHZPOM46IUJ2N', 'A2B6WQG0A9CKXQ', 'A22QD6M0A2C77C', 'A3GLUDQZGEJL5G', 'self_report_06']"
05_DR-100_0072_5_sentence_8.wav,"[3, 2, 2, 7, 6, 4, 5, 3, 8]","[6, 7, 7, 6, 6, 6, 6, 7, 9]","['A1FHS282JP487T', 'A2EOOF9D135HQ1', 'A1HXEXQTZCJ1DW', 'A2MUCL20GTQJA0', 'ARVXIBUCA8WDZ', 'AA9V4NE8SOA4I', 'A2JP9IKRHNLRPI', 'AU6C9UNNFJALY', 'self_report_05']"
02_DR-100_0070_1_sentence_2.wav,"[3, 2, 2, 2, 3, 3, 1, 2, 7]","[6, 5, 4, 6, 5, 6, 6, 6, 6]","['A2I3Y0L38HMQLZ', 'A2MUCL20GTQJA0', 'AEO84PDSWW0W', 'A2B8HPIZDKYKDR', 'A1Y0Y6U906ABT5', 'A22QD6M0A2C77C', 'A10GZ0SWBZIRBK', 'A1FHS282JP487T', 'self_report_02']"
10_DR-100_0074_7_sentence_11.wav,"[1, 2, 3, 6, 1, 4, 2, 4, 8]","[4, 6, 3, 4, 3, 3, 6, 3, 3]","['A2FFNO6G4FEE2N', 'A3GLUDQZGEJL5G', 'A3G0T5Y7OSC76S', 'ARVXIBUCA8WDZ', 'A2F48NO7AD9VKK', 'A2B6WQG0A9CKXQ', 'A1FHS282JP487T', 'A3UWM3KJYEL5XU', 'self_report_10']"
07_DR-100_0076_1_sentence_9.wav,"[2, 3, 3, 3, 4, 1, 1, 2, 5]","[4, 7, 5, 4, 6, 5, 5, 6, 6]","['A2VRDE2FHCBMF8', 'A22QD6M0A2C77C', 'A3UWM3KJYEL5XU', 'A1Y0Y6U906ABT5', 'A2TBXASXZIRNNW', 'A1FHS282JP487T', 'A2FFNO6G4FEE2N', 'A1OUUZSD5DD4ZN', 'self_report_07']"
10_DR-100_0074_1_sentence_2.wav,"[1, 2, 7, 4, 5, 5, 2, 4, 6]","[7, 6, 4, 7, 6, 5, 7, 7, 7]","['A394S7JSNUA3TS', 'A1PUHCEBSOWETV', 'A2TBXASXZIRNNW', 'A2NBVTY6FLBEAF', 'A1PZ1YZAQEXRSQ', 'AFDC9A6Z60W2Z', 'A22QD6M0A2C77C', 'A3G0T5Y7OSC76S', 'self_report_10']"
09_DR-100_0078_5_sentence_5.wav,"[2, 5, 3, 5, 3, 5, 3, 5, 6]","[6, 4, 4, 4, 4, 3, 5, 4, 4]","['A1PUHCEBSOWETV', 'A3UWM3KJYEL5XU', 'A2NBVTY6FLBEAF', 'A1ET2J1PIP0RGO', 'A2MUCL20GTQJA0', 'A2B8HPIZDKYKDR', 'A27SMEOPKV84VI', 'A2JP9IKRHNLRPI', 'self_report_09']"
08_DR-100_0077_9_sentence_6.wav,"[2, 6, 3, 1, 3, 4, 5, 2, 4]","[6, 4, 6, 5, 5, 4, 4, 5, 6]","['A1PUHCEBSOWETV', 'A1ET2J1PIP0RGO', 'A1FHS282JP487T', 'A2EOOF9D135HQ1', 'A2VRDE2FHCBMF8', 'AFDC9A6Z60W2Z', 'A2I3Y0L38HMQLZ', 'A3GLUDQZGEJL5G', 'self_report_08']"
10_DR-100_0074_7_sentence_6.wav,"[2, 4, 3, 5, 4, 1, 4, 4, 8]","[6, 4, 6, 7, 6, 5, 6, 7, 3]","['A394S7JSNUA3TS', 'AHZPOM46IUJ2N', 'A1FHS282JP487T', 'A1F1BIPJR11LSR', 'A2I3Y0L38HMQLZ', 'A2F48NO7AD9VKK', 'AEO84PDSWW0W', 'A3G0T5Y7OSC76S', 'self_report_10']"
06_DR-100_0073_9_sentence_8.wav,"[4, 2, 2, 2, 5, 6, 7, 3, 3, 4]","[6, 6, 5, 6, 7, 8, 7, 7, 6, 7]","['A27PBC5O3Z5ZED', 'A1PUHCEBSOWETV', 'A1FP3SH704X01V', 'A394S7JSNUA3TS', 'A2TJGFPBFEIXMJ', 'AHZPOM46IUJ2N', 'AA9V4NE8SOA4I', 'A2B8HPIZDKYKDR', 'A1HXEXQTZCJ1DW', 'self_report_06']"
10_DR-100_0074_5_sentence_10.wav,"[5, 5, 4, 5, 5, 7, 2, 2, 6]","[6, 6, 6, 7, 7, 3, 6, 3, 7]","['A2I3Y0L38HMQLZ', 'A1ET2J1PIP0RGO', 'A22QD6M0A2C77C', 'A2MUCL20GTQJA0', 'A1F1BIPJR11LSR', 'AA9V4NE8SOA4I', 'A1FHS282JP487T', 'A3GLUDQZGEJL5G', 'self_report_10']"
07_DR-100_0076_9_sentence_2.wav,"[2, 1, 4, 2, 5, 1, 5, 3, 3]","[6, 5, 3, 3, 5, 5, 4, 3, 6]","['A1PUHCEBSOWETV', 'A3G0T5Y7OSC76S', 'A22QD6M0A2C77C', 'A1HXEXQTZCJ1DW', 'A2TBXASXZIRNNW', 'A2F48NO7AD9VKK', 'A2I3Y0L38HMQLZ', 'AHZPOM46IUJ2N', 'self_report_07']"
08_DR-100_0077_1_sentence_5.wav,"[4, 2, 3, 4, 5, 5, 2, 3, 5]","[5, 6, 5, 4, 6, 6, 5, 6, 6]","['ARVXIBUCA8WDZ', 'A1FHS282JP487T', 'A27SMEOPKV84VI', 'A2NJ7N8INZOB00', 'A1ET2J1PIP0RGO', 'A2JP9IKRHNLRPI', 'A2B6WQG0A9CKXQ', 'A2B8HPIZDKYKDR', 'self_report_08']"
08_DR-100_0077_1_sentence_1.wav,"[2, 1, 4, 2, 2, 1, 2, 4, 5]","[2, 4, 4, 4, 4, 5, 6, 4, 6]","['A2NJ7N8INZOB00', 'A20ALQT1HIVSAH', 'A1ET2J1PIP0RGO', 'A27SMEOPKV84VI', 'AFDC9A6Z60W2Z', 'A10GZ0SWBZIRBK', 'A1PUHCEBSOWETV', 'A3UWM3KJYEL5XU', 'self_report_08']"
10_DR-100_0074_9_sentence_11.wav,"[5, 2, 2, 5, 3, 6, 4, 5, 8]","[6, 6, 6, 7, 6, 3, 5, 6, 7]","['A27SMEOPKV84VI', 'A20ALQT1HIVSAH', 'A1PUHCEBSOWETV', 'A2JP9IKRHNLRPI', 'A27PBC5O3Z5ZED', 'A2TBXASXZIRNNW', 'AFDC9A6Z60W2Z', 'A1B4KC5KP7FH1Z', 'self_report_10']"
06_DR-100_0073_7_sentence_1.wav,"[4, 2, 5, 2, 4, 5, 2, 6, 5]","[6, 6, 6, 6, 5, 6, 6, 5, 5]","['AHZPOM46IUJ2N', 'A20ALQT1HIVSAH', 'A2I3Y0L38HMQLZ', 'A1PUHCEBSOWETV', 'A2B6WQG0A9CKXQ', 'A2JP9IKRHNLRPI', 'A1HXEXQTZCJ1DW', 'A2NJ7N8INZOB00', 'self_report_06']"
10_DR-100_0074_1_sentence_8.wav,"[3, 5, 4, 2, 6, 7, 6, 3, 6]","[6, 6, 5, 6, 8, 4, 6, 7, 7]","['A1FP3SH704X01V', 'A1Y0Y6U906ABT5', 'A3GLUDQZGEJL5G', 'A1PUHCEBSOWETV', 'A1ET2J1PIP0RGO', 'A2TBXASXZIRNNW', 'A27SMEOPKV84VI', 'A22QD6M0A2C77C', 'self_report_10']"
01_DR-100_0079_3_sentence_7.wav,"[2, 2, 3, 2, 2, 2, 4, 3, 3]","[6, 6, 7, 7, 6, 8, 7, 6, 3]","['A1PUHCEBSOWETV', 'A1FHS282JP487T', 'A2B8HPIZDKYKDR', 'A394S7JSNUA3TS', 'AFDC9A6Z60W2Z', 'A1PZ1YZAQEXRSQ', 'A22QD6M0A2C77C', 'A1HXEXQTZCJ1DW', 'self_report_01']"
03_DR-100_0071_5_sentence_11.wav,"[8, 3, 3, 6, 7, 3, 6, 2, 3]","[2, 6, 3, 3, 3, 5, 5, 4, 5]","['A2TBXASXZIRNNW', 'A1FHS282JP487T', 'A1FP3SH704X01V', 'A1PUHCEBSOWETV', 'A2I3Y0L38HMQLZ', 'A2VRDE2FHCBMF8', 'A27SMEOPKV84VI', 'AU6C9UNNFJALY', 'self_report_03']"
04_DR-100_0075_1_sentence_5.wav,"[7, 3, 4, 4, 1, 3, 2, 5, 5]","[3, 6, 3, 4, 3, 7, 4, 4, 7]","['A2TBXASXZIRNNW', 'A1FHS282JP487T', 'A1Y0Y6U906ABT5', 'AHZPOM46IUJ2N', 'A394S7JSNUA3TS', 'A1PUHCEBSOWETV', 'A20ALQT1HIVSAH', 'A2I3Y0L38HMQLZ', 'self_report_04']"
05_DR-100_0072_3_sentence_9.wav,"[2, 2, 4, 3, 4, 4, 3, 2, 6]","[4, 6, 3, 4, 3, 3, 4, 6, 6]","['A10GZ0SWBZIRBK', 'A2EOOF9D135HQ1', 'A2MUCL20GTQJA0', 'A1Y0Y6U906ABT5', 'AHZPOM46IUJ2N', 'AFDC9A6Z60W2Z', 'A2NJ7N8INZOB00', 'A1FHS282JP487T', 'self_report_05']"
06_DR-100_0073_9_sentence_6.wav,"[3, 3, 3, 4, 6, 5, 1, 5, 4]","[4, 6, 3, 4, 4, 4, 6, 4, 7]","['A3GLUDQZGEJL5G', 'A20ALQT1HIVSAH', 'A2B6WQG0A9CKXQ', 'A2VRDE2FHCBMF8', 'A27SMEOPKV84VI', 'A2JP9IKRHNLRPI', 'A1FHS282JP487T', 'A22QD6M0A2C77C', 'self_report_06']"
01_DR-100_0079_1_sentence_10.wav,"[4, 2, 6, 2, 3, 2, 1, 4, 7]","[4, 6, 4, 5, 5, 6, 5, 6, 8]","['A2I3Y0L38HMQLZ', 'A20ALQT1HIVSAH', 'A27SMEOPKV84VI', 'A1FP3SH704X01V', 'A27PBC5O3Z5ZED', 'A1FHS282JP487T', 'A2EOOF9D135HQ1', 'AHZPOM46IUJ2N', 'self_report_01']"
03_DR-100_0071_9_sentence_3.wav,"[7, 4, 8, 7, 5, 6, 4, 8, 3]","[7, 4, 2, 3, 3, 4, 6, 2, 4]","['ARVXIBUCA8WDZ', 'A2VRDE2FHCBMF8', 'A1Y0Y6U906ABT5', 'A2EOOF9D135HQ1', 'A27PBC5O3Z5ZED', 'A1HXEXQTZCJ1DW', 'A1FHS282JP487T', 'A2I3Y0L38HMQLZ', 'self_report_03']"
05_DR-100_0072_9_sentence_4.wav,"[1, 6, 4, 2, 5, 6, 5, 6, 7]","[5, 5, 4, 6, 5, 4, 4, 3, 7]","['A394S7JSNUA3TS', 'A27SMEOPKV84VI', 'A2MUCL20GTQJA0', 'A1FHS282JP487T', 'A2NJ7N8INZOB00', 'A2TBXASXZIRNNW', 'A3UWM3KJYEL5XU', 'A2I3Y0L38HMQLZ', 'self_report_05']"
02_DR-100_0070_7_sentence_9.wav,"[6, 2, 6, 1, 2, 3, 2, 2, 7]","[3, 3, 6, 5, 3, 4, 3, 3, 5]","['A2I3Y0L38HMQLZ', 'AFDC9A6Z60W2Z', 'A2TBXASXZIRNNW', 'A2EOOF9D135HQ1', 'A2B8HPIZDKYKDR', 'A22QD6M0A2C77C', 'A2B6WQG0A9CKXQ', 'A3GLUDQZGEJL5G', 'self_report_02']"
02_DR-100_0070_3_sentence_8.wav,"[7, 3, 2, 4, 3, 2, 1, 2, 8]","[5, 6, 7, 6, 6, 7, 6, 7, 6]","['A2TBXASXZIRNNW', 'A2VRDE2FHCBMF8', 'A2B8HPIZDKYKDR', 'A2NBVTY6FLBEAF', 'A1FHS282JP487T', 'A3UWM3KJYEL5XU', 'A2F48NO7AD9VKK', 'A1HXEXQTZCJ1DW', 'self_report_02']"
08_DR-100_0077_3_sentence_5.wav,"[4, 2, 6, 2, 5, 4, 2, 3, 6]","[6, 6, 6, 7, 7, 7, 7, 4, 5]","['A27PBC5O3Z5ZED', 'A22QD6M0A2C77C', 'A2NBVTY6FLBEAF', 'A1PUHCEBSOWETV', 'A2I3Y0L38HMQLZ', 'A1Y0Y6U906ABT5', 'A2EOOF9D135HQ1', 'ARVXIBUCA8WDZ', 'self_report_08']"
04_DR-100_0075_5_sentence_1.wav,"[2, 3, 6, 2, 1, 6, 6, 4, 4]","[6, 5, 8, 6, 6, 6, 4, 7, 7]","['A1PUHCEBSOWETV', 'A1HXEXQTZCJ1DW', 'A2B6WQG0A9CKXQ', 'AFDC9A6Z60W2Z', 'A394S7JSNUA3TS', 'A2NJ7N8INZOB00', 'AA9V4NE8SOA4I', 'AU6C9UNNFJALY', 'self_report_04']"
04_DR-100_0075_3_sentence_11.wav,"[2, 3, 3, 2, 3, 2, 3, 4, 5]","[6, 4, 4, 3, 4, 6, 3, 4, 7]","['A1PUHCEBSOWETV', 'A2B8HPIZDKYKDR', 'A3UWM3KJYEL5XU', 'A2TJGFPBFEIXMJ', 'A27PBC5O3Z5ZED', 'A1FHS282JP487T', 'A3GLUDQZGEJL5G', 'AU6C9UNNFJALY', 'self_report_04']"
01_DR-100_0079_1_sentence_3.wav,"[2, 7, 5, 2, 1, 2, 3, 3, 5, 7]","[5, 4, 6, 6, 5, 6, 5, 5, 6, 8]","['AHZPOM46IUJ2N', 'A2TBXASXZIRNNW', 'ARVXIBUCA8WDZ', 'A1HXEXQTZCJ1DW', 'A2EOOF9D135HQ1', 'A1PUHCEBSOWETV', 'A2VRDE2FHCBMF8', 'A27PBC5O3Z5ZED', 'A1B4KC5KP7FH1Z', 'self_report_01']"
03_DR-100_0071_7_sentence_1.wav,"[4, 3, 6, 6, 2, 6, 6, 7, 3]","[6, 6, 6, 7, 6, 6, 4, 6, 5]","['A2VRDE2FHCBMF8', 'A394S7JSNUA3TS', 'A2I3Y0L38HMQLZ', 'ARVXIBUCA8WDZ', 'A1PUHCEBSOWETV', 'A1Y0Y6U906ABT5', 'A3UWM3KJYEL5XU', 'A2NJ7N8INZOB00', 'self_report_03']"
09_DR-100_0078_7_sentence_5.wav,"[2, 2, 5, 2, 3, 6, 1, 3, 5]","[6, 4, 7, 6, 4, 7, 6, 6, 6]","['AHZPOM46IUJ2N', 'A27PBC5O3Z5ZED', 'A2JP9IKRHNLRPI', 'A1FHS282JP487T', 'A1Y0Y6U906ABT5', 'A2NJ7N8INZOB00', 'A2EOOF9D135HQ1', 'A22QD6M0A2C77C', 'self_report_09']"
03_DR-100_0071_9_sentence_9.wav,"[7, 2, 2, 4, 8, 7, 8, 3, 3]","[4, 3, 6, 1, 1, 1, 1, 3, 4]","['ARVXIBUCA8WDZ', 'A2EOOF9D135HQ1', 'A1FHS282JP487T', 'A22QD6M0A2C77C', 'A2B8HPIZDKYKDR', 'A1PUHCEBSOWETV', 'A2B6WQG0A9CKXQ', 'A2F48NO7AD9VKK', 'self_report_03']"
10_DR-100_0074_5_sentence_6.wav,"[5, 2, 2, 6, 4, 3, 4, 4, 6]","[5, 6, 6, 7, 6, 5, 5, 6, 7]","['A2B6WQG0A9CKXQ', 'A1HXEXQTZCJ1DW', 'A1PUHCEBSOWETV', 'AA9V4NE8SOA4I', 'A2TJGFPBFEIXMJ', 'A27PBC5O3Z5ZED', 'A2VRDE2FHCBMF8', 'A3UWM3KJYEL5XU', 'self_report_10']"
02_DR-100_0070_1_sentence_7.wav,"[4, 3, 1, 1, 2, 2, 3, 3, 7]","[5, 5, 5, 6, 5, 6, 7, 5, 6]","['A2TBXASXZIRNNW', 'ARVXIBUCA8WDZ', 'A2EOOF9D135HQ1', 'A2TJGFPBFEIXMJ', 'A27PBC5O3Z5ZED', 'A1Y0Y6U906ABT5', 'A1PUHCEBSOWETV', 'A1F1BIPJR11LSR', 'self_report_02']"
05_DR-100_0072_7_sentence_5.wav,"[5, 5, 1, 2, 5, 7, 4, 4, 7]","[4, 3, 4, 5, 5, 3, 6, 6, 7]","['A27SMEOPKV84VI', 'A2JP9IKRHNLRPI', 'A394S7JSNUA3TS', 'A20ALQT1HIVSAH', 'A1ET2J1PIP0RGO', 'A2TBXASXZIRNNW', 'AHZPOM46IUJ2N', 'A27PBC5O3Z5ZED', 'self_report_05']"
09_DR-100_0078_7_sentence_8.wav,"[3, 3, 1, 4, 2, 2, 3, 3, 5]","[5, 5, 5, 4, 4, 5, 4, 5, 6]","['A27PBC5O3Z5ZED', 'A2MUCL20GTQJA0', 'A20ALQT1HIVSAH', 'A1ET2J1PIP0RGO', 'A2TJGFPBFEIXMJ', 'A10GZ0SWBZIRBK', 'A1F1BIPJR11LSR', 'AFDC9A6Z60W2Z', 'self_report_09']"
03_DR-100_0071_3_sentence_1.wav,"[5, 6, 3, 9, 5, 4, 3, 6, 6]","[8, 8, 6, 1, 6, 6, 4, 9, 4]","['A1B4KC5KP7FH1Z', 'AHZPOM46IUJ2N', 'A20ALQT1HIVSAH', 'A2TBXASXZIRNNW', 'A1F1BIPJR11LSR', 'A2VRDE2FHCBMF8', 'AFDC9A6Z60W2Z', 'A2B6WQG0A9CKXQ', 'self_report_03']"
09_DR-100_0078_9_sentence_1.wav,"[2, 2, 2, 5, 6, 2, 2, 3, 4]","[5, 5, 6, 5, 6, 4, 5, 6, 6]","['A3KCUB6P3IE8NL', 'A1FP3SH704X01V', 'A1PUHCEBSOWETV', 'A2TBXASXZIRNNW', 'A3UWM3KJYEL5XU', 'A3GLUDQZGEJL5G', 'A1Y0Y6U906ABT5', 'A1FHS282JP487T', 'self_report_09']"
06_DR-100_0073_1_sentence_1.wav,"[3, 8, 5, 2, 3, 6, 3, 3, 5, 6]","[7, 3, 6, 6, 7, 6, 6, 6, 7, 6]","['A2B6WQG0A9CKXQ', 'A2TBXASXZIRNNW', 'A2I3Y0L38HMQLZ', 'AFDC9A6Z60W2Z', 'A1PUHCEBSOWETV', 'ARVXIBUCA8WDZ', 'A2B8HPIZDKYKDR', 'A20ALQT1HIVSAH', 'A1B4KC5KP7FH1Z', 'self_report_06']"
10_DR-100_0074_5_sentence_8.wav,"[6, 4, 4, 4, 4, 6, 2, 2, 6]","[4, 3, 5, 3, 6, 4, 4, 6, 7]","['A2TBXASXZIRNNW', 'A2B8HPIZDKYKDR', 'ARVXIBUCA8WDZ', 'A1ET2J1PIP0RGO', 'A27PBC5O3Z5ZED', 'A2B6WQG0A9CKXQ', 'A20ALQT1HIVSAH', 'AHZPOM46IUJ2N', 'self_report_10']"
04_DR-100_0075_7_sentence_8.wav,"[6, 3, 5, 2, 5, 6, 6, 3, 5]","[5, 6, 6, 6, 4, 6, 5, 6, 7]","['A2JP9IKRHNLRPI', 'A1FHS282JP487T', 'AHZPOM46IUJ2N', 'A1PUHCEBSOWETV', 'A1ET2J1PIP0RGO', 'ARVXIBUCA8WDZ', 'A2B6WQG0A9CKXQ', 'A3GLUDQZGEJL5G', 'self_report_04']"
08_DR-100_0077_9_sentence_3.wav,"[3, 5, 3, 3, 5, 3, 3, 4, 4]","[5, 4, 4, 6, 5, 4, 6, 5, 6]","['A2VRDE2FHCBMF8', 'A2JP9IKRHNLRPI', 'A2MUCL20GTQJA0', 'A27PBC5O3Z5ZED', 'ARVXIBUCA8WDZ', 'A2B8HPIZDKYKDR', 'A1FHS282JP487T', 'A3UWM3KJYEL5XU', 'self_report_08']"
01_DR-100_0079_7_sentence_4.wav,"[3, 3, 2, 3, 3, 3, 5, 3, 7]","[5, 7, 6, 5, 6, 7, 6, 7, 7]","['A2NBVTY6FLBEAF', 'A1PUHCEBSOWETV', 'A1FHS282JP487T', 'AFDC9A6Z60W2Z', 'A27PBC5O3Z5ZED', 'A20ALQT1HIVSAH', 'A2NJ7N8INZOB00', 'A3UWM3KJYEL5XU', 'self_report_01']"
06_DR-100_0073_3_sentence_6.wav,"[2, 2, 3, 3, 2, 2, 1, 5, 5]","[6, 6, 7, 6, 6, 6, 5, 7, 7]","['A1PUHCEBSOWETV', 'A10GZ0SWBZIRBK', 'A22QD6M0A2C77C', 'A3KCUB6P3IE8NL', 'A1FHS282JP487T', 'A2F48NO7AD9VKK', 'A2EOOF9D135HQ1', 'A1F1BIPJR11LSR', 'self_report_06']"
02_DR-100_0070_5_sentence_3.wav,"[4, 2, 4, 2, 1, 2, 2, 3, 8]","[5, 6, 6, 5, 5, 5, 6, 7, 7]","['ARVXIBUCA8WDZ', 'A1PUHCEBSOWETV', 'AA9V4NE8SOA4I', 'AHZPOM46IUJ2N', 'A2F48NO7AD9VKK', 'A1F1BIPJR11LSR', 'A20ALQT1HIVSAH', 'A22QD6M0A2C77C', 'self_report_02']"
04_DR-100_0075_5_sentence_8.wav,"[2, 5, 5, 3, 7, 5, 7, 3, 4]","[6, 6, 7, 6, 6, 7, 4, 7, 7]","['A1PUHCEBSOWETV', 'A2JP9IKRHNLRPI', 'A2MUCL20GTQJA0', 'A1FHS282JP487T', 'A27SMEOPKV84VI', 'A1Y0Y6U906ABT5', 'A2TBXASXZIRNNW', 'A2EOOF9D135HQ1', 'self_report_04']"
09_DR-100_0078_1_sentence_1.wav,"[2, 3, 2, 5, 4, 2, 2, 5, 5, 5]","[5, 6, 6, 7, 6, 6, 6, 6, 7, 6]","['A2VRDE2FHCBMF8', 'A1FHS282JP487T', 'A1PUHCEBSOWETV', 'A2JP9IKRHNLRPI', 'A3APMO8WXVH1V0', 'A2T007HZK66WM', 'A27PBC5O3Z5ZED', 'A27SMEOPKV84VI', 'A1B4KC5KP7FH1Z', 'self_report_09']"
02_DR-100_0070_1_sentence_8.wav,"[7, 2, 4, 2, 4, 4, 5, 5, 7]","[5, 6, 8, 6, 7, 7, 8, 8, 6]","['A2TBXASXZIRNNW', 'A1PUHCEBSOWETV', 'A2MUCL20GTQJA0', 'A1FP3SH704X01V', 'A3G0T5Y7OSC76S', 'A2FFNO6G4FEE2N', 'A27SMEOPKV84VI', 'A1B4KC5KP7FH1Z', 'self_report_02']"
04_DR-100_0075_3_sentence_1.wav,"[3, 2, 4, 5, 1, 3, 3, 4, 5]","[2, 4, 5, 6, 5, 6, 4, 3, 7]","['A2B8HPIZDKYKDR', 'A394S7JSNUA3TS', 'A27SMEOPKV84VI', 'A2JP9IKRHNLRPI', 'A10GZ0SWBZIRBK', 'A1HXEXQTZCJ1DW', 'A2VRDE2FHCBMF8', 'A2I3Y0L38HMQLZ', 'self_report_04']"
09_DR-100_0078_5_sentence_8.wav,"[4, 2, 3, 4, 2, 2, 3, 3, 6]","[5, 4, 4, 4, 6, 4, 5, 3, 4]","['A1ET2J1PIP0RGO', 'A1HXEXQTZCJ1DW', 'ARVXIBUCA8WDZ', 'A2TBXASXZIRNNW', 'A1FHS282JP487T', 'A394S7JSNUA3TS', 'A22QD6M0A2C77C', 'A1Y0Y6U906ABT5', 'self_report_09']"
05_DR-100_0072_1_sentence_6.wav,"[3, 3, 2, 2, 3, 3, 1, 3, 7]","[5, 5, 7, 5, 5, 5, 4, 6, 4]","['A2VRDE2FHCBMF8', 'A20ALQT1HIVSAH', 'A1PUHCEBSOWETV', 'A2T007HZK66WM', 'A3KCUB6P3IE8NL', 'A2NBVTY6FLBEAF', 'A3GLUDQZGEJL5G', 'A1FHS282JP487T', 'self_report_05']"
10_DR-100_0074_9_sentence_8.wav,"[6, 3, 4, 2, 2, 5, 2, 2, 8]","[7, 6, 6, 6, 6, 7, 6, 6, 7]","['A27SMEOPKV84VI', 'A27PBC5O3Z5ZED', 'AFDC9A6Z60W2Z', 'A2T007HZK66WM', 'A1FHS282JP487T', 'A1HXEXQTZCJ1DW', 'A1PUHCEBSOWETV', 'A3KCUB6P3IE8NL', 'self_report_10']"
05_DR-100_0072_7_sentence_9.wav,"[2, 5, 3, 3, 6, 5, 6, 5, 7]","[6, 4, 7, 5, 4, 5, 7, 4, 7]","['A1PUHCEBSOWETV', 'AA9V4NE8SOA4I', 'A22QD6M0A2C77C', 'A3KCUB6P3IE8NL', 'A27SMEOPKV84VI', 'A2VRDE2FHCBMF8', 'ARVXIBUCA8WDZ', 'AFDC9A6Z60W2Z', 'self_report_05']"
07_DR-100_0076_1_sentence_8.wav,"[1, 1, 1, 4, 1, 5, 1, 2, 5]","[5, 5, 5, 7, 5, 5, 4, 5, 6]","['A20ALQT1HIVSAH', 'A2VRDE2FHCBMF8', 'AHZPOM46IUJ2N', 'A2MUCL20GTQJA0', 'A2B6WQG0A9CKXQ', 'A1HXEXQTZCJ1DW', 'A27PBC5O3Z5ZED', 'AFDC9A6Z60W2Z', 'self_report_07']"
03_DR-100_0071_3_sentence_13.wav,"[3, 8, 2, 8, 3, 8, 6, 3, 6]","[2, 3, 6, 2, 4, 4, 2, 3, 4]","['A27PBC5O3Z5ZED', 'A2NBVTY6FLBEAF', 'A1PUHCEBSOWETV', 'A27SMEOPKV84VI', 'A1FP3SH704X01V', 'A1Y0Y6U906ABT5', 'AA9V4NE8SOA4I', 'AFDC9A6Z60W2Z', 'self_report_03']"
06_DR-100_0073_5_sentence_1.wav,"[2, 4, 3, 1, 5, 3, 3, 3, 6]","[6, 5, 5, 5, 5, 5, 4, 4, 4]","['A1PUHCEBSOWETV', 'A2B6WQG0A9CKXQ', 'A2VRDE2FHCBMF8', 'A10GZ0SWBZIRBK', 'A1B4KC5KP7FH1Z', 'A1Y0Y6U906ABT5', 'A1HXEXQTZCJ1DW', 'A2FFNO6G4FEE2N', 'self_report_06']"
06_DR-100_0073_7_sentence_8.wav,"[2, 5, 2, 4, 4, 2, 5, 7, 5]","[6, 7, 4, 6, 9, 6, 6, 6, 5]","['A394S7JSNUA3TS', 'A2I3Y0L38HMQLZ', 'A3GLUDQZGEJL5G', 'A27PBC5O3Z5ZED', 'A1PZ1YZAQEXRSQ', 'A1FHS282JP487T', 'A2TJGFPBFEIXMJ', 'A2TBXASXZIRNNW', 'self_report_06']"
07_DR-100_0076_3_sentence_7.wav,"[3, 3, 3, 2, 7, 3, 1, 6, 5, 6]","[7, 4, 4, 4, 7, 4, 5, 3, 3, 4]","['A1PUHCEBSOWETV', 'A27PBC5O3Z5ZED', 'A394S7JSNUA3TS', 'A2F48NO7AD9VKK', 'AA9V4NE8SOA4I', 'A2VRDE2FHCBMF8', 'A2EOOF9D135HQ1', 'A2B8HPIZDKYKDR', 'A2JP9IKRHNLRPI', 'self_report_07']"
05_DR-100_0072_7_sentence_2.wav,"[6, 3, 2, 5, 3, 3, 6, 5, 7]","[6, 6, 6, 3, 6, 6, 6, 7, 7]","['A27SMEOPKV84VI', 'A1FHS282JP487T', 'A1PUHCEBSOWETV', 'A1ET2J1PIP0RGO', 'A3KCUB6P3IE8NL', 'A27PBC5O3Z5ZED', 'ARVXIBUCA8WDZ', 'AHZPOM46IUJ2N', 'self_report_05']"
07_DR-100_0076_9_sentence_1.wav,"[2, 3, 5, 2, 4, 6, 3, 2, 3]","[6, 4, 6, 5, 4, 5, 5, 6, 6]","['A1PUHCEBSOWETV', 'A2B6WQG0A9CKXQ', 'AA9V4NE8SOA4I', 'A2EOOF9D135HQ1', 'A2B8HPIZDKYKDR', 'A2NJ7N8INZOB00', 'A2VRDE2FHCBMF8', 'A3GLUDQZGEJL5G', 'self_report_07']"
03_DR-100_0071_7_sentence_7.wav,"[2, 6, 2, 9, 4, 1, 7, 4, 3]","[4, 4, 6, 1, 6, 6, 3, 5, 5]","['AU6C9UNNFJALY', 'AHZPOM46IUJ2N', 'A1PUHCEBSOWETV', 'A2TBXASXZIRNNW', 'A27PBC5O3Z5ZED', 'A1FHS282JP487T', 'A2NJ7N8INZOB00', 'A2VRDE2FHCBMF8', 'self_report_03']"
08_DR-100_0077_9_sentence_2.wav,"[2, 2, 3, 2, 6, 5, 5, 1, 4]","[4, 5, 4, 6, 4, 3, 4, 5, 6]","['A1HXEXQTZCJ1DW', 'A1FP3SH704X01V', 'A394S7JSNUA3TS', 'A1FHS282JP487T', 'A2JP9IKRHNLRPI', 'A3UWM3KJYEL5XU', 'ARVXIBUCA8WDZ', 'A2EOOF9D135HQ1', 'self_report_08']"
08_DR-100_0077_1_sentence_11.wav,"[5, 5, 3, 3, 4, 2, 2, 3, 5]","[6, 7, 5, 6, 4, 5, 5, 8, 6]","['A1B4KC5KP7FH1Z', 'A22QD6M0A2C77C', 'A2T007HZK66WM', 'A3G0T5Y7OSC76S', 'A1HXEXQTZCJ1DW', 'A20ALQT1HIVSAH', 'A2EOOF9D135HQ1', 'A2FFNO6G4FEE2N', 'self_report_08']"
10_DR-100_0074_9_sentence_1.wav,"[2, 5, 6, 3, 3, 1, 5, 5, 8]","[6, 6, 5, 5, 6, 5, 6, 5, 7]","['A1PUHCEBSOWETV', 'A27PBC5O3Z5ZED', 'ARVXIBUCA8WDZ', 'A2VRDE2FHCBMF8', 'A1FHS282JP487T', 'A2F48NO7AD9VKK', 'A2I3Y0L38HMQLZ', 'A2B6WQG0A9CKXQ', 'self_report_10']"
01_DR-100_0079_3_sentence_8.wav,"[3, 3, 4, 2, 2, 3, 5, 2, 3]","[6, 4, 7, 6, 6, 5, 7, 5, 3]","['A2VRDE2FHCBMF8', 'ARVXIBUCA8WDZ', 'A2I3Y0L38HMQLZ', 'A1FP3SH704X01V', 'A1PUHCEBSOWETV', 'A27PBC5O3Z5ZED', 'A2JP9IKRHNLRPI', 'AFDC9A6Z60W2Z', 'self_report_01']"
04_DR-100_0075_9_sentence_1.wav,"[3, 4, 2, 3, 4, 5, 3, 3, 5]","[5, 7, 6, 6, 7, 6, 6, 6, 7]","['A2T007HZK66WM', 'A10GZ0SWBZIRBK', 'A1PUHCEBSOWETV', 'A2TJGFPBFEIXMJ', 'A1HXEXQTZCJ1DW', 'A2I3Y0L38HMQLZ', 'A1FHS282JP487T', 'AHZPOM46IUJ2N', 'self_report_04']"
03_DR-100_0071_1_sentence_3.wav,"[6, 7, 6, 4, 5, 5, 3, 2, 4]","[7, 8, 7, 3, 7, 7, 7, 5, 5]","['A2I3Y0L38HMQLZ', 'AHZPOM46IUJ2N', 'A1Y0Y6U906ABT5', 'A1PUHCEBSOWETV', 'A1F1BIPJR11LSR', 'AFDC9A6Z60W2Z', 'A22QD6M0A2C77C', 'A3GLUDQZGEJL5G', 'self_report_03']"
09_DR-100_0078_1_sentence_2.wav,"[2, 2, 4, 3, 1, 2, 1, 3, 5]","[6, 6, 6, 5, 6, 7, 6, 6, 6]","['AFDC9A6Z60W2Z', 'A1PUHCEBSOWETV', 'ARVXIBUCA8WDZ', 'A2VRDE2FHCBMF8', 'A2EOOF9D135HQ1', 'A10GZ0SWBZIRBK', 'A20ALQT1HIVSAH', 'A2NJ7N8INZOB00', 'self_report_09']"
04_DR-100_0075_1_sentence_2.wav,"[2, 3, 3, 4, 6, 2, 4, 4, 5]","[6, 5, 6, 6, 6, 5, 5, 6, 7]","['A1PUHCEBSOWETV', 'A1Y0Y6U906ABT5', 'A1FHS282JP487T', 'A2MUCL20GTQJA0', 'A2NBVTY6FLBEAF', 'A27IABVBUZ9X8Z', 'A2VRDE2FHCBMF8', 'AHZPOM46IUJ2N', 'self_report_04']"
01_DR-100_0079_3_sentence_1.wav,"[5, 6, 2, 3, 2, 1, 2, 5, 3]","[6, 5, 6, 6, 6, 5, 6, 4, 3]","['A2JP9IKRHNLRPI', 'A2TBXASXZIRNNW', 'A1PUHCEBSOWETV', 'A2B6WQG0A9CKXQ', 'A1FHS282JP487T', 'A2EOOF9D135HQ1', 'A22QD6M0A2C77C', 'A2I3Y0L38HMQLZ', 'self_report_01']"
04_DR-100_0075_9_sentence_3.wav,"[6, 7, 5, 3, 6, 5, 5, 3, 5]","[6, 4, 6, 5, 4, 4, 5, 5, 7]","['ARVXIBUCA8WDZ', 'A2TBXASXZIRNNW', 'A1ET2J1PIP0RGO', 'A2TJGFPBFEIXMJ', 'A2I3Y0L38HMQLZ', 'A2MUCL20GTQJA0', 'AHZPOM46IUJ2N', 'A2EOOF9D135HQ1', 'self_report_04']"
02_DR-100_0070_1_sentence_3.wav,"[6, 3, 2, 2, 3, 3, 2, 4, 7]","[7, 6, 6, 4, 6, 6, 6, 7, 6]","['A1Y0Y6U906ABT5', 'A27SMEOPKV84VI', 'A2I3Y0L38HMQLZ', 'A1HXEXQTZCJ1DW', 'A22QD6M0A2C77C', 'A3UWM3KJYEL5XU', 'A1FHS282JP487T', 'A2JP9IKRHNLRPI', 'self_report_02']"
10_DR-100_0074_1_sentence_7.wav,"[6, 3, 2, 5, 3, 4, 3, 5, 7, 6]","[7, 6, 6, 6, 4, 6, 7, 6, 4, 7]","['ARVXIBUCA8WDZ', 'A1FP3SH704X01V', 'A1PUHCEBSOWETV', 'A2JP9IKRHNLRPI', 'A2VRDE2FHCBMF8', 'A1HXEXQTZCJ1DW', 'A1FHS282JP487T', 'AFDC9A6Z60W2Z', 'A2TBXASXZIRNNW', 'self_report_10']"
06_DR-100_0073_3_sentence_2.wav,"[2, 5, 2, 2, 2, 6, 4, 6, 5]","[5, 4, 6, 5, 4, 6, 7, 5, 7]","['A2EOOF9D135HQ1', 'A2I3Y0L38HMQLZ', 'A1PUHCEBSOWETV', 'A20ALQT1HIVSAH', 'A3KCUB6P3IE8NL', 'AA9V4NE8SOA4I', 'A2TJGFPBFEIXMJ', 'A27SMEOPKV84VI', 'self_report_06']"
08_DR-100_0077_5_sentence_1.wav,"[1, 3, 3, 5, 3, 2, 4, 3, 6]","[4, 6, 5, 3, 4, 4, 4, 6, 5]","['A394S7JSNUA3TS', 'A27PBC5O3Z5ZED', 'A22QD6M0A2C77C', 'AA9V4NE8SOA4I', 'A2VRDE2FHCBMF8', 'A2F48NO7AD9VKK', 'A1F1BIPJR11LSR', 'A1FHS282JP487T', 'self_report_08']"
09_DR-100_0078_5_sentence_6.wav,"[6, 3, 4, 2, 3, 2, 1, 4, 6]","[3, 6, 7, 6, 6, 6, 6, 6, 4]","['A2TBXASXZIRNNW', 'A27SMEOPKV84VI', 'AHZPOM46IUJ2N', 'A394S7JSNUA3TS', 'A1FHS282JP487T', 'A1PUHCEBSOWETV', 'A32U64W0S9PUA3', 'ARVXIBUCA8WDZ', 'self_report_09']"
06_DR-100_0073_5_sentence_3.wav,"[7, 3, 2, 5, 7, 3, 6, 2, 6]","[7, 4, 6, 4, 3, 4, 4, 4, 4]","['ARVXIBUCA8WDZ', 'A2VRDE2FHCBMF8', 'A1PUHCEBSOWETV', 'A2JP9IKRHNLRPI', 'A2B6WQG0A9CKXQ', 'AFDC9A6Z60W2Z', 'A1Y0Y6U906ABT5', 'A2EOOF9D135HQ1', 'self_report_06']"
08_DR-100_0077_9_sentence_1.wav,"[6, 1, 3, 3, 1, 4, 2, 1, 4]","[8, 6, 6, 5, 6, 5, 6, 6, 6]","['A2TBXASXZIRNNW', 'A2B8HPIZDKYKDR', 'A27PBC5O3Z5ZED', 'A2VRDE2FHCBMF8', 'A2EOOF9D135HQ1', 'A2NJ7N8INZOB00', 'AHZPOM46IUJ2N', 'A2FFNO6G4FEE2N', 'self_report_08']"
05_DR-100_0072_3_sentence_1.wav,"[5, 4, 5, 4, 3, 4, 4, 2, 6]","[4, 6, 5, 3, 5, 3, 3, 6, 6]","['A2I3Y0L38HMQLZ', 'A2FFNO6G4FEE2N', 'A27SMEOPKV84VI', 'A1PZ1YZAQEXRSQ', 'A1OUUZSD5DD4ZN', 'A2NBVTY6FLBEAF', 'A22QD6M0A2C77C', 'A1FHS282JP487T', 'self_report_05']"
07_DR-100_0076_3_sentence_8.wav,"[1, 3, 4, 5, 2, 2, 2, 3, 6]","[6, 5, 6, 6, 7, 6, 6, 8, 4]","['A2F48NO7AD9VKK', 'A2NBVTY6FLBEAF', 'A2JP9IKRHNLRPI', 'A27SMEOPKV84VI', 'A1Y0Y6U906ABT5', 'A20ALQT1HIVSAH', 'A1FHS282JP487T', 'A3UWM3KJYEL5XU', 'self_report_07']"
10_DR-100_0074_5_sentence_9.wav,"[2, 3, 4, 5, 6, 4, 2, 2, 6]","[6, 4, 4, 5, 7, 6, 6, 4, 7]","['A1PUHCEBSOWETV', 'A1Y0Y6U906ABT5', 'A3G0T5Y7OSC76S', 'A2JP9IKRHNLRPI', 'ARVXIBUCA8WDZ', 'A2VRDE2FHCBMF8', 'A1HXEXQTZCJ1DW', 'A2FFNO6G4FEE2N', 'self_report_10']"
02_DR-100_0070_1_sentence_9.wav,"[4, 3, 3, 3, 5, 1, 4, 4, 7]","[5, 4, 3, 5, 6, 5, 3, 6, 6]","['ARVXIBUCA8WDZ', 'A2B8HPIZDKYKDR', 'A2B6WQG0A9CKXQ', 'A2VRDE2FHCBMF8', 'A1ET2J1PIP0RGO', 'A2EOOF9D135HQ1', 'A3UWM3KJYEL5XU', 'AFDC9A6Z60W2Z', 'self_report_02']"
10_DR-100_0074_5_sentence_7.wav,"[2, 2, 6, 3, 5, 3, 4, 3, 6]","[7, 4, 4, 6, 7, 5, 2, 5, 7]","['A1PUHCEBSOWETV', 'A20ALQT1HIVSAH', 'A2TBXASXZIRNNW', 'A27PBC5O3Z5ZED', 'A2MUCL20GTQJA0', 'A22QD6M0A2C77C', 'A2B6WQG0A9CKXQ', 'A2TJGFPBFEIXMJ', 'self_report_10']"
04_DR-100_0075_9_sentence_4.wav,"[2, 4, 3, 1, 5, 3, 5, 4, 5]","[6, 6, 5, 5, 6, 5, 5, 7, 7]","['A1PUHCEBSOWETV', 'A27PBC5O3Z5ZED', 'A1FP3SH704X01V', 'A394S7JSNUA3TS', 'A2TJGFPBFEIXMJ', 'A10GZ0SWBZIRBK', 'A2B8HPIZDKYKDR', 'A2FFNO6G4FEE2N', 'self_report_04']"
07_DR-100_0076_9_sentence_7.wav,"[4, 2, 3, 5, 5, 3, 2, 3, 3]","[6, 6, 5, 6, 7, 5, 5, 7, 6]","['AA9V4NE8SOA4I', 'A1PUHCEBSOWETV', 'A2TBXASXZIRNNW', 'A2MUCL20GTQJA0', 'A1ET2J1PIP0RGO', 'A2B8HPIZDKYKDR', 'AFDC9A6Z60W2Z', 'A1HXEXQTZCJ1DW', 'self_report_07']"
04_DR-100_0075_3_sentence_9.wav,"[4, 4, 4, 2, 5, 3, 3, 5, 5]","[6, 8, 6, 7, 7, 8, 6, 6, 7]","['A27PBC5O3Z5ZED', 'A3G0T5Y7OSC76S', 'AFDC9A6Z60W2Z', 'A1PUHCEBSOWETV', 'A2JP9IKRHNLRPI', 'A2FFNO6G4FEE2N', 'A22QD6M0A2C77C', 'A2I3Y0L38HMQLZ', 'self_report_04']"
01_DR-100_0079_1_sentence_4.wav,"[2, 1, 3, 6, 5, 3, 7, 3, 7]","[6, 7, 5, 5, 6, 8, 5, 7, 8]","['A1PUHCEBSOWETV', 'A394S7JSNUA3TS', 'A2VRDE2FHCBMF8', 'ARVXIBUCA8WDZ', 'A3UWM3KJYEL5XU', 'A1Y0Y6U906ABT5', 'A27SMEOPKV84VI', 'A22QD6M0A2C77C', 'self_report_01']"
07_DR-100_0076_9_sentence_5.wav,"[3, 4, 1, 4, 5, 3, 3, 2, 3]","[6, 7, 5, 5, 6, 6, 6, 6, 6]","['A2NBVTY6FLBEAF', 'A2TJGFPBFEIXMJ', 'A1FP3SH704X01V', 'A2MUCL20GTQJA0', 'A1ET2J1PIP0RGO', 'A27PBC5O3Z5ZED', 'A2FFNO6G4FEE2N', 'A1FHS282JP487T', 'self_report_07']"
04_DR-100_0075_3_sentence_2.wav,"[3, 3, 6, 2, 3, 2, 4, 4, 5, 5]","[7, 4, 6, 3, 6, 4, 4, 4, 3, 7]","['A1PUHCEBSOWETV', 'A394S7JSNUA3TS', 'ARVXIBUCA8WDZ', 'A2T007HZK66WM', 'A1F1BIPJR11LSR', 'A20ALQT1HIVSAH', 'A27SMEOPKV84VI', 'A3GLUDQZGEJL5G', 'A2JP9IKRHNLRPI', 'self_report_04']"
04_DR-100_0075_7_sentence_4.wav,"[6, 3, 3, 4, 3, 6, 1, 5, 5]","[4, 5, 7, 5, 6, 6, 6, 5, 7]","['A2TBXASXZIRNNW', 'A3KCUB6P3IE8NL', 'A2EOOF9D135HQ1', 'AFDC9A6Z60W2Z', 'A1FHS282JP487T', 'A2NBVTY6FLBEAF', 'A27IABVBUZ9X8Z', 'ARVXIBUCA8WDZ', 'self_report_04']"
08_DR-100_0077_1_sentence_13.wav,"[4, 2, 1, 5, 6, 2, 6, 4, 5]","[3, 4, 5, 3, 4, 7, 4, 4, 6]","['A22QD6M0A2C77C', 'A394S7JSNUA3TS', 'A2EOOF9D135HQ1', 'A2I3Y0L38HMQLZ', 'A3UWM3KJYEL5XU', 'A1PUHCEBSOWETV', 'A27SMEOPKV84VI', 'A2NJ7N8INZOB00', 'self_report_08']"
02_DR-100_0070_5_sentence_7.wav,"[5, 4, 2, 4, 2, 5, 2, 2, 8]","[5, 6, 6, 6, 6, 6, 6, 6, 7]","['A27SMEOPKV84VI', 'A1ET2J1PIP0RGO', 'A1PUHCEBSOWETV', 'A2I3Y0L38HMQLZ', 'A20ALQT1HIVSAH', 'AA9V4NE8SOA4I', 'A1FHS282JP487T', 'AHZPOM46IUJ2N', 'self_report_02']"
10_DR-100_0074_9_sentence_7.wav,"[3, 3, 2, 2, 4, 5, 3, 2, 8]","[4, 5, 6, 5, 5, 4, 6, 4, 7]","['A2MUCL20GTQJA0', 'A2VRDE2FHCBMF8', 'A1PUHCEBSOWETV', 'A1HXEXQTZCJ1DW', 'AHZPOM46IUJ2N', 'A2TBXASXZIRNNW', 'A2TJGFPBFEIXMJ', 'A1F1BIPJR11LSR', 'self_report_10']"
09_DR-100_0078_7_sentence_7.wav,"[3, 4, 2, 5, 2, 2, 2, 3, 5]","[4, 5, 6, 3, 4, 3, 4, 7, 6]","['ARVXIBUCA8WDZ', 'A2TBXASXZIRNNW', 'A1FHS282JP487T', 'A1ET2J1PIP0RGO', 'AFDC9A6Z60W2Z', 'A1PZ1YZAQEXRSQ', 'A1F1BIPJR11LSR', 'A2NJ7N8INZOB00', 'self_report_09']"
10_DR-100_0074_1_sentence_4.wav,"[6, 4, 3, 6, 5, 2, 2, 3, 6]","[7, 4, 6, 4, 6, 5, 6, 6, 7]","['A2NBVTY6FLBEAF', 'A1ET2J1PIP0RGO', 'A1Y0Y6U906ABT5', 'A2TBXASXZIRNNW', 'AHZPOM46IUJ2N', 'A3GLUDQZGEJL5G', 'A1FHS282JP487T', 'A1F1BIPJR11LSR', 'self_report_10']"
05_DR-100_0072_7_sentence_4.wav,"[2, 3, 3, 7, 5, 3, 3, 4, 5, 7]","[6, 4, 6, 7, 4, 6, 5, 4, 4, 7]","['A1PUHCEBSOWETV', 'A1FP3SH704X01V', 'A2EOOF9D135HQ1', 'AA9V4NE8SOA4I', 'A1Y0Y6U906ABT5', 'A27PBC5O3Z5ZED', 'A2VRDE2FHCBMF8', 'A3UWM3KJYEL5XU', 'A1B4KC5KP7FH1Z', 'self_report_05']"
03_DR-100_0071_7_sentence_8.wav,"[2, 6, 2, 6, 3, 7, 7, 7, 3]","[6, 7, 6, 7, 6, 6, 7, 8, 5]","['A1PUHCEBSOWETV', 'AHZPOM46IUJ2N', 'A10GZ0SWBZIRBK', 'A1ET2J1PIP0RGO', 'A394S7JSNUA3TS', 'A2NBVTY6FLBEAF', 'A2NJ7N8INZOB00', 'A2B6WQG0A9CKXQ', 'self_report_03']"
06_DR-100_0073_7_sentence_6.wav,"[3, 3, 6, 2, 2, 1, 5, 5, 5]","[6, 7, 6, 6, 6, 5, 7, 6, 5]","['AFDC9A6Z60W2Z', 'A22QD6M0A2C77C', 'A2NBVTY6FLBEAF', 'A1PUHCEBSOWETV', 'A3KCUB6P3IE8NL', 'A2F48NO7AD9VKK', 'AHZPOM46IUJ2N', 'ARVXIBUCA8WDZ', 'self_report_06']"
02_DR-100_0070_7_sentence_1.wav,"[1, 4, 1, 2, 3, 2, 3, 3, 7]","[6, 7, 5, 5, 7, 7, 5, 5, 5]","['A2T007HZK66WM', 'A2MUCL20GTQJA0', 'A2F48NO7AD9VKK', 'AFDC9A6Z60W2Z', 'A2NBVTY6FLBEAF', 'A27IABVBUZ9X8Z', 'A2NJ7N8INZOB00', 'A2B6WQG0A9CKXQ', 'self_report_02']"
05_DR-100_0072_3_sentence_2.wav,"[2, 2, 3, 2, 5, 6, 4, 2, 5, 6]","[4, 3, 4, 6, 4, 3, 3, 5, 5, 6]","['A1PUHCEBSOWETV', 'A2T007HZK66WM', 'A394S7JSNUA3TS', 'A2EOOF9D135HQ1', 'A2VRDE2FHCBMF8', 'A2I3Y0L38HMQLZ', 'AHZPOM46IUJ2N', 'A3GLUDQZGEJL5G', 'A1ET2J1PIP0RGO', 'self_report_05']"
04_DR-100_0075_1_sentence_8.wav,"[2, 3, 5, 2, 3, 5, 3, 4, 5]","[6, 6, 6, 6, 5, 5, 5, 7, 7]","['A1FHS282JP487T', 'A2NBVTY6FLBEAF', 'A27SMEOPKV84VI', 'A1PUHCEBSOWETV', 'A2VRDE2FHCBMF8', 'ARVXIBUCA8WDZ', 'A1F1BIPJR11LSR', 'A1HXEXQTZCJ1DW', 'self_report_04']"
09_DR-100_0078_1_sentence_4.wav,"[3, 2, 5, 3, 5, 3, 3, 3, 5]","[6, 5, 6, 6, 5, 6, 4, 5, 6]","['A2T007HZK66WM', 'A27PBC5O3Z5ZED', 'A2JP9IKRHNLRPI', 'A2TJGFPBFEIXMJ', 'A27SMEOPKV84VI', 'A2FFNO6G4FEE2N', 'A3UWM3KJYEL5XU', 'AFDC9A6Z60W2Z', 'self_report_09']"
05_DR-100_0072_3_sentence_6.wav,"[2, 2, 6, 2, 6, 6, 3, 4, 6]","[6, 7, 7, 6, 7, 8, 6, 6, 6]","['A1PUHCEBSOWETV', 'A394S7JSNUA3TS', 'ARVXIBUCA8WDZ', 'A10GZ0SWBZIRBK', 'A2MUCL20GTQJA0', 'A2B6WQG0A9CKXQ', 'A2VRDE2FHCBMF8', 'AHZPOM46IUJ2N', 'self_report_05']"
04_DR-100_0075_5_sentence_4.wav,"[6, 3, 5, 2, 5, 2, 2, 5, 4]","[6, 7, 3, 3, 2, 4, 3, 2, 7]","['ARVXIBUCA8WDZ', 'A1PUHCEBSOWETV', 'A2MUCL20GTQJA0', 'A394S7JSNUA3TS', 'A3UWM3KJYEL5XU', 'A2EOOF9D135HQ1', 'A22QD6M0A2C77C', 'A1B4KC5KP7FH1Z', 'self_report_04']"
01_DR-100_0079_7_sentence_11.wav,"[2, 3, 6, 3, 4, 2, 3, 4, 7]","[7, 5, 7, 6, 5, 6, 5, 4, 7]","['A1PUHCEBSOWETV', 'ARVXIBUCA8WDZ', 'AA9V4NE8SOA4I', 'AFDC9A6Z60W2Z', 'A2B8HPIZDKYKDR', 'A1FHS282JP487T', 'A22QD6M0A2C77C', 'A2I3Y0L38HMQLZ', 'self_report_01']"
13_DR-100_0080_7_sentence_7.wav,"[5, 6, 5, 5, 3, 9, 2, 5, 3]","[5, 5, 7, 7, 5, 8, 6, 7, 6]","['AW4AHMQ7EN4QI', 'A2TBXASXZIRNNW', 'A1B4KC5KP7FH1Z', 'A2B8HPIZDKYKDR', 'A2CK0OXMPOR9LE', 'A1VW8Y7XCV3DRW', 'A1ZD9SJXQ9C6EW', 'AHZPOM46IUJ2N', 'self_report_13']"
15_DR-100_0078_5_sentence_12.wav,"[4, 4, 3, 9, 5, 6, 3, 5, 2]","[3, 6, 3, 9, 6, 4, 2, 4, 3]","['A18O3DEA5Z4MJD', 'ACJ6NSCIWMUZI', 'A394S7JSNUA3TS', 'A1VW8Y7XCV3DRW', 'A1HXEXQTZCJ1DW', 'A1L98RD8AC1ST3', 'A2NJ7N8INZOB00', 'A10BH9PYCYUKDJ', 'self_report_15']"
16_DR-100_0079_7_sentence_10.wav,"[3, 4, 5, 8, 6, 6, 5, 5, 4]","[2, 4, 6, 4, 4, 2, 3, 4, 7]","['A2NJ7N8INZOB00', 'A1HXEXQTZCJ1DW', 'A27PBC5O3Z5ZED', 'A27SMEOPKV84VI', 'A2541C8MY0BYV3', 'A1Y0Y6U906ABT5', 'A1L98RD8AC1ST3', 'ACJ6NSCIWMUZI', 'self_report_16']"
13_DR-100_0080_1_sentence_11.wav,"[7, 2, 5, 4, 4, 3, 3, 4, 4]","[7, 6, 6, 6, 5, 6, 6, 5, 6]","['A2B8HPIZDKYKDR', 'A20ALQT1HIVSAH', 'A10BH9PYCYUKDJ', 'A1Y0Y6U906ABT5', 'A2VRDE2FHCBMF8', 'A27PBC5O3Z5ZED', 'ASTDBTVY3WP1K', 'A2CK0OXMPOR9LE', 'self_report_13']"
15_DR-100_0078_3_sentence_1.wav,"[4, 4, 2, 2, 3, 5, 7, 1, 4]","[6, 7, 6, 6, 6, 7, 8, 9, 4]","['A2B8HPIZDKYKDR', 'A27BYNQVXYIC7H', 'A20ALQT1HIVSAH', 'A1ZD9SJXQ9C6EW', 'A10BH9PYCYUKDJ', 'AHZPOM46IUJ2N', 'A1VW8Y7XCV3DRW', 'A273DS7TQWR9M1', 'self_report_15']"
18_DR-100_0081_3_sentence_6.wav,"[3, 2, 2, 6, 3, 3, 2, 1, 7]","[5, 6, 3, 4, 5, 3, 4, 3, 6]","['A18O3DEA5Z4MJD', 'A24D98LB6OALQY', 'A2T007HZK66WM', 'A2TBXASXZIRNNW', 'A10BH9PYCYUKDJ', 'A27BYNQVXYIC7H', 'A3GLUDQZGEJL5G', 'A273DS7TQWR9M1', 'self_report_18']"
17_DR-100_0080_3_sentence_10.wav,"[1, 3, 4, 3, 5, 2, 5, 1, 8]","[5, 7, 5, 6, 5, 6, 7, 5, 6]","['A394S7JSNUA3TS', 'A3G0T5Y7OSC76S', 'A2VRDE2FHCBMF8', 'A27PBC5O3Z5ZED', 'A27SMEOPKV84VI', 'A2T007HZK66WM', 'AA9V4NE8SOA4I', 'A273DS7TQWR9M1', 'self_report_17']"
18_DR-100_0081_7_sentence_1.wav,"[4, 4, 5, 4, 3, 5, 2, 3, 6]","[3, 4, 3, 5, 5, 4, 3, 5, 4]","['A2B8HPIZDKYKDR', 'AW4AHMQ7EN4QI', 'A1Y0Y6U906ABT5', 'A2541C8MY0BYV3', 'A27PBC5O3Z5ZED', 'A2TBXASXZIRNNW', 'A13NXSZ9D5NTHN', 'A10BH9PYCYUKDJ', 'self_report_18']"
16_DR-100_0079_3_sentence_6.wav,"[4, 4, 3, 3, 3, 6, 5, 5, 6]","[8, 4, 7, 3, 3, 7, 4, 6, 6]","['A3G0T5Y7OSC76S', 'ACJ6NSCIWMUZI', 'A2NJ7N8INZOB00', 'A273DS7TQWR9M1', 'A2T007HZK66WM', 'ARVXIBUCA8WDZ', 'A10BH9PYCYUKDJ', 'A27SMEOPKV84VI', 'self_report_16']"
14_DR-100_0081_1_sentence_12.wav,"[6, 2, 3, 6, 5, 5, 1, 7, 6]","[7, 5, 5, 5, 5, 9, 5, 4, 5]","['A2B8HPIZDKYKDR', 'A1ZD9SJXQ9C6EW', 'A2VRDE2FHCBMF8', 'A18O3DEA5Z4MJD', 'A1B4KC5KP7FH1Z', 'A3G0T5Y7OSC76S', 'A394S7JSNUA3TS', 'A2TBXASXZIRNNW', 'self_report_14']"
11_DR-100_0075_3_sentence_5.wav,"[3, 3, 2, 2, 5, 4, 2, 5, 7]","[5, 5, 3, 6, 8, 7, 5, 4, 5]","['A2541C8MY0BYV3', 'A27BYNQVXYIC7H', 'A2NJ7N8INZOB00', 'A27PBC5O3Z5ZED', 'A3G0T5Y7OSC76S', 'AHZPOM46IUJ2N', 'A24D98LB6OALQY', 'ARVXIBUCA8WDZ', 'self_report_11']"
14_DR-100_0081_1_sentence_9.wav,"[7, 8, 4, 3, 7, 4, 4, 2, 6]","[6, 3, 5, 4, 5, 5, 5, 2, 5]","['ARVXIBUCA8WDZ', 'A2TBXASXZIRNNW', 'A2VRDE2FHCBMF8', 'A2T007HZK66WM', 'A1L98RD8AC1ST3', 'A2CK0OXMPOR9LE', 'A1HXEXQTZCJ1DW', 'A273DS7TQWR9M1', 'self_report_14']"
14_DR-100_0081_9_sentence_10.wav,"[5, 3, 4, 6, 6, 6, 4, 1, 6]","[5, 5, 5, 5, 4, 5, 6, 5, 4]","['A1B4KC5KP7FH1Z', 'A27PBC5O3Z5ZED', 'ACJ6NSCIWMUZI', 'ARVXIBUCA8WDZ', 'A27SMEOPKV84VI', 'A2CK0OXMPOR9LE', 'A10BH9PYCYUKDJ', 'A273DS7TQWR9M1', 'self_report_14']"
17_DR-100_0080_3_sentence_12.wav,"[5, 3, 5, 3, 6, 5, 4, 2, 8]","[4, 5, 4, 6, 5, 3, 3, 4, 6]","['ARVXIBUCA8WDZ', 'A2VRDE2FHCBMF8', 'A27BYNQVXYIC7H', 'AHZPOM46IUJ2N', 'A27SMEOPKV84VI', 'A2871R3LEPWMMK', 'AA9V4NE8SOA4I', 'A20ALQT1HIVSAH', 'self_report_17']"
13_DR-100_0080_7_sentence_3.wav,"[2, 5, 1, 4, 4, 2, 4, 7, 3]","[5, 5, 4, 5, 3, 3, 6, 4, 6]","['A1Y0Y6U906ABT5', 'A1B4KC5KP7FH1Z', 'A394S7JSNUA3TS', 'A3G0T5Y7OSC76S', 'A27BYNQVXYIC7H', 'A2NJ7N8INZOB00', 'A1F1BIPJR11LSR', 'A2TBXASXZIRNNW', 'self_report_13']"
14_DR-100_0081_3_sentence_2.wav,"[3, 3, 3, 7, 2, 3, 3, 2, 4]","[6, 6, 6, 6, 6, 5, 5, 5, 6]","['A3GLUDQZGEJL5G', 'A24D98LB6OALQY', 'A20ALQT1HIVSAH', 'A2B8HPIZDKYKDR', 'A13NXSZ9D5NTHN', 'A2CK0OXMPOR9LE', 'A394S7JSNUA3TS', 'A2T007HZK66WM', 'self_report_14']"
11_DR-100_0075_5_sentence_9.wav,"[5, 4, 5, 3, 4, 3, 3, 3, 7]","[3, 6, 4, 3, 4, 4, 4, 6, 3]","['A1Y0Y6U906ABT5', 'AHZPOM46IUJ2N', 'ARVXIBUCA8WDZ', 'A1HXEXQTZCJ1DW', 'A10BH9PYCYUKDJ', 'A24D98LB6OALQY', 'ACJ6NSCIWMUZI', 'A27PBC5O3Z5ZED', 'self_report_11']"
14_DR-100_0081_1_sentence_1.wav,"[3, 4, 7, 7, 5, 7, 3, 5, 6]","[6, 6, 6, 4, 7, 5, 8, 7, 5]","['A20ALQT1HIVSAH', 'A2541C8MY0BYV3', 'ARVXIBUCA8WDZ', 'A2TBXASXZIRNNW', 'A1B4KC5KP7FH1Z', 'A2CK0OXMPOR9LE', 'A273DS7TQWR9M1', 'AA9V4NE8SOA4I', 'self_report_14']"
17_DR-100_0080_1_sentence_13.wav,"[7, 5, 3, 3, 2, 6, 1, 4, 5]","[6, 6, 5, 6, 6, 6, 6, 5, 6]","['A2TBXASXZIRNNW', 'AW4AHMQ7EN4QI', 'A27PBC5O3Z5ZED', 'AHZPOM46IUJ2N', 'A10BH9PYCYUKDJ', 'A27SMEOPKV84VI', 'A394S7JSNUA3TS', 'A1L98RD8AC1ST3', 'self_report_17']"
15_DR-100_0078_7_sentence_11.wav,"[3, 5, 8, 4, 6, 3, 6, 6, 3]","[6, 2, 9, 6, 6, 6, 4, 4, 7]","['A20ALQT1HIVSAH', 'A1L98RD8AC1ST3', 'A2B8HPIZDKYKDR', 'A27PBC5O3Z5ZED', 'A18O3DEA5Z4MJD', 'A2CFE6AZS73RNS', 'ARVXIBUCA8WDZ', 'AA9V4NE8SOA4I', 'self_report_15']"
12_DR-100_0076_3_sentence_4.wav,"[3, 7, 2, 4, 3, 5, 4, 4, 6]","[4, 3, 5, 5, 5, 6, 6, 6, 7]","['A2B8HPIZDKYKDR', 'A2TBXASXZIRNNW', 'A394S7JSNUA3TS', 'A27SMEOPKV84VI', 'A1Y0Y6U906ABT5', 'A1B4KC5KP7FH1Z', 'A2VRDE2FHCBMF8', 'A32IRN8APZMCQ2', 'self_report_12']"
14_DR-100_0081_7_sentence_10.wav,"[2, 2, 4, 2, 1, 3, 4, 4, 4]","[4, 5, 4, 4, 3, 5, 4, 2, 6]","['A394S7JSNUA3TS', 'A1Y0Y6U906ABT5', 'A27BYNQVXYIC7H', 'A20ALQT1HIVSAH', 'A273DS7TQWR9M1', 'A2541C8MY0BYV3', 'A1L98RD8AC1ST3', 'A32IRN8APZMCQ2', 'self_report_14']"
16_DR-100_0079_5_sentence_5.wav,"[4, 5, 5, 3, 7, 2, 4, 2, 3]","[7, 6, 7, 7, 5, 6, 6, 6, 5]","['A3GLUDQZGEJL5G', 'A1Y0Y6U906ABT5', 'A2CFE6AZS73RNS', 'A13NXSZ9D5NTHN', 'A2TBXASXZIRNNW', 'A1VW8Y7XCV3DRW', 'ACJ6NSCIWMUZI', 'A394S7JSNUA3TS', 'self_report_16']"
15_DR-100_0078_1_sentence_5.wav,"[8, 3, 5, 3, 5, 5, 3, 6, 2]","[4, 5, 4, 6, 5, 6, 3, 7, 6]","['A2TBXASXZIRNNW', 'A27BYNQVXYIC7H', 'A2B8HPIZDKYKDR', 'A394S7JSNUA3TS', 'A1B4KC5KP7FH1Z', 'A1Y0Y6U906ABT5', 'ANV8C2DATCAPB', 'AHZPOM46IUJ2N', 'self_report_15']"
17_DR-100_0080_7_sentence_2.wav,"[3, 2, 1, 3, 2, 2, 2, 6, 5]","[5, 4, 5, 4, 3, 3, 4, 4, 5]","['A27PBC5O3Z5ZED', 'A394S7JSNUA3TS', 'A1ZD9SJXQ9C6EW', 'A2VRDE2FHCBMF8', 'A2NJ7N8INZOB00', 'A1VW8Y7XCV3DRW', 'A24D98LB6OALQY', 'AA9V4NE8SOA4I', 'self_report_17']"
14_DR-100_0081_9_sentence_12.wav,"[3, 1, 8, 3, 1, 3, 6, 4, 6]","[5, 5, 2, 5, 5, 5, 5, 6, 4]","['A27PBC5O3Z5ZED', 'A13NXSZ9D5NTHN', 'A2TBXASXZIRNNW', 'A2VRDE2FHCBMF8', 'A3GLUDQZGEJL5G', 'A1Y0Y6U906ABT5', 'ARVXIBUCA8WDZ', 'A1F1BIPJR11LSR', 'self_report_14']"
11_DR-100_0075_7_sentence_7.wav,"[2, 5, 4, 2, 1, 3, 4, 4, 6]","[9, 6, 7, 7, 7, 7, 6, 9, 6]","['A1ZD9SJXQ9C6EW', 'A2541C8MY0BYV3', 'AHZPOM46IUJ2N', 'ANV8C2DATCAPB', 'A394S7JSNUA3TS', 'A2CFE6AZS73RNS', 'A2VRDE2FHCBMF8', 'A32IRN8APZMCQ2', 'self_report_11']"
17_DR-100_0080_5_sentence_7.wav,"[1, 5, 3, 3, 5, 5, 3, 6, 7]","[6, 6, 6, 7, 6, 8, 5, 8, 8]","['A394S7JSNUA3TS', 'A2VRDE2FHCBMF8', 'A27PBC5O3Z5ZED', 'A3G0T5Y7OSC76S', 'A2541C8MY0BYV3', 'A27BYNQVXYIC7H', 'A2CK0OXMPOR9LE', 'A1Y0Y6U906ABT5', 'self_report_17']"
13_DR-100_0080_7_sentence_4.wav,"[4, 3, 6, 2, 3, 5, 3, 7, 3]","[3, 4, 5, 5, 5, 4, 4, 8, 6]","['A2B8HPIZDKYKDR', 'A3GLUDQZGEJL5G', 'A2TBXASXZIRNNW', 'A27PBC5O3Z5ZED', 'ACJ6NSCIWMUZI', 'ARVXIBUCA8WDZ', 'A1Y0Y6U906ABT5', 'A1VW8Y7XCV3DRW', 'self_report_13']"
13_DR-100_0080_5_sentence_5.wav,"[3, 1, 5, 4, 3, 1, 2, 4, 4]","[5, 5, 5, 5, 4, 5, 5, 4, 6]","['A2B8HPIZDKYKDR', 'A394S7JSNUA3TS', 'A2TBXASXZIRNNW', 'A1B4KC5KP7FH1Z', 'ARVXIBUCA8WDZ', 'A273DS7TQWR9M1', 'A27PBC5O3Z5ZED', 'A1F1BIPJR11LSR', 'self_report_13']"
17_DR-100_0080_3_sentence_7.wav,"[6, 3, 5, 3, 1, 2, 3, 4, 8]","[6, 7, 7, 5, 7, 7, 8, 8, 6]","['ARVXIBUCA8WDZ', 'A2VRDE2FHCBMF8', 'A1Y0Y6U906ABT5', 'ACJ6NSCIWMUZI', 'A24D98LB6OALQY', 'A394S7JSNUA3TS', 'A2CFE6AZS73RNS', 'AHZPOM46IUJ2N', 'self_report_17']"
13_DR-100_0080_1_sentence_12.wav,"[3, 3, 3, 4, 6, 6, 3, 5, 4]","[5, 6, 7, 5, 7, 5, 4, 7, 6]","['A18O3DEA5Z4MJD', 'A27PBC5O3Z5ZED', 'A3GLUDQZGEJL5G', 'A2VRDE2FHCBMF8', 'A2B8HPIZDKYKDR', 'A2TBXASXZIRNNW', 'A394S7JSNUA3TS', 'AA9V4NE8SOA4I', 'self_report_13']"
16_DR-100_0079_5_sentence_1.wav,"[5, 1, 1, 3, 6, 3, 3, 3, 3]","[5, 5, 5, 5, 5, 4, 6, 8, 5]","['A2TBXASXZIRNNW', 'A3GLUDQZGEJL5G', 'ANV8C2DATCAPB', 'A27PBC5O3Z5ZED', 'ARVXIBUCA8WDZ', 'A1F1BIPJR11LSR', 'A1VW8Y7XCV3DRW', 'A32IRN8APZMCQ2', 'self_report_16']"
16_DR-100_0079_9_sentence_8.wav,"[1, 3, 3, 2, 3, 1, 1, 1, 6]","[5, 4, 4, 4, 5, 5, 5, 5, 8]","['A2B8HPIZDKYKDR', 'A3G0T5Y7OSC76S', 'A27BYNQVXYIC7H', 'A27PBC5O3Z5ZED', 'ARVXIBUCA8WDZ', 'A1HXEXQTZCJ1DW', 'A32IRN8APZMCQ2', 'A273DS7TQWR9M1', 'self_report_16']"
16_DR-100_0079_5_sentence_4.wav,"[2, 3, 6, 2, 3, 4, 3, 1, 3]","[4, 6, 6, 6, 7, 5, 4, 4, 5]","['A394S7JSNUA3TS', 'A27PBC5O3Z5ZED', 'ARVXIBUCA8WDZ', 'A20ALQT1HIVSAH', 'A27BYNQVXYIC7H', 'A1L98RD8AC1ST3', 'A2VRDE2FHCBMF8', 'A13NXSZ9D5NTHN', 'self_report_16']"
16_DR-100_0079_1_sentence_3.wav,"[3, 6, 7, 6, 4, 2, 3, 5, 5]","[4, 5, 5, 3, 4, 5, 3, 3, 7]","['A394S7JSNUA3TS', 'ARVXIBUCA8WDZ', 'A2TBXASXZIRNNW', 'A18O3DEA5Z4MJD', 'A1Y0Y6U906ABT5', 'A13NXSZ9D5NTHN', 'A3GLUDQZGEJL5G', 'A1B4KC5KP7FH1Z', 'self_report_16']"
14_DR-100_0081_7_sentence_4.wav,"[3, 3, 2, 3, 4, 1, 7, 3, 4]","[5, 5, 5, 5, 5, 5, 4, 6, 6]","['A2541C8MY0BYV3', 'A2VRDE2FHCBMF8', 'ASTDBTVY3WP1K', 'A27PBC5O3Z5ZED', 'ARVXIBUCA8WDZ', 'A394S7JSNUA3TS', 'A2TBXASXZIRNNW', 'A24D98LB6OALQY', 'self_report_14']"
15_DR-100_0078_7_sentence_5.wav,"[1, 2, 4, 3, 6, 4, 3, 4, 3]","[4, 4, 2, 3, 3, 4, 2, 3, 7]","['A394S7JSNUA3TS', 'A20ALQT1HIVSAH', 'A27BYNQVXYIC7H', 'A2CFE6AZS73RNS', 'A2871R3LEPWMMK', 'A2VRDE2FHCBMF8', 'A2T007HZK66WM', 'A1Y0Y6U906ABT5', 'self_report_15']"
12_DR-100_0076_5_sentence_8.wav,"[7, 6, 2, 3, 3, 5, 2, 4, 7]","[4, 6, 5, 5, 5, 4, 6, 5, 6]","['A2TBXASXZIRNNW', 'ARVXIBUCA8WDZ', 'A24D98LB6OALQY', 'ACJ6NSCIWMUZI', 'A2CK0OXMPOR9LE', 'A1B4KC5KP7FH1Z', 'A3GLUDQZGEJL5G', 'A1Y0Y6U906ABT5', 'self_report_12']"
12_DR-100_0076_9_sentence_4.wav,"[6, 2, 3, 2, 2, 4, 9, 5, 6]","[5, 6, 5, 6, 5, 6, 6, 4, 8]","['ARVXIBUCA8WDZ', 'A2NJ7N8INZOB00', 'A1Y0Y6U906ABT5', 'A1HXEXQTZCJ1DW', 'A18O3DEA5Z4MJD', 'A1B4KC5KP7FH1Z', 'A1VW8Y7XCV3DRW', 'AA9V4NE8SOA4I', 'self_report_12']"
17_DR-100_0080_5_sentence_15.wav,"[5, 3, 6, 5, 7, 4, 2, 4, 3, 7]","[9, 5, 4, 6, 6, 7, 6, 6, 9, 8]","['A1L98RD8AC1ST3', 'A2VRDE2FHCBMF8', 'A2TBXASXZIRNNW', 'ARVXIBUCA8WDZ', 'A1VW8Y7XCV3DRW', 'A3G0T5Y7OSC76S', 'A20ALQT1HIVSAH', 'A2541C8MY0BYV3', 'A32IRN8APZMCQ2', 'self_report_17']"
11_DR-100_0075_9_sentence_5.wav,"[4, 3, 6, 4, 4, 5, 5, 2, 6]","[4, 2, 5, 5, 6, 5, 5, 6, 5]","['A2VRDE2FHCBMF8', 'A2NJ7N8INZOB00', 'ARVXIBUCA8WDZ', 'A1Y0Y6U906ABT5', 'A27PBC5O3Z5ZED', 'A1L98RD8AC1ST3', 'A2541C8MY0BYV3', 'A20ALQT1HIVSAH', 'self_report_11']"
15_DR-100_0078_3_sentence_15.wav,"[6, 6, 5, 5, 3, 6, 4, 7, 4]","[5, 4, 3, 4, 3, 4, 4, 3, 4]","['ARVXIBUCA8WDZ', 'A2B8HPIZDKYKDR', 'A1B4KC5KP7FH1Z', 'A2541C8MY0BYV3', 'A2CFE6AZS73RNS', 'A27SMEOPKV84VI', 'A2VRDE2FHCBMF8', 'A1VW8Y7XCV3DRW', 'self_report_15']"
18_DR-100_0081_9_sentence_5.wav,"[2, 4, 3, 3, 5, 4, 4, 2, 6, 3]","[4, 6, 5, 5, 4, 5, 3, 6, 4, 6]","['A20ALQT1HIVSAH', 'A27PBC5O3Z5ZED', 'A2VRDE2FHCBMF8', 'ASTDBTVY3WP1K', 'AA9V4NE8SOA4I', 'A2541C8MY0BYV3', 'A32IRN8APZMCQ2', 'A13NXSZ9D5NTHN', 'A1VW8Y7XCV3DRW', 'self_report_18']"
17_DR-100_0080_7_sentence_11.wav,"[5, 4, 2, 4, 1, 2, 3, 3, 5]","[5, 4, 4, 4, 4, 5, 5, 5, 5]","['A18O3DEA5Z4MJD', 'A2B8HPIZDKYKDR', 'ANV8C2DATCAPB', 'A1HXEXQTZCJ1DW', 'A13NXSZ9D5NTHN', 'A3GLUDQZGEJL5G', 'A2T007HZK66WM', 'A20ALQT1HIVSAH', 'self_report_17']"
11_DR-100_0075_3_sentence_4.wav,"[2, 4, 3, 4, 3, 4, 6, 1, 7]","[4, 6, 4, 7, 5, 4, 4, 3, 5]","['A394S7JSNUA3TS', 'A1VW8Y7XCV3DRW', 'A1HXEXQTZCJ1DW', 'A3G0T5Y7OSC76S', 'A27PBC5O3Z5ZED', 'A1L98RD8AC1ST3', 'A27SMEOPKV84VI', 'A2T007HZK66WM', 'self_report_11']"
13_DR-100_0080_5_sentence_1.wav,"[2, 3, 5, 4, 5, 4, 4, 6, 4]","[5, 7, 6, 8, 6, 6, 7, 5, 6]","['ANV8C2DATCAPB', 'A27PBC5O3Z5ZED', 'ACJ6NSCIWMUZI', 'A3G0T5Y7OSC76S', 'A1Y0Y6U906ABT5', 'A10BH9PYCYUKDJ', 'A27SMEOPKV84VI', 'ARVXIBUCA8WDZ', 'self_report_13']"
16_DR-100_0079_1_sentence_5.wav,"[6, 2, 4, 6, 5, 3, 3, 5, 3, 5]","[5, 4, 5, 2, 2, 6, 4, 3, 6, 7]","['AW4AHMQ7EN4QI', 'A394S7JSNUA3TS', 'A1L98RD8AC1ST3', 'A27BYNQVXYIC7H', 'A1VW8Y7XCV3DRW', 'A27PBC5O3Z5ZED', 'A20ALQT1HIVSAH', 'A1B4KC5KP7FH1Z', 'A32IRN8APZMCQ2', 'self_report_16']"
11_DR-100_0075_1_sentence_6.wav,"[3, 4, 3, 2, 3, 3, 3, 4, 3, 6]","[5, 5, 6, 5, 5, 5, 5, 6, 5, 7]","['A1HXEXQTZCJ1DW', 'A394S7JSNUA3TS', 'ACJ6NSCIWMUZI', 'A27BYNQVXYIC7H', 'A27PBC5O3Z5ZED', 'A2VRDE2FHCBMF8', 'A2541C8MY0BYV3', 'A1VW8Y7XCV3DRW', 'A1Y0Y6U906ABT5', 'self_report_11']"
17_DR-100_0080_7_sentence_1.wav,"[4, 4, 4, 5, 7, 1, 4, 5, 5]","[7, 6, 5, 5, 6, 5, 5, 6, 5]","['A10BH9PYCYUKDJ', 'A2CFE6AZS73RNS', 'A27PBC5O3Z5ZED', 'A2541C8MY0BYV3', 'A2TBXASXZIRNNW', 'A3GLUDQZGEJL5G', 'A394S7JSNUA3TS', 'ARVXIBUCA8WDZ', 'self_report_17']"
17_DR-100_0080_3_sentence_9.wav,"[2, 3, 3, 5, 4, 7, 5, 2, 8]","[4, 4, 3, 4, 4, 2, 4, 2, 6]","['A24D98LB6OALQY', 'A10BH9PYCYUKDJ', 'A394S7JSNUA3TS', 'A3G0T5Y7OSC76S', 'A2541C8MY0BYV3', 'A18O3DEA5Z4MJD', 'A1F1BIPJR11LSR', 'A273DS7TQWR9M1', 'self_report_17']"
16_DR-100_0079_3_sentence_3.wav,"[2, 4, 3, 6, 5, 3, 4, 1, 6]","[4, 4, 6, 7, 7, 6, 6, 6, 6]","['A10GZ0SWBZIRBK', 'AW4AHMQ7EN4QI', 'A27PBC5O3Z5ZED', 'ARVXIBUCA8WDZ', 'A27BYNQVXYIC7H', 'A3GLUDQZGEJL5G', 'A2541C8MY0BYV3', 'A13NXSZ9D5NTHN', 'self_report_16']"
11_DR-100_0075_3_sentence_6.wav,"[3, 5, 3, 2, 4, 2, 4, 5, 7]","[7, 8, 6, 6, 5, 6, 6, 4, 5]","['A2NJ7N8INZOB00', 'A3G0T5Y7OSC76S', 'A27PBC5O3Z5ZED', 'A20ALQT1HIVSAH', 'A2541C8MY0BYV3', 'A3GLUDQZGEJL5G', 'A2T007HZK66WM', 'AA9V4NE8SOA4I', 'self_report_11']"
15_DR-100_0078_3_sentence_4.wav,"[2, 4, 4, 5, 6, 5, 7, 7, 4]","[3, 5, 4, 7, 5, 4, 4, 5, 4]","['A2NJ7N8INZOB00', 'A18O3DEA5Z4MJD', 'A2VRDE2FHCBMF8', 'A3G0T5Y7OSC76S', 'ARVXIBUCA8WDZ', 'A2CFE6AZS73RNS', 'A2B8HPIZDKYKDR', 'A27SMEOPKV84VI', 'self_report_15']"
14_DR-100_0081_7_sentence_1.wav,"[2, 3, 7, 3, 2, 5, 7, 4, 4]","[5, 5, 6, 6, 5, 5, 5, 2, 6]","['A394S7JSNUA3TS', 'A1Y0Y6U906ABT5', 'ARVXIBUCA8WDZ', 'A27PBC5O3Z5ZED', 'A20ALQT1HIVSAH', 'A27BYNQVXYIC7H', 'A27SMEOPKV84VI', 'A273DS7TQWR9M1', 'self_report_14']"
11_DR-100_0075_7_sentence_8.wav,"[4, 5, 3, 3, 4, 5, 3, 6, 6]","[7, 8, 7, 6, 8, 6, 7, 8, 6]","['A1HXEXQTZCJ1DW', 'A3G0T5Y7OSC76S', 'A394S7JSNUA3TS', 'A27PBC5O3Z5ZED', 'A24D98LB6OALQY', 'A2541C8MY0BYV3', 'A2T007HZK66WM', 'AHZPOM46IUJ2N', 'self_report_11']"
12_DR-100_0076_1_sentence_1.wav,"[2, 3, 2, 1, 1, 3, 3, 5, 4]","[5, 5, 4, 4, 4, 4, 5, 4, 4]","['ANV8C2DATCAPB', 'A27BYNQVXYIC7H', 'A2CFE6AZS73RNS', 'A13NXSZ9D5NTHN', 'A394S7JSNUA3TS', 'A1Y0Y6U906ABT5', 'A1HXEXQTZCJ1DW', 'A1F1BIPJR11LSR', 'self_report_12']"
13_DR-100_0080_3_sentence_8.wav,"[6, 3, 4, 2, 4, 4, 3, 3, 5]","[4, 3, 4, 5, 2, 5, 4, 3, 5]","['A2TBXASXZIRNNW', 'ARVXIBUCA8WDZ', 'A2541C8MY0BYV3', 'ACJ6NSCIWMUZI', 'A1B4KC5KP7FH1Z', 'A27BYNQVXYIC7H', 'A27PBC5O3Z5ZED', 'A1F1BIPJR11LSR', 'self_report_13']"
16_DR-100_0079_7_sentence_1.wav,"[5, 5, 6, 6, 4, 4, 3, 6, 4]","[3, 2, 2, 4, 3, 5, 3, 2, 7]","['AW4AHMQ7EN4QI', 'A1B4KC5KP7FH1Z', 'AHZPOM46IUJ2N', 'A1L98RD8AC1ST3', 'A1HXEXQTZCJ1DW', 'A2CK0OXMPOR9LE', 'A3GLUDQZGEJL5G', 'A1Y0Y6U906ABT5', 'self_report_16']"
15_DR-100_0078_5_sentence_4.wav,"[2, 6, 6, 5, 3, 7, 3, 6, 1, 2]","[3, 2, 3, 3, 3, 3, 5, 2, 4, 3]","['ASTDBTVY3WP1K', 'A2B8HPIZDKYKDR', 'A27SMEOPKV84VI', 'A27BYNQVXYIC7H', 'A2T007HZK66WM', 'A1VW8Y7XCV3DRW', 'A10BH9PYCYUKDJ', 'A1Y0Y6U906ABT5', 'A1ZD9SJXQ9C6EW', 'self_report_15']"
17_DR-100_0080_7_sentence_6.wav,"[1, 7, 3, 5, 3, 7, 3, 4, 5]","[5, 5, 3, 5, 4, 6, 5, 6, 5]","['A394S7JSNUA3TS', 'A2TBXASXZIRNNW', 'A2NJ7N8INZOB00', 'A1B4KC5KP7FH1Z', 'A2VRDE2FHCBMF8', 'A2B8HPIZDKYKDR', 'A2CK0OXMPOR9LE', 'A1VW8Y7XCV3DRW', 'self_report_17']"
17_DR-100_0080_5_sentence_14.wav,"[1, 1, 4, 1, 5, 5, 4, 3, 7]","[7, 7, 5, 6, 8, 6, 6, 6, 8]","['A10BH9PYCYUKDJ', 'A394S7JSNUA3TS', 'ACJ6NSCIWMUZI', 'A13NXSZ9D5NTHN', 'A2NJ7N8INZOB00', 'ARVXIBUCA8WDZ', 'A2541C8MY0BYV3', 'A27PBC5O3Z5ZED', 'self_report_17']"
15_DR-100_0078_7_sentence_8.wav,"[3, 4, 4, 1, 5, 4, 1, 5, 3]","[5, 9, 7, 6, 7, 6, 5, 6, 7]","['A2541C8MY0BYV3', 'A3G0T5Y7OSC76S', 'A27PBC5O3Z5ZED', 'A394S7JSNUA3TS', 'A1B4KC5KP7FH1Z', 'A2VRDE2FHCBMF8', 'A13NXSZ9D5NTHN', 'A1F1BIPJR11LSR', 'self_report_15']"
14_DR-100_0081_7_sentence_11.wav,"[7, 6, 8, 5, 2, 3, 6, 5, 4]","[6, 5, 3, 7, 6, 6, 7, 6, 6]","['A2B8HPIZDKYKDR', 'A27BYNQVXYIC7H', 'A2TBXASXZIRNNW', 'A3G0T5Y7OSC76S', 'A2T007HZK66WM', 'A3GLUDQZGEJL5G', 'A1L98RD8AC1ST3', 'A1Y0Y6U906ABT5', 'self_report_14']"
13_DR-100_0080_3_sentence_7.wav,"[4, 7, 6, 3, 5, 3, 4, 1, 5]","[5, 6, 8, 6, 6, 4, 5, 4, 5]","['A2VRDE2FHCBMF8', 'A2TBXASXZIRNNW', 'A3G0T5Y7OSC76S', 'A27PBC5O3Z5ZED', 'AHZPOM46IUJ2N', 'A1Y0Y6U906ABT5', 'A2CK0OXMPOR9LE', 'A273DS7TQWR9M1', 'self_report_13']"
12_DR-100_0076_9_sentence_3.wav,"[3, 6, 3, 5, 3, 2, 5, 6, 6]","[5, 4, 5, 5, 5, 6, 6, 4, 8]","['A2VRDE2FHCBMF8', 'A2B8HPIZDKYKDR', 'A18O3DEA5Z4MJD', 'A27BYNQVXYIC7H', 'A20ALQT1HIVSAH', 'A13NXSZ9D5NTHN', 'A1F1BIPJR11LSR', 'A2TBXASXZIRNNW', 'self_report_12']"
15_DR-100_0078_9_sentence_1.wav,"[6, 5, 4, 3, 3, 5, 7, 3, 4]","[7, 6, 6, 7, 6, 7, 6, 6, 7]","['A2B8HPIZDKYKDR', 'A2541C8MY0BYV3', 'ACJ6NSCIWMUZI', 'A1HXEXQTZCJ1DW', 'A10BH9PYCYUKDJ', 'A3G0T5Y7OSC76S', 'A2TBXASXZIRNNW', 'A2T007HZK66WM', 'self_report_15']"
13_DR-100_0080_3_sentence_6.wav,"[4, 6, 3, 2, 5, 3, 4, 4, 5]","[6, 6, 5, 7, 5, 1, 2, 5, 5]","['A27PBC5O3Z5ZED', 'A2541C8MY0BYV3', 'A20ALQT1HIVSAH', 'A13NXSZ9D5NTHN', 'A2VRDE2FHCBMF8', 'A273DS7TQWR9M1', 'A2T007HZK66WM', 'A10BH9PYCYUKDJ', 'self_report_13']"
15_DR-100_0078_3_sentence_11.wav,"[6, 3, 4, 3, 5, 6, 2, 4, 4]","[5, 7, 6, 5, 5, 5, 6, 6, 4]","['AW4AHMQ7EN4QI', 'A3G0T5Y7OSC76S', 'AHZPOM46IUJ2N', 'ASTDBTVY3WP1K', 'A10BH9PYCYUKDJ', 'A2TBXASXZIRNNW', 'A20ALQT1HIVSAH', 'A1L98RD8AC1ST3', 'self_report_15']"
17_DR-100_0080_9_sentence_10.wav,"[2, 4, 7, 4, 2, 3, 5, 3, 4]","[4, 8, 4, 4, 4, 4, 8, 5, 5]","['A20ALQT1HIVSAH', 'A3G0T5Y7OSC76S', 'A2TBXASXZIRNNW', 'A1HXEXQTZCJ1DW', 'A394S7JSNUA3TS', 'A1L98RD8AC1ST3', 'A10BH9PYCYUKDJ', 'A32IRN8APZMCQ2', 'self_report_17']"
11_DR-100_0075_7_sentence_5.wav,"[3, 3, 4, 5, 7, 6, 4, 4, 6]","[5, 5, 4, 8, 3, 5, 4, 4, 6]","['A27PBC5O3Z5ZED', 'A3GLUDQZGEJL5G', 'ARVXIBUCA8WDZ', 'A3G0T5Y7OSC76S', 'A2TBXASXZIRNNW', 'A27SMEOPKV84VI', 'A2CFE6AZS73RNS', 'A2VRDE2FHCBMF8', 'self_report_11']"
16_DR-100_0079_7_sentence_8.wav,"[4, 1, 5, 7, 4, 6, 6, 6, 4]","[5, 4, 4, 4, 5, 6, 6, 4, 7]","['A10BH9PYCYUKDJ', 'A394S7JSNUA3TS', 'A1Y0Y6U906ABT5', 'A2B8HPIZDKYKDR', 'A2VRDE2FHCBMF8', 'A2541C8MY0BYV3', 'ARVXIBUCA8WDZ', 'A2TBXASXZIRNNW', 'self_report_16']"
14_DR-100_0081_9_sentence_7.wav,"[3, 4, 7, 3, 2, 4, 7, 2, 6]","[4, 4, 5, 3, 6, 5, 6, 6, 4]","['A1Y0Y6U906ABT5', 'A27BYNQVXYIC7H', 'A2541C8MY0BYV3', 'A394S7JSNUA3TS', 'A3GLUDQZGEJL5G', 'A2VRDE2FHCBMF8', 'ARVXIBUCA8WDZ', 'ANV8C2DATCAPB', 'self_report_14']"
16_DR-100_0079_3_sentence_1.wav,"[2, 6, 3, 6, 4, 3, 3, 2, 6]","[6, 6, 8, 5, 7, 7, 7, 6, 6]","['A394S7JSNUA3TS', 'ARVXIBUCA8WDZ', 'AHZPOM46IUJ2N', 'A2TBXASXZIRNNW', 'A18O3DEA5Z4MJD', 'A2T007HZK66WM', 'A1VW8Y7XCV3DRW', 'A20ALQT1HIVSAH', 'self_report_16']"
12_DR-100_0076_9_sentence_5.wav,"[3, 8, 3, 5, 6, 4, 6, 4, 6]","[6, 7, 6, 6, 8, 6, 6, 6, 8]","['ASTDBTVY3WP1K', 'A1VW8Y7XCV3DRW', 'AHZPOM46IUJ2N', 'A27SMEOPKV84VI', 'A27BYNQVXYIC7H', 'A24D98LB6OALQY', 'A1L98RD8AC1ST3', 'A1HXEXQTZCJ1DW', 'self_report_12']"
18_DR-100_0081_1_sentence_1.wav,"[6, 2, 3, 3, 6, 2, 5, 3, 5]","[6, 7, 5, 5, 4, 5, 7, 7, 4]","['ARVXIBUCA8WDZ', 'A1VW8Y7XCV3DRW', 'ACJ6NSCIWMUZI', 'A394S7JSNUA3TS', 'A2TBXASXZIRNNW', 'A1L98RD8AC1ST3', 'A10BH9PYCYUKDJ', 'A2NJ7N8INZOB00', 'self_report_18']"
18_DR-100_0081_7_sentence_3.wav,"[2, 4, 4, 3, 3, 6, 2, 2, 6]","[3, 1, 3, 4, 3, 4, 4, 4, 4]","['A2NJ7N8INZOB00', 'A1L98RD8AC1ST3', 'ANV8C2DATCAPB', 'A1VW8Y7XCV3DRW', 'A27BYNQVXYIC7H', 'A2TBXASXZIRNNW', 'A2T007HZK66WM', 'A24D98LB6OALQY', 'self_report_18']"
11_DR-100_0075_5_sentence_3.wav,"[5, 7, 3, 5, 4, 6, 2, 4, 7]","[4, 3, 5, 6, 4, 3, 5, 7, 3]","['A1Y0Y6U906ABT5', 'A2TBXASXZIRNNW', 'A24D98LB6OALQY', 'A1B4KC5KP7FH1Z', 'ARVXIBUCA8WDZ', 'A27SMEOPKV84VI', 'A13NXSZ9D5NTHN', 'A2NJ7N8INZOB00', 'self_report_11']"
17_DR-100_0080_7_sentence_16.wav,"[4, 3, 3, 6, 6, 5, 4, 4, 5]","[6, 3, 6, 3, 5, 4, 4, 6, 5]","['A3G0T5Y7OSC76S', 'A27BYNQVXYIC7H', 'A27PBC5O3Z5ZED', 'A1Y0Y6U906ABT5', 'ARVXIBUCA8WDZ', 'A27SMEOPKV84VI', 'A10BH9PYCYUKDJ', 'A32IRN8APZMCQ2', 'self_report_17']"
17_DR-100_0080_9_sentence_5.wav,"[3, 4, 7, 4, 6, 5, 5, 3, 4]","[7, 6, 6, 4, 6, 6, 6, 6, 5]","['A3GLUDQZGEJL5G', 'A27PBC5O3Z5ZED', 'ARVXIBUCA8WDZ', 'A1Y0Y6U906ABT5', 'A18O3DEA5Z4MJD', 'AHZPOM46IUJ2N', 'A2541C8MY0BYV3', 'A13NXSZ9D5NTHN', 'self_report_17']"
16_DR-100_0079_3_sentence_7.wav,"[1, 2, 5, 4, 4, 3, 4, 6, 6]","[3, 4, 5, 7, 6, 7, 7, 9, 6]","['A13NXSZ9D5NTHN', 'ACJ6NSCIWMUZI', 'A3G0T5Y7OSC76S', 'A2B8HPIZDKYKDR', 'A27PBC5O3Z5ZED', 'A1VW8Y7XCV3DRW', 'A1B4KC5KP7FH1Z', 'AHZPOM46IUJ2N', 'self_report_16']"
12_DR-100_0076_9_sentence_8.wav,"[7, 4, 8, 5, 5, 7, 5, 4, 6]","[6, 5, 3, 6, 7, 5, 7, 6, 8]","['ARVXIBUCA8WDZ', 'A3G0T5Y7OSC76S', 'A2TBXASXZIRNNW', 'A27BYNQVXYIC7H', 'A1B4KC5KP7FH1Z', 'A27SMEOPKV84VI', 'A10BH9PYCYUKDJ', 'AA9V4NE8SOA4I', 'self_report_12']"
17_DR-100_0080_3_sentence_1.wav,"[2, 2, 1, 1, 4, 2, 4, 2, 8]","[5, 5, 5, 5, 4, 3, 5, 3, 6]","['A20ALQT1HIVSAH', 'A1Y0Y6U906ABT5', 'A394S7JSNUA3TS', 'A13NXSZ9D5NTHN', 'A2VRDE2FHCBMF8', 'A1HXEXQTZCJ1DW', 'AHZPOM46IUJ2N', 'A2NJ7N8INZOB00', 'self_report_17']"
15_DR-100_0078_3_sentence_3.wav,"[3, 2, 2, 4, 3, 2, 5, 5, 4]","[5, 4, 4, 3, 5, 4, 6, 3, 4]","['A27PBC5O3Z5ZED', 'A20ALQT1HIVSAH', 'A394S7JSNUA3TS', 'A2VRDE2FHCBMF8', 'A1F1BIPJR11LSR', 'ANV8C2DATCAPB', 'A1L98RD8AC1ST3', 'A1B4KC5KP7FH1Z', 'self_report_15']"
11_DR-100_0075_7_sentence_2.wav,"[3, 7, 5, 2, 4, 4, 4, 5, 6]","[4, 3, 6, 6, 6, 3, 5, 4, 6]","['A2VRDE2FHCBMF8', 'A2TBXASXZIRNNW', 'A2541C8MY0BYV3', 'A3GLUDQZGEJL5G', 'A1L98RD8AC1ST3', 'A24D98LB6OALQY', 'ARVXIBUCA8WDZ', 'AHZPOM46IUJ2N', 'self_report_11']"
16_DR-100_0079_5_sentence_3.wav,"[3, 2, 4, 3, 3, 6, 6, 1, 3, 3]","[5, 5, 4, 3, 5, 5, 7, 5, 5, 5]","['A1Y0Y6U906ABT5', 'A394S7JSNUA3TS', 'A2VRDE2FHCBMF8', 'ANV8C2DATCAPB', 'A1HXEXQTZCJ1DW', 'A2TBXASXZIRNNW', 'AHZPOM46IUJ2N', 'A13NXSZ9D5NTHN', 'A1VW8Y7XCV3DRW', 'self_report_16']"
16_DR-100_0079_7_sentence_5.wav,"[3, 2, 6, 5, 6, 3, 2, 9, 4]","[6, 7, 7, 7, 5, 8, 6, 7, 7]","['A1L98RD8AC1ST3', 'A394S7JSNUA3TS', 'AW4AHMQ7EN4QI', 'A1Y0Y6U906ABT5', 'A27SMEOPKV84VI', 'A20ALQT1HIVSAH', 'A2NJ7N8INZOB00', 'A1VW8Y7XCV3DRW', 'self_report_16']"
15_DR-100_0078_1_sentence_2.wav,"[4, 4, 2, 2, 5, 3, 4, 7, 2]","[8, 5, 4, 5, 7, 6, 5, 8, 6]","['A3G0T5Y7OSC76S', 'A2VRDE2FHCBMF8', 'A13NXSZ9D5NTHN', 'A394S7JSNUA3TS', 'AHZPOM46IUJ2N', 'A2T007HZK66WM', 'A10BH9PYCYUKDJ', 'A2B8HPIZDKYKDR', 'self_report_15']"
17_DR-100_0080_5_sentence_1.wav,"[2, 1, 3, 1, 2, 1, 3, 3, 7]","[5, 3, 4, 5, 5, 5, 5, 2, 8]","['A1Y0Y6U906ABT5', 'A13NXSZ9D5NTHN', 'A3G0T5Y7OSC76S', 'A1L98RD8AC1ST3', 'A2541C8MY0BYV3', 'A2T007HZK66WM', 'A32IRN8APZMCQ2', 'A1F1BIPJR11LSR', 'self_report_17']"
18_DR-100_0081_5_sentence_6.wav,"[4, 5, 3, 3, 2, 3, 5, 2, 4]","[5, 4, 7, 6, 9, 5, 5, 5, 6]","['A2541C8MY0BYV3', 'A2TBXASXZIRNNW', 'A2CFE6AZS73RNS', 'A27PBC5O3Z5ZED', 'A273DS7TQWR9M1', 'ASTDBTVY3WP1K', 'ARVXIBUCA8WDZ', 'A1L98RD8AC1ST3', 'self_report_18']"
14_DR-100_0081_3_sentence_9.wav,"[3, 3, 1, 3, 7, 4, 6, 4, 4]","[6, 4, 6, 4, 3, 4, 3, 4, 6]","['A27PBC5O3Z5ZED', 'A394S7JSNUA3TS', 'A13NXSZ9D5NTHN', 'A20ALQT1HIVSAH', 'A2B8HPIZDKYKDR', 'A27SMEOPKV84VI', 'AA9V4NE8SOA4I', 'AHZPOM46IUJ2N', 'self_report_14']"
17_DR-100_0080_5_sentence_6.wav,"[3, 7, 3, 3, 4, 4, 2, 6, 7]","[4, 4, 5, 6, 3, 3, 5, 5, 8]","['A1Y0Y6U906ABT5', 'A2TBXASXZIRNNW', 'A10BH9PYCYUKDJ', 'A27PBC5O3Z5ZED', 'A27BYNQVXYIC7H', 'A2CFE6AZS73RNS', 'A20ALQT1HIVSAH', 'A27SMEOPKV84VI', 'self_report_17']"
13_DR-100_0080_3_sentence_10.wav,"[3, 2, 6, 3, 5, 4, 7, 4, 5]","[5, 6, 5, 5, 7, 4, 5, 5, 5]","['A2VRDE2FHCBMF8', 'A13NXSZ9D5NTHN', 'A1B4KC5KP7FH1Z', 'A2541C8MY0BYV3', 'A3G0T5Y7OSC76S', 'A1HXEXQTZCJ1DW', 'A27SMEOPKV84VI', 'A32IRN8APZMCQ2', 'self_report_13']"
15_DR-100_0078_7_sentence_12.wav,"[4, 1, 7, 4, 3, 3, 5, 5, 3]","[9, 5, 7, 6, 7, 6, 9, 7, 7]","['A2NJ7N8INZOB00', 'A13NXSZ9D5NTHN', 'A27SMEOPKV84VI', 'A27PBC5O3Z5ZED', 'A394S7JSNUA3TS', 'A3GLUDQZGEJL5G', 'A3G0T5Y7OSC76S', 'A1L98RD8AC1ST3', 'self_report_15']"
14_DR-100_0081_5_sentence_4.wav,"[2, 1, 4, 6, 8, 4, 5, 7, 5]","[5, 7, 5, 4, 3, 4, 6, 7, 5]","['A1Y0Y6U906ABT5', 'A13NXSZ9D5NTHN', 'A2VRDE2FHCBMF8', 'A18O3DEA5Z4MJD', 'A2TBXASXZIRNNW', 'A27PBC5O3Z5ZED', 'A10BH9PYCYUKDJ', 'AHZPOM46IUJ2N', 'self_report_14']"
17_DR-100_0080_7_sentence_8.wav,"[1, 6, 4, 4, 3, 4, 1, 4, 5]","[6, 5, 5, 5, 4, 5, 5, 5, 5]","['A394S7JSNUA3TS', 'ARVXIBUCA8WDZ', 'ACJ6NSCIWMUZI', 'A2VRDE2FHCBMF8', 'AHZPOM46IUJ2N', 'A10BH9PYCYUKDJ', 'A3GLUDQZGEJL5G', 'A1Y0Y6U906ABT5', 'self_report_17']"
15_DR-100_0078_3_sentence_13.wav,"[5, 4, 3, 3, 1, 3, 4, 3, 4]","[3, 5, 3, 3, 2, 5, 3, 3, 4]","['A1B4KC5KP7FH1Z', 'A2VRDE2FHCBMF8', 'A2B8HPIZDKYKDR', 'A20ALQT1HIVSAH', 'A273DS7TQWR9M1', 'A2CK0OXMPOR9LE', 'A27BYNQVXYIC7H', 'A2CFE6AZS73RNS', 'self_report_15']"
13_DR-100_0080_9_sentence_4.wav,"[5, 2, 3, 1, 3, 1, 5, 2, 4]","[5, 5, 5, 5, 5, 5, 6, 4, 5]","['ARVXIBUCA8WDZ', 'ACJ6NSCIWMUZI', 'A27PBC5O3Z5ZED', 'A394S7JSNUA3TS', 'A2CFE6AZS73RNS', 'A13NXSZ9D5NTHN', 'A1B4KC5KP7FH1Z', 'A1Y0Y6U906ABT5', 'self_report_13']"
16_DR-100_0079_1_sentence_1.wav,"[3, 2, 6, 4, 5, 1, 4, 5, 5]","[6, 6, 5, 7, 6, 5, 6, 5, 7]","['A394S7JSNUA3TS', 'A20ALQT1HIVSAH', 'ARVXIBUCA8WDZ', 'A3G0T5Y7OSC76S', 'AHZPOM46IUJ2N', 'A13NXSZ9D5NTHN', 'A2541C8MY0BYV3', 'A27SMEOPKV84VI', 'self_report_16']"
11_DR-100_0075_5_sentence_10.wav,"[3, 3, 3, 4, 3, 4, 5, 2, 7]","[5, 5, 4, 4, 3, 5, 4, 4, 3]","['A27PBC5O3Z5ZED', 'A2541C8MY0BYV3', 'A3G0T5Y7OSC76S', 'ARVXIBUCA8WDZ', 'A2T007HZK66WM', 'A2CK0OXMPOR9LE', 'A27SMEOPKV84VI', 'A3GLUDQZGEJL5G', 'self_report_11']"
13_DR-100_0080_5_sentence_4.wav,"[4, 6, 7, 5, 8, 3, 5, 5, 4]","[6, 7, 7, 6, 7, 5, 6, 7, 6]","['A2VRDE2FHCBMF8', 'ARVXIBUCA8WDZ', 'A2TBXASXZIRNNW', 'A2541C8MY0BYV3', 'A1VW8Y7XCV3DRW', 'A2CK0OXMPOR9LE', 'A27SMEOPKV84VI', 'A10BH9PYCYUKDJ', 'self_report_13']"
18_DR-100_0081_9_sentence_7.wav,"[3, 4, 6, 1, 3, 3, 5, 4, 3]","[6, 5, 5, 5, 3, 5, 6, 5, 6]","['A394S7JSNUA3TS', 'A2VRDE2FHCBMF8', 'A2TBXASXZIRNNW', 'A2T007HZK66WM', 'A1F1BIPJR11LSR', 'A2541C8MY0BYV3', 'A27SMEOPKV84VI', 'A1L98RD8AC1ST3', 'self_report_18']"
18_DR-100_0081_7_sentence_6.wav,"[2, 4, 3, 5, 5, 3, 2, 5, 4, 6]","[4, 3, 2, 6, 3, 6, 4, 5, 4, 4]","['A20ALQT1HIVSAH', 'A27BYNQVXYIC7H', 'A2NJ7N8INZOB00', 'A3G0T5Y7OSC76S', 'A2B8HPIZDKYKDR', 'A10BH9PYCYUKDJ', 'A13NXSZ9D5NTHN', 'A27SMEOPKV84VI', 'A1Y0Y6U906ABT5', 'self_report_18']"
14_DR-100_0081_9_sentence_13.wav,"[7, 1, 7, 4, 9, 4, 6, 5, 6]","[4, 6, 5, 5, 4, 6, 5, 7, 4]","['A2B8HPIZDKYKDR', 'A13NXSZ9D5NTHN', 'A18O3DEA5Z4MJD', 'A2VRDE2FHCBMF8', 'A2TBXASXZIRNNW', 'ACJ6NSCIWMUZI', 'ARVXIBUCA8WDZ', 'A1B4KC5KP7FH1Z', 'self_report_14']"
15_DR-100_0078_9_sentence_5.wav,"[6, 3, 4, 5, 4, 4, 2, 6, 4]","[4, 4, 4, 5, 6, 4, 4, 4, 7]","['A2TBXASXZIRNNW', 'A2VRDE2FHCBMF8', 'AHZPOM46IUJ2N', 'A10BH9PYCYUKDJ', 'A27PBC5O3Z5ZED', 'A1F1BIPJR11LSR', 'A394S7JSNUA3TS', 'ARVXIBUCA8WDZ', 'self_report_15']"
14_DR-100_0081_7_sentence_8.wav,"[4, 5, 3, 1, 7, 5, 5, 5, 2, 4]","[6, 8, 6, 8, 7, 5, 6, 7, 6, 6]","['A2VRDE2FHCBMF8', 'A1B4KC5KP7FH1Z', 'A27PBC5O3Z5ZED', 'A273DS7TQWR9M1', 'A1L98RD8AC1ST3', 'A2541C8MY0BYV3', 'A27SMEOPKV84VI', 'A1Y0Y6U906ABT5', 'A2EOOF9D135HQ1', 'self_report_14']"
11_DR-100_0075_5_sentence_1.wav,"[3, 4, 5, 2, 4, 1, 3, 5, 7]","[5, 4, 4, 5, 5, 5, 6, 6, 3]","['A1HXEXQTZCJ1DW', 'A2B8HPIZDKYKDR', 'ARVXIBUCA8WDZ', 'A1Y0Y6U906ABT5', 'A1L98RD8AC1ST3', 'A13NXSZ9D5NTHN', 'A20ALQT1HIVSAH', 'A1B4KC5KP7FH1Z', 'self_report_11']"
11_DR-100_0075_1_sentence_3.wav,"[2, 2, 1, 1, 1, 5, 3, 3, 6]","[6, 5, 5, 5, 5, 3, 6, 5, 7]","['A18O3DEA5Z4MJD', 'A2541C8MY0BYV3', 'A2CFE6AZS73RNS', 'A273DS7TQWR9M1', 'A394S7JSNUA3TS', 'A1F1BIPJR11LSR', 'A27PBC5O3Z5ZED', 'A1Y0Y6U906ABT5', 'self_report_11']"
12_DR-100_0076_3_sentence_3.wav,"[3, 4, 3, 4, 6, 4, 4, 6, 8, 6]","[7, 5, 7, 8, 6, 6, 6, 8, 8, 7]","['A394S7JSNUA3TS', 'A2541C8MY0BYV3', 'A2CFE6AZS73RNS', 'A3G0T5Y7OSC76S', 'A1L98RD8AC1ST3', 'A2VRDE2FHCBMF8', 'ACJ6NSCIWMUZI', 'AHZPOM46IUJ2N', 'A1VW8Y7XCV3DRW', 'self_report_12']"
17_DR-100_0080_3_sentence_4.wav,"[2, 2, 2, 2, 4, 6, 5, 5, 8]","[6, 5, 6, 5, 8, 4, 7, 6, 6]","['A20ALQT1HIVSAH', 'A1Y0Y6U906ABT5', 'A2CFE6AZS73RNS', 'A10BH9PYCYUKDJ', 'A3G0T5Y7OSC76S', 'A2TBXASXZIRNNW', 'A27BYNQVXYIC7H', 'A1F1BIPJR11LSR', 'self_report_17']"
12_DR-100_0076_1_sentence_5.wav,"[2, 2, 2, 2, 2, 6, 1, 5, 4]","[4, 5, 4, 5, 4, 4, 3, 4, 4]","['A3GLUDQZGEJL5G', 'A2VRDE2FHCBMF8', 'A2CFE6AZS73RNS', 'A10BH9PYCYUKDJ', 'A394S7JSNUA3TS', 'A2TBXASXZIRNNW', 'A273DS7TQWR9M1', 'A1B4KC5KP7FH1Z', 'self_report_12']"
12_DR-100_0076_7_sentence_6.wav,"[5, 7, 7, 4, 6, 7, 4, 8, 7]","[3, 1, 8, 4, 2, 2, 6, 3, 6]","['A2541C8MY0BYV3', 'A2TBXASXZIRNNW', 'A2VRDE2FHCBMF8', 'A1Y0Y6U906ABT5', 'A1F1BIPJR11LSR', 'A27SMEOPKV84VI', 'A13NXSZ9D5NTHN', 'A273DS7TQWR9M1', 'self_report_12']"
12_DR-100_0076_9_sentence_11.wav,"[2, 3, 5, 7, 3, 4, 6, 4, 6]","[5, 5, 5, 4, 5, 4, 6, 6, 8]","['A2NJ7N8INZOB00', 'A2VRDE2FHCBMF8', 'A1B4KC5KP7FH1Z', 'A2TBXASXZIRNNW', 'A2T007HZK66WM', 'A27BYNQVXYIC7H', 'ARVXIBUCA8WDZ', 'A13NXSZ9D5NTHN', 'self_report_12']"
13_DR-100_0080_7_sentence_2.wav,"[5, 1, 4, 4, 3, 2, 4, 5, 3]","[4, 5, 7, 5, 6, 6, 6, 4, 6]","['ARVXIBUCA8WDZ', 'A3GLUDQZGEJL5G', 'AHZPOM46IUJ2N', 'A2541C8MY0BYV3', 'A27PBC5O3Z5ZED', 'A13NXSZ9D5NTHN', 'A27BYNQVXYIC7H', 'AA9V4NE8SOA4I', 'self_report_13']"
14_DR-100_0081_3_sentence_4.wav,"[6, 4, 7, 6, 3, 3, 5, 5, 4]","[6, 5, 5, 6, 6, 5, 6, 7, 6]","['A1B4KC5KP7FH1Z', 'A2VRDE2FHCBMF8', 'A2541C8MY0BYV3', 'ARVXIBUCA8WDZ', 'A394S7JSNUA3TS', 'A2CFE6AZS73RNS', 'A24D98LB6OALQY', 'AA9V4NE8SOA4I', 'self_report_14']"
17_DR-100_0080_9_sentence_7.wav,"[2, 2, 6, 3, 4, 1, 3, 6, 4]","[5, 6, 6, 6, 7, 5, 5, 4, 5]","['A1HXEXQTZCJ1DW', 'A394S7JSNUA3TS', 'ARVXIBUCA8WDZ', 'A3GLUDQZGEJL5G', 'A1F1BIPJR11LSR', 'A13NXSZ9D5NTHN', 'A1L98RD8AC1ST3', 'A2TBXASXZIRNNW', 'self_report_17']"
17_DR-100_0080_1_sentence_11.wav,"[4, 6, 4, 7, 7, 4, 4, 6, 5]","[4, 6, 6, 5, 6, 5, 5, 7, 6]","['A3GLUDQZGEJL5G', 'ARVXIBUCA8WDZ', 'A27PBC5O3Z5ZED', 'A2TBXASXZIRNNW', 'AHZPOM46IUJ2N', 'A2VRDE2FHCBMF8', 'ACJ6NSCIWMUZI', 'A1F1BIPJR11LSR', 'self_report_17']"
15_DR-100_0078_7_sentence_2.wav,"[4, 2, 7, 4, 4, 4, 6, 3, 3]","[8, 8, 8, 6, 8, 5, 6, 6, 7]","['A394S7JSNUA3TS', 'A24D98LB6OALQY', 'A2B8HPIZDKYKDR', 'A27PBC5O3Z5ZED', 'A2NJ7N8INZOB00', 'A2CK0OXMPOR9LE', 'AA9V4NE8SOA4I', 'A13NXSZ9D5NTHN', 'self_report_15']"
17_DR-100_0080_7_sentence_14.wav,"[3, 2, 1, 4, 2, 2, 2, 3, 5]","[4, 4, 5, 5, 4, 3, 5, 5, 5]","['A2VRDE2FHCBMF8', 'A394S7JSNUA3TS', 'A24D98LB6OALQY', 'A1L98RD8AC1ST3', 'ANV8C2DATCAPB', 'A2T007HZK66WM', 'A2CK0OXMPOR9LE', 'A10BH9PYCYUKDJ', 'self_report_17']"
17_DR-100_0080_5_sentence_10.wav,"[3, 4, 4, 6, 5, 3, 4, 1, 7]","[5, 5, 3, 4, 7, 4, 5, 4, 8]","['A27PBC5O3Z5ZED', 'A2VRDE2FHCBMF8', 'A2B8HPIZDKYKDR', 'A2541C8MY0BYV3', 'A1F1BIPJR11LSR', 'A10BH9PYCYUKDJ', 'A2CK0OXMPOR9LE', 'A273DS7TQWR9M1', 'self_report_17']"
11_DR-100_0075_9_sentence_6.wav,"[2, 5, 3, 6, 5, 5, 5, 6, 6]","[4, 4, 5, 3, 3, 2, 2, 3, 5]","['A20ALQT1HIVSAH', 'ARVXIBUCA8WDZ', 'A27PBC5O3Z5ZED', 'A1F1BIPJR11LSR', 'A1Y0Y6U906ABT5', 'A27BYNQVXYIC7H', 'A32IRN8APZMCQ2', 'AA9V4NE8SOA4I', 'self_report_11']"
16_DR-100_0079_5_sentence_6.wav,"[2, 4, 3, 1, 1, 3, 3, 4, 5, 3]","[5, 5, 3, 6, 6, 5, 5, 4, 5, 5]","['A2541C8MY0BYV3', 'ACJ6NSCIWMUZI', 'AHZPOM46IUJ2N', 'A2T007HZK66WM', 'A13NXSZ9D5NTHN', 'A2VRDE2FHCBMF8', 'A1Y0Y6U906ABT5', 'A27SMEOPKV84VI', 'A1B4KC5KP7FH1Z', 'self_report_16']"
14_DR-100_0081_5_sentence_9.wav,"[4, 4, 4, 6, 6, 4, 3, 7, 5]","[5, 6, 7, 6, 5, 5, 6, 6, 5]","['A2541C8MY0BYV3', 'A2VRDE2FHCBMF8', 'A10BH9PYCYUKDJ', 'ARVXIBUCA8WDZ', 'A2TBXASXZIRNNW', 'A1Y0Y6U906ABT5', 'A3GLUDQZGEJL5G', 'A1VW8Y7XCV3DRW', 'self_report_14']"
18_DR-100_0081_3_sentence_7.wav,"[1, 2, 2, 2, 7, 3, 2, 3, 7]","[7, 6, 6, 5, 5, 4, 6, 7, 6]","['A1ZD9SJXQ9C6EW', 'A394S7JSNUA3TS', 'A27PBC5O3Z5ZED', 'A3GLUDQZGEJL5G', 'A2TBXASXZIRNNW', 'A1F1BIPJR11LSR', 'A13NXSZ9D5NTHN', 'A20ALQT1HIVSAH', 'self_report_18']"
13_DR-100_0080_5_sentence_10.wav,"[4, 6, 1, 1, 3, 5, 4, 6, 4]","[3, 6, 2, 4, 6, 6, 8, 3, 6]","['A27BYNQVXYIC7H', 'ARVXIBUCA8WDZ', 'A1VW8Y7XCV3DRW', 'A2CFE6AZS73RNS', 'A27PBC5O3Z5ZED', 'AA9V4NE8SOA4I', 'A2871R3LEPWMMK', 'A2B8HPIZDKYKDR', 'self_report_13']"
17_DR-100_0080_5_sentence_3.wav,"[3, 1, 2, 3, 1, 4, 2, 5, 7]","[6, 5, 4, 2, 4, 5, 5, 5, 8]","['A3GLUDQZGEJL5G', 'A24D98LB6OALQY', 'A1ZD9SJXQ9C6EW', 'A1L98RD8AC1ST3', 'A13NXSZ9D5NTHN', 'A3G0T5Y7OSC76S', 'A20ALQT1HIVSAH', 'A27SMEOPKV84VI', 'self_report_17']"
13_DR-100_0080_9_sentence_7.wav,"[4, 4, 6, 2, 6, 4, 2, 3, 4]","[6, 4, 5, 4, 5, 4, 5, 5, 5]","['A2B8HPIZDKYKDR', 'A2CFE6AZS73RNS', 'A2TBXASXZIRNNW', 'A13NXSZ9D5NTHN', 'A27SMEOPKV84VI', 'ARVXIBUCA8WDZ', 'A394S7JSNUA3TS', 'A2CK0OXMPOR9LE', 'self_report_13']"
14_DR-100_0081_5_sentence_3.wav,"[4, 2, 7, 4, 4, 4, 4, 2, 5]","[7, 6, 3, 4, 6, 5, 6, 5, 5]","['A10BH9PYCYUKDJ', 'A394S7JSNUA3TS', 'A2TBXASXZIRNNW', 'ANV8C2DATCAPB', 'A27PBC5O3Z5ZED', 'A2VRDE2FHCBMF8', 'A24D98LB6OALQY', 'A3GLUDQZGEJL5G', 'self_report_14']"
14_DR-100_0081_5_sentence_7.wav,"[6, 3, 4, 3, 4, 2, 6, 7, 5]","[4, 6, 5, 6, 5, 4, 4, 4, 5]","['AHZPOM46IUJ2N', 'A24D98LB6OALQY', 'ACJ6NSCIWMUZI', 'A13NXSZ9D5NTHN', 'A2VRDE2FHCBMF8', 'ANV8C2DATCAPB', 'A27SMEOPKV84VI', 'A2TBXASXZIRNNW', 'self_report_14']"
18_DR-100_0081_1_sentence_3.wav,"[2, 4, 2, 3, 1, 2, 4, 3, 5]","[5, 4, 4, 6, 5, 4, 6, 3, 4]","['A2B8HPIZDKYKDR', 'A3G0T5Y7OSC76S', 'ASTDBTVY3WP1K', 'AHZPOM46IUJ2N', 'A2CFE6AZS73RNS', 'A1Y0Y6U906ABT5', 'A1B4KC5KP7FH1Z', 'A1F1BIPJR11LSR', 'self_report_18']"
17_DR-100_0080_3_sentence_11.wav,"[5, 5, 7, 2, 4, 3, 4, 2, 8]","[7, 7, 6, 5, 4, 6, 5, 7, 6]","['A18O3DEA5Z4MJD', 'A3G0T5Y7OSC76S', 'A2TBXASXZIRNNW', 'ANV8C2DATCAPB', 'A2541C8MY0BYV3', 'A13NXSZ9D5NTHN', 'A2CK0OXMPOR9LE', 'A24D98LB6OALQY', 'self_report_17']"
11_DR-100_0075_1_sentence_7.wav,"[5, 3, 4, 1, 6, 3, 3, 4, 6]","[8, 3, 6, 5, 3, 5, 7, 4, 7]","['A1VW8Y7XCV3DRW', 'A394S7JSNUA3TS', 'A27BYNQVXYIC7H', 'A3GLUDQZGEJL5G', 'A2TBXASXZIRNNW', 'A27PBC5O3Z5ZED', 'A2NJ7N8INZOB00', 'A1Y0Y6U906ABT5', 'self_report_11']"
14_DR-100_0081_1_sentence_6.wav,"[5, 1, 2, 4, 3, 1, 6, 4, 6]","[4, 4, 3, 6, 5, 5, 5, 5, 5]","['A2TBXASXZIRNNW', 'A394S7JSNUA3TS', 'A2NJ7N8INZOB00', 'AHZPOM46IUJ2N', 'ACJ6NSCIWMUZI', 'A273DS7TQWR9M1', 'A27SMEOPKV84VI', 'A2541C8MY0BYV3', 'self_report_14']"
11_DR-100_0075_9_sentence_8.wav,"[2, 4, 1, 3, 4, 1, 4, 3, 5, 6]","[5, 6, 6, 6, 5, 5, 5, 6, 6, 5]","['A1Y0Y6U906ABT5', 'A3G0T5Y7OSC76S', 'A394S7JSNUA3TS', 'A2T007HZK66WM', 'A2541C8MY0BYV3', 'A3GLUDQZGEJL5G', 'A10BH9PYCYUKDJ', 'A32IRN8APZMCQ2', 'A1B4KC5KP7FH1Z', 'self_report_11']"
11_DR-100_0075_5_sentence_5.wav,"[3, 3, 3, 4, 2, 3, 5, 1, 7]","[4, 5, 3, 5, 6, 6, 4, 5, 3]","['A2CFE6AZS73RNS', 'A2VRDE2FHCBMF8', 'ANV8C2DATCAPB', 'A2541C8MY0BYV3', 'A3GLUDQZGEJL5G', 'A27PBC5O3Z5ZED', 'A18O3DEA5Z4MJD', 'A13NXSZ9D5NTHN', 'self_report_11']"
12_DR-100_0076_1_sentence_3.wav,"[7, 3, 2, 4, 7, 4, 2, 4, 4]","[6, 4, 4, 4, 4, 4, 4, 3, 4]","['ARVXIBUCA8WDZ', 'A27PBC5O3Z5ZED', 'A24D98LB6OALQY', 'A1L98RD8AC1ST3', 'A2TBXASXZIRNNW', 'A2871R3LEPWMMK', 'A2T007HZK66WM', 'A10BH9PYCYUKDJ', 'self_report_12']"
14_DR-100_0081_9_sentence_1.wav,"[5, 4, 4, 2, 1, 5, 1, 4, 6]","[6, 6, 5, 5, 5, 5, 5, 5, 4]","['A1B4KC5KP7FH1Z', 'ACJ6NSCIWMUZI', 'A2541C8MY0BYV3', 'A24D98LB6OALQY', 'A394S7JSNUA3TS', 'A27BYNQVXYIC7H', 'A20ALQT1HIVSAH', 'A2CK0OXMPOR9LE', 'self_report_14']"
14_DR-100_0081_7_sentence_3.wav,"[4, 4, 9, 5, 3, 3, 5, 5, 5, 4]","[5, 6, 2, 7, 6, 6, 6, 7, 6, 6]","['A2VRDE2FHCBMF8', 'A27PBC5O3Z5ZED', 'A2TBXASXZIRNNW', 'A27BYNQVXYIC7H', 'ACJ6NSCIWMUZI', 'A3GLUDQZGEJL5G', 'A2541C8MY0BYV3', 'A1B4KC5KP7FH1Z', 'A1Y0Y6U906ABT5', 'self_report_14']"
11_DR-100_0075_7_sentence_6.wav,"[5, 3, 4, 4, 6, 2, 4, 5, 6]","[6, 6, 7, 6, 6, 6, 6, 7, 6]","['A1Y0Y6U906ABT5', 'A3GLUDQZGEJL5G', 'A1HXEXQTZCJ1DW', 'ASTDBTVY3WP1K', 'A27BYNQVXYIC7H', 'A394S7JSNUA3TS', 'A2VRDE2FHCBMF8', 'A2871R3LEPWMMK', 'self_report_11']"
16_DR-100_0079_1_sentence_8.wav,"[7, 5, 7, 4, 5, 2, 2, 5, 5]","[3, 4, 5, 4, 4, 5, 4, 4, 7]","['A2TBXASXZIRNNW', 'AW4AHMQ7EN4QI', 'ARVXIBUCA8WDZ', 'A394S7JSNUA3TS', 'A1B4KC5KP7FH1Z', 'A10BH9PYCYUKDJ', 'ANV8C2DATCAPB', 'AHZPOM46IUJ2N', 'self_report_16']"
16_DR-100_0079_9_sentence_5.wav,"[4, 6, 6, 6, 3, 3, 4, 4, 6]","[7, 7, 8, 7, 7, 5, 6, 8, 8]","['A2CFE6AZS73RNS', 'ARVXIBUCA8WDZ', 'A3G0T5Y7OSC76S', 'AHZPOM46IUJ2N', 'A2T007HZK66WM', 'A1L98RD8AC1ST3', 'A27PBC5O3Z5ZED', 'A1VW8Y7XCV3DRW', 'self_report_16']"
12_DR-100_0076_1_sentence_6.wav,"[1, 6, 3, 2, 2, 4, 5, 4, 4]","[5, 3, 5, 6, 5, 2, 4, 2, 4]","['A2CFE6AZS73RNS', 'A2TBXASXZIRNNW', 'A1L98RD8AC1ST3', 'A273DS7TQWR9M1', 'A20ALQT1HIVSAH', 'AA9V4NE8SOA4I', 'A10BH9PYCYUKDJ', 'A32IRN8APZMCQ2', 'self_report_12']"
11_DR-100_0075_5_sentence_6.wav,"[4, 5, 5, 7, 3, 3, 6, 4, 2, 7]","[3, 3, 3, 3, 3, 4, 3, 1, 4, 3]","['A27BYNQVXYIC7H', 'A1Y0Y6U906ABT5', 'ARVXIBUCA8WDZ', 'A2TBXASXZIRNNW', 'A394S7JSNUA3TS', 'A27PBC5O3Z5ZED', 'AHZPOM46IUJ2N', 'A273DS7TQWR9M1', 'A1ZD9SJXQ9C6EW', 'self_report_11']"
13_DR-100_0080_3_sentence_1.wav,"[3, 3, 6, 4, 4, 2, 4, 2, 5]","[6, 1, 4, 3, 4, 3, 4, 1, 5]","['A27PBC5O3Z5ZED', 'A2NJ7N8INZOB00', 'A2TBXASXZIRNNW', 'A2VRDE2FHCBMF8', 'A2541C8MY0BYV3', 'A2T007HZK66WM', 'A1F1BIPJR11LSR', 'A273DS7TQWR9M1', 'self_report_13']"
15_DR-100_0078_5_sentence_9.wav,"[2, 4, 5, 5, 3, 4, 2, 4, 2]","[6, 6, 4, 4, 5, 3, 4, 6, 3]","['A13NXSZ9D5NTHN', 'A27PBC5O3Z5ZED', 'A1VW8Y7XCV3DRW', 'A1L98RD8AC1ST3', 'A3GLUDQZGEJL5G', 'A2CFE6AZS73RNS', 'A2T007HZK66WM', 'A1F1BIPJR11LSR', 'self_report_15']"
14_DR-100_0081_7_sentence_9.wav,"[5, 5, 6, 7, 4, 6, 7, 2, 5, 4]","[7, 7, 5, 3, 6, 7, 5, 6, 1, 6]","['A2NJ7N8INZOB00', 'A27BYNQVXYIC7H', 'ARVXIBUCA8WDZ', 'A2TBXASXZIRNNW', 'A27PBC5O3Z5ZED', 'A1F1BIPJR11LSR', 'A27SMEOPKV84VI', 'A20ALQT1HIVSAH', 'A32IRN8APZMCQ2', 'self_report_14']"
11_DR-100_0075_9_sentence_1.wav,"[3, 4, 3, 4, 1, 2, 4, 5, 1, 6]","[5, 7, 5, 5, 5, 5, 5, 7, 5, 5]","['A20ALQT1HIVSAH', 'A3G0T5Y7OSC76S', 'A27PBC5O3Z5ZED', 'A2VRDE2FHCBMF8', 'A273DS7TQWR9M1', 'A13NXSZ9D5NTHN', 'A2541C8MY0BYV3', 'A10BH9PYCYUKDJ', 'A2EOOF9D135HQ1', 'self_report_11']"
18_DR-100_0081_9_sentence_1.wav,"[3, 6, 4, 3, 2, 3, 4, 3, 3]","[5, 7, 5, 6, 6, 5, 9, 7, 6]","['A2CFE6AZS73RNS', 'A27BYNQVXYIC7H', 'A2VRDE2FHCBMF8', 'A394S7JSNUA3TS', 'A27PBC5O3Z5ZED', 'A2CK0OXMPOR9LE', 'A273DS7TQWR9M1', 'A13NXSZ9D5NTHN', 'self_report_18']"
17_DR-100_0080_9_sentence_1.wav,"[1, 2, 5, 3, 4, 5, 3, 1, 4]","[5, 5, 6, 5, 5, 5, 5, 5, 5]","['A2NJ7N8INZOB00', 'A2CFE6AZS73RNS', 'A1B4KC5KP7FH1Z', 'A27PBC5O3Z5ZED', 'ACJ6NSCIWMUZI', 'A2871R3LEPWMMK', 'A1F1BIPJR11LSR', 'A273DS7TQWR9M1', 'self_report_17']"
16_DR-100_0079_5_sentence_8.wav,"[2, 2, 3, 5, 4, 4, 3, 6, 3]","[5, 6, 5, 7, 5, 6, 5, 7, 5]","['A2VRDE2FHCBMF8', 'A13NXSZ9D5NTHN', 'A1Y0Y6U906ABT5', 'A3G0T5Y7OSC76S', 'A1L98RD8AC1ST3', 'AHZPOM46IUJ2N', 'A10BH9PYCYUKDJ', 'A1F1BIPJR11LSR', 'self_report_16']"
18_DR-100_0081_9_sentence_8.wav,"[2, 1, 3, 3, 1, 2, 2, 3, 3]","[5, 5, 5, 5, 5, 5, 2, 6, 6]","['A27PBC5O3Z5ZED', 'A20ALQT1HIVSAH', 'A2VRDE2FHCBMF8', 'A394S7JSNUA3TS', 'A3GLUDQZGEJL5G', 'A1L98RD8AC1ST3', 'AHZPOM46IUJ2N', 'AA9V4NE8SOA4I', 'self_report_18']"
14_DR-100_0081_1_sentence_5.wav,"[6, 5, 2, 3, 5, 4, 5, 7, 6]","[7, 5, 7, 6, 6, 5, 5, 3, 5]","['ARVXIBUCA8WDZ', 'A3G0T5Y7OSC76S', 'A13NXSZ9D5NTHN', 'A27PBC5O3Z5ZED', 'A1L98RD8AC1ST3', 'A24D98LB6OALQY', 'A1HXEXQTZCJ1DW', 'AHZPOM46IUJ2N', 'self_report_14']"
13_DR-100_0080_9_sentence_5.wav,"[4, 4, 2, 5, 5, 3, 5, 2, 5, 4]","[6, 6, 7, 5, 5, 7, 6, 6, 8, 5]","['A2541C8MY0BYV3', 'A2VRDE2FHCBMF8', 'A394S7JSNUA3TS', 'A2CK0OXMPOR9LE', 'A2TBXASXZIRNNW', 'A2T007HZK66WM', 'A1F1BIPJR11LSR', 'A24D98LB6OALQY', 'A1B4KC5KP7FH1Z', 'self_report_13']"
17_DR-100_0080_3_sentence_2.wav,"[6, 5, 5, 2, 3, 4, 5, 4, 8]","[7, 6, 8, 8, 6, 7, 3, 8, 6]","['A2TBXASXZIRNNW', 'A2541C8MY0BYV3', 'A27BYNQVXYIC7H', 'A20ALQT1HIVSAH', 'A27PBC5O3Z5ZED', 'A2NJ7N8INZOB00', 'AA9V4NE8SOA4I', 'AHZPOM46IUJ2N', 'self_report_17']"
13_DR-100_0080_3_sentence_13.wav,"[4, 3, 3, 3, 2, 3, 4, 1, 5]","[6, 8, 6, 6, 6, 5, 5, 6, 5]","['AHZPOM46IUJ2N', 'A1HXEXQTZCJ1DW', 'A2T007HZK66WM', 'A27PBC5O3Z5ZED', 'A13NXSZ9D5NTHN', 'A10BH9PYCYUKDJ', 'A1Y0Y6U906ABT5', 'A273DS7TQWR9M1', 'self_report_13']"
17_DR-100_0080_3_sentence_3.wav,"[4, 3, 2, 2, 4, 6, 5, 7, 8]","[6, 6, 6, 6, 6, 5, 6, 4, 6]","['A27PBC5O3Z5ZED', 'A3JZS32RQUWGJM', 'A3GLUDQZGEJL5G', 'A2T007HZK66WM', 'ACJ6NSCIWMUZI', 'ARVXIBUCA8WDZ', 'A2B8HPIZDKYKDR', 'A2TBXASXZIRNNW', 'self_report_17']"
17_DR-100_0080_5_sentence_5.wav,"[3, 3, 4, 6, 4, 4, 4, 4, 7]","[4, 8, 5, 7, 7, 7, 9, 6, 8]","['A2VRDE2FHCBMF8', 'A18O3DEA5Z4MJD', 'A1L98RD8AC1ST3', 'ARVXIBUCA8WDZ', 'A27BYNQVXYIC7H', 'A2B8HPIZDKYKDR', 'A2871R3LEPWMMK', 'A1F1BIPJR11LSR', 'self_report_17']"
17_DR-100_0080_7_sentence_7.wav,"[3, 2, 7, 3, 7, 7, 3, 6, 5]","[4, 6, 5, 5, 4, 6, 5, 7, 5]","['A1HXEXQTZCJ1DW', 'A3GLUDQZGEJL5G', 'A2TBXASXZIRNNW', 'A2CFE6AZS73RNS', 'A2B8HPIZDKYKDR', 'ARVXIBUCA8WDZ', 'A1L98RD8AC1ST3', 'AA9V4NE8SOA4I', 'self_report_17']"
14_DR-100_0081_5_sentence_2.wav,"[4, 5, 4, 7, 2, 1, 4, 4, 5]","[6, 3, 5, 3, 5, 5, 5, 5, 5]","['A2541C8MY0BYV3', 'A2B8HPIZDKYKDR', 'A1HXEXQTZCJ1DW', 'A2TBXASXZIRNNW', 'A20ALQT1HIVSAH', 'A273DS7TQWR9M1', 'A2T007HZK66WM', 'A2VRDE2FHCBMF8', 'self_report_14']"
13_DR-100_0080_7_sentence_6.wav,"[3, 3, 6, 7, 6, 5, 3, 1, 3]","[8, 6, 8, 7, 8, 8, 7, 6, 6]","['A2CFE6AZS73RNS', 'A20ALQT1HIVSAH', 'AHZPOM46IUJ2N', 'A1L98RD8AC1ST3', 'A3G0T5Y7OSC76S', 'A1B4KC5KP7FH1Z', 'ASTDBTVY3WP1K', 'A13NXSZ9D5NTHN', 'self_report_13']"
12_DR-100_0076_7_sentence_3.wav,"[5, 7, 3, 2, 4, 3, 5, 3, 7]","[7, 6, 5, 5, 6, 6, 7, 7, 6]","['A2B8HPIZDKYKDR', 'ARVXIBUCA8WDZ', 'A2CFE6AZS73RNS', 'A3GLUDQZGEJL5G', 'A2VRDE2FHCBMF8', 'A13NXSZ9D5NTHN', 'A2871R3LEPWMMK', 'A20ALQT1HIVSAH', 'self_report_12']"
16_DR-100_0079_9_sentence_3.wav,"[6, 4, 5, 4, 4, 5, 2, 4, 5, 6]","[5, 8, 6, 8, 7, 7, 6, 6, 6, 8]","['A2TBXASXZIRNNW', 'A27BYNQVXYIC7H', 'A2541C8MY0BYV3', 'A2NJ7N8INZOB00', 'A3G0T5Y7OSC76S', 'A2871R3LEPWMMK', 'ANV8C2DATCAPB', 'A1Y0Y6U906ABT5', 'A1B4KC5KP7FH1Z', 'self_report_16']"
13_DR-100_0080_1_sentence_1.wav,"[6, 3, 2, 6, 4, 5, 4, 2, 4]","[6, 5, 5, 6, 7, 7, 6, 5, 6]","['ARVXIBUCA8WDZ', 'A2541C8MY0BYV3', 'A3GLUDQZGEJL5G', 'A2TBXASXZIRNNW', 'AHZPOM46IUJ2N', 'A1Y0Y6U906ABT5', 'ACJ6NSCIWMUZI', 'A20ALQT1HIVSAH', 'self_report_13']"
15_DR-100_0078_5_sentence_6.wav,"[2, 5, 2, 1, 7, 1, 2, 5, 2]","[5, 6, 5, 5, 4, 5, 5, 4, 3]","['A2CFE6AZS73RNS', 'A2B8HPIZDKYKDR', 'A20ALQT1HIVSAH', 'A394S7JSNUA3TS', 'A2TBXASXZIRNNW', 'A13NXSZ9D5NTHN', 'ASTDBTVY3WP1K', 'AA9V4NE8SOA4I', 'self_report_15']"
12_DR-100_0076_5_sentence_7.wav,"[3, 3, 2, 3, 2, 2, 4, 4, 7]","[6, 6, 5, 5, 6, 5, 6, 6, 6]","['A27PBC5O3Z5ZED', 'A1HXEXQTZCJ1DW', 'A2NJ7N8INZOB00', 'A20ALQT1HIVSAH', 'A24D98LB6OALQY', 'A3GLUDQZGEJL5G', 'A2871R3LEPWMMK', 'A1Y0Y6U906ABT5', 'self_report_12']"
13_DR-100_0080_7_sentence_5.wav,"[5, 3, 4, 4, 3, 3, 2, 2, 3]","[4, 6, 6, 8, 5, 6, 4, 4, 6]","['A2TBXASXZIRNNW', 'A27PBC5O3Z5ZED', 'A27BYNQVXYIC7H', 'A2NJ7N8INZOB00', 'ACJ6NSCIWMUZI', 'A27SMEOPKV84VI', 'A2T007HZK66WM', 'A1F1BIPJR11LSR', 'self_report_13']"
12_DR-100_0076_9_sentence_2.wav,"[2, 4, 3, 3, 4, 1, 5, 6, 6]","[3, 4, 4, 1, 3, 2, 5, 4, 8]","['A1HXEXQTZCJ1DW', 'A2VRDE2FHCBMF8', 'A3GLUDQZGEJL5G', 'A2NJ7N8INZOB00', 'A10BH9PYCYUKDJ', 'A273DS7TQWR9M1', 'A2541C8MY0BYV3', 'A2TBXASXZIRNNW', 'self_report_12']"
16_DR-100_0079_1_sentence_9.wav,"[2, 2, 5, 6, 4, 4, 4, 5, 5]","[5, 6, 7, 6, 4, 5, 4, 8, 7]","['A3GLUDQZGEJL5G', 'A20ALQT1HIVSAH', 'A3G0T5Y7OSC76S', 'ARVXIBUCA8WDZ', 'A27BYNQVXYIC7H', 'A2541C8MY0BYV3', 'A1F1BIPJR11LSR', 'A2NJ7N8INZOB00', 'self_report_16']"
15_DR-100_0078_3_sentence_12.wav,"[1, 4, 5, 2, 6, 3, 4, 4, 4]","[4, 4, 4, 4, 3, 5, 4, 5, 4]","['A394S7JSNUA3TS', 'A1Y0Y6U906ABT5', 'A2541C8MY0BYV3', 'A20ALQT1HIVSAH', 'A2B8HPIZDKYKDR', 'A2CK0OXMPOR9LE', 'A2VRDE2FHCBMF8', 'ASTDBTVY3WP1K', 'self_report_15']"
11_DR-100_0075_3_sentence_1.wav,"[1, 4, 4, 5, 7, 4, 4, 6, 7]","[4, 4, 4, 3, 3, 5, 5, 4, 5]","['A24D98LB6OALQY', 'A2541C8MY0BYV3', 'ARVXIBUCA8WDZ', 'A1F1BIPJR11LSR', 'A2TBXASXZIRNNW', 'A2VRDE2FHCBMF8', 'A3GLUDQZGEJL5G', 'A27SMEOPKV84VI', 'self_report_11']"
14_DR-100_0081_3_sentence_5.wav,"[2, 3, 4, 1, 4, 4, 5, 2, 4]","[2, 2, 4, 6, 3, 4, 3, 4, 6]","['A1L98RD8AC1ST3', 'A2NJ7N8INZOB00', 'A24D98LB6OALQY', 'A13NXSZ9D5NTHN', 'A2CFE6AZS73RNS', 'A2871R3LEPWMMK', 'A1B4KC5KP7FH1Z', 'A20ALQT1HIVSAH', 'self_report_14']"
14_DR-100_0081_9_sentence_6.wav,"[3, 6, 5, 7, 4, 3, 3, 7, 6]","[5, 5, 6, 6, 5, 5, 5, 7, 4]","['A394S7JSNUA3TS', 'ARVXIBUCA8WDZ', 'A1B4KC5KP7FH1Z', 'A2B8HPIZDKYKDR', 'A2CFE6AZS73RNS', 'A2CK0OXMPOR9LE', 'A2541C8MY0BYV3', 'AHZPOM46IUJ2N', 'self_report_14']"
14_DR-100_0081_1_sentence_7.wav,"[2, 4, 5, 6, 5, 3, 5, 1, 6]","[5, 5, 5, 5, 4, 5, 5, 3, 5]","['A20ALQT1HIVSAH', 'A3G0T5Y7OSC76S', 'A2541C8MY0BYV3', 'A27BYNQVXYIC7H', 'AHZPOM46IUJ2N', 'A24D98LB6OALQY', 'A27SMEOPKV84VI', 'A273DS7TQWR9M1', 'self_report_14']"
12_DR-100_0076_9_sentence_9.wav,"[2, 6, 3, 6, 3, 6, 3, 4, 6]","[7, 6, 5, 7, 6, 7, 7, 6, 8]","['A1HXEXQTZCJ1DW', 'ARVXIBUCA8WDZ', 'A2VRDE2FHCBMF8', 'A3G0T5Y7OSC76S', 'A2T007HZK66WM', 'AHZPOM46IUJ2N', 'A2NJ7N8INZOB00', 'A27PBC5O3Z5ZED', 'self_report_12']"
14_DR-100_0081_1_sentence_10.wav,"[4, 6, 5, 4, 3, 5, 4, 7, 3, 6]","[6, 7, 6, 5, 6, 6, 6, 8, 6, 5]","['A2VRDE2FHCBMF8', 'A2B8HPIZDKYKDR', 'A27BYNQVXYIC7H', 'A2541C8MY0BYV3', 'A27PBC5O3Z5ZED', 'A27SMEOPKV84VI', 'A1VW8Y7XCV3DRW', 'AHZPOM46IUJ2N', 'A1Y0Y6U906ABT5', 'self_report_14']"
17_DR-100_0080_5_sentence_11.wav,"[2, 3, 2, 5, 3, 2, 5, 5, 7]","[8, 6, 5, 4, 5, 6, 6, 6, 8]","['A1L98RD8AC1ST3', 'A2VRDE2FHCBMF8', 'A394S7JSNUA3TS', 'A2TBXASXZIRNNW', 'A1Y0Y6U906ABT5', 'ACJ6NSCIWMUZI', 'A1F1BIPJR11LSR', 'AHZPOM46IUJ2N', 'self_report_17']"
16_DR-100_0079_5_sentence_10.wav,"[4, 4, 4, 3, 5, 4, 4, 5, 3]","[8, 5, 6, 5, 7, 6, 5, 5, 5]","['A2NJ7N8INZOB00', 'A2541C8MY0BYV3', 'A2B8HPIZDKYKDR', 'A1Y0Y6U906ABT5', 'A1F1BIPJR11LSR', 'A27BYNQVXYIC7H', 'A10BH9PYCYUKDJ', 'A27SMEOPKV84VI', 'self_report_16']"
13_DR-100_0080_3_sentence_2.wav,"[3, 4, 4, 2, 4, 3, 4, 3, 5]","[4, 2, 4, 6, 5, 6, 6, 3, 5]","['A2B8HPIZDKYKDR', 'A2NJ7N8INZOB00', 'A27BYNQVXYIC7H', 'A3GLUDQZGEJL5G', 'ARVXIBUCA8WDZ', 'A1F1BIPJR11LSR', 'A1L98RD8AC1ST3', 'ANV8C2DATCAPB', 'self_report_13']"
11_DR-100_0075_9_sentence_9.wav,"[4, 6, 2, 3, 2, 1, 5, 3, 6]","[5, 3, 5, 5, 5, 6, 5, 5, 5]","['A2541C8MY0BYV3', 'A2TBXASXZIRNNW', 'A1Y0Y6U906ABT5', 'A2VRDE2FHCBMF8', 'A394S7JSNUA3TS', 'A13NXSZ9D5NTHN', 'A27SMEOPKV84VI', 'A27PBC5O3Z5ZED', 'self_report_11']"
11_DR-100_0075_7_sentence_4.wav,"[2, 4, 2, 4, 5, 3, 6, 6, 6]","[6, 8, 7, 5, 7, 7, 5, 7, 6]","['A10GZ0SWBZIRBK', 'A24D98LB6OALQY', 'A394S7JSNUA3TS', 'A2541C8MY0BYV3', 'A1B4KC5KP7FH1Z', 'A2NJ7N8INZOB00', 'A2CK0OXMPOR9LE', 'A2T007HZK66WM', 'self_report_11']"
15_DR-100_0078_5_sentence_7.wav,"[5, 3, 8, 5, 3, 5, 9, 6, 2]","[5, 4, 6, 5, 1, 6, 5, 5, 3]","['A394S7JSNUA3TS', 'A1Y0Y6U906ABT5', 'A10BH9PYCYUKDJ', 'A2T007HZK66WM', 'A2NJ7N8INZOB00', 'A27PBC5O3Z5ZED', 'A2TBXASXZIRNNW', 'ARVXIBUCA8WDZ', 'self_report_15']"
12_DR-100_0076_7_sentence_12.wav,"[3, 6, 4, 8, 5, 3, 7, 4, 7]","[5, 7, 5, 2, 6, 4, 3, 6, 6]","['ANV8C2DATCAPB', 'A2541C8MY0BYV3', 'A1HXEXQTZCJ1DW', 'A2TBXASXZIRNNW', 'A1B4KC5KP7FH1Z', 'A24D98LB6OALQY', 'A2B8HPIZDKYKDR', 'A394S7JSNUA3TS', 'self_report_12']"
14_DR-100_0081_3_sentence_7.wav,"[3, 5, 3, 7, 2, 2, 1, 4, 4]","[5, 5, 5, 5, 6, 5, 5, 4, 6]","['A394S7JSNUA3TS', 'A1B4KC5KP7FH1Z', 'A27PBC5O3Z5ZED', 'A27SMEOPKV84VI', 'A2T007HZK66WM', 'A13NXSZ9D5NTHN', 'A273DS7TQWR9M1', 'A1Y0Y6U906ABT5', 'self_report_14']"
13_DR-100_0080_1_sentence_8.wav,"[3, 6, 3, 2, 3, 5, 2, 4, 4]","[5, 5, 6, 6, 6, 5, 6, 6, 6]","['A2VRDE2FHCBMF8', 'A2TBXASXZIRNNW', 'A27PBC5O3Z5ZED', 'A24D98LB6OALQY', 'ACJ6NSCIWMUZI', 'A1L98RD8AC1ST3', 'A13NXSZ9D5NTHN', 'A1B4KC5KP7FH1Z', 'self_report_13']"
14_DR-100_0081_5_sentence_15.wav,"[1, 4, 2, 1, 1, 8, 7, 2, 5]","[5, 5, 5, 5, 5, 5, 3, 5, 5]","['A394S7JSNUA3TS', 'A27BYNQVXYIC7H', 'A2541C8MY0BYV3', 'A20ALQT1HIVSAH', 'A3GLUDQZGEJL5G', 'A2TBXASXZIRNNW', 'A18O3DEA5Z4MJD', 'A2T007HZK66WM', 'self_report_14']"
12_DR-100_0076_7_sentence_4.wav,"[3, 3, 5, 2, 6, 3, 5, 3, 7]","[4, 5, 4, 4, 4, 5, 4, 5, 6]","['A10BH9PYCYUKDJ', 'A24D98LB6OALQY', 'A1B4KC5KP7FH1Z', 'A1HXEXQTZCJ1DW', 'ARVXIBUCA8WDZ', 'A2VRDE2FHCBMF8', 'A3G0T5Y7OSC76S', 'A27PBC5O3Z5ZED', 'self_report_12']"
15_DR-100_0078_1_sentence_8.wav,"[3, 4, 3, 4, 5, 2, 7, 2, 2]","[5, 5, 6, 6, 7, 5, 5, 5, 6]","['A1HXEXQTZCJ1DW', 'A27PBC5O3Z5ZED', 'ASTDBTVY3WP1K', 'A1F1BIPJR11LSR', 'AHZPOM46IUJ2N', 'ACJ6NSCIWMUZI', 'A27SMEOPKV84VI', 'A32IRN8APZMCQ2', 'self_report_15']"
16_DR-100_0079_7_sentence_3.wav,"[6, 7, 4, 3, 9, 5, 5, 3, 4]","[5, 5, 5, 6, 8, 6, 5, 5, 7]","['A18O3DEA5Z4MJD', 'A2TBXASXZIRNNW', 'A2541C8MY0BYV3', 'A3GLUDQZGEJL5G', 'A1VW8Y7XCV3DRW', 'A1F1BIPJR11LSR', 'A1L98RD8AC1ST3', 'A13NXSZ9D5NTHN', 'self_report_16']"
16_DR-100_0079_3_sentence_8.wav,"[2, 2, 4, 5, 3, 5, 2, 4, 6]","[6, 7, 8, 8, 6, 5, 7, 6, 6]","['A1Y0Y6U906ABT5', 'A2CFE6AZS73RNS', 'A27BYNQVXYIC7H', 'A3G0T5Y7OSC76S', 'ACJ6NSCIWMUZI', 'A2541C8MY0BYV3', 'A3GLUDQZGEJL5G', 'AA9V4NE8SOA4I', 'self_report_16']"
14_DR-100_0081_9_sentence_11.wav,"[3, 3, 6, 4, 6, 4, 4, 3, 6]","[3, 4, 3, 6, 3, 6, 5, 4, 4]","['A27PBC5O3Z5ZED', 'A3GLUDQZGEJL5G', 'A18O3DEA5Z4MJD', 'A1F1BIPJR11LSR', 'AA9V4NE8SOA4I', 'A32IRN8APZMCQ2', 'A2541C8MY0BYV3', 'A20ALQT1HIVSAH', 'self_report_14']"
14_DR-100_0081_1_sentence_3.wav,"[6, 7, 4, 3, 4, 6, 3, 3, 6]","[6, 3, 4, 5, 6, 8, 7, 7, 5]","['AW4AHMQ7EN4QI', 'A2TBXASXZIRNNW', 'AHZPOM46IUJ2N', 'A2CFE6AZS73RNS', 'A27PBC5O3Z5ZED', 'A2871R3LEPWMMK', 'A2T007HZK66WM', 'A2NJ7N8INZOB00', 'self_report_14']"
15_DR-100_0078_3_sentence_6.wav,"[4, 3, 7, 3, 4, 6, 3, 2, 4]","[6, 3, 6, 3, 5, 5, 6, 5, 4]","['A2VRDE2FHCBMF8', 'A27BYNQVXYIC7H', 'A2B8HPIZDKYKDR', 'A2T007HZK66WM', 'A2CK0OXMPOR9LE', 'AA9V4NE8SOA4I', 'A27PBC5O3Z5ZED', 'A13NXSZ9D5NTHN', 'self_report_15']"
15_DR-100_0078_7_sentence_3.wav,"[2, 5, 4, 5, 9, 5, 4, 4, 3]","[4, 4, 5, 6, 4, 4, 5, 5, 7]","['A20ALQT1HIVSAH', 'A1B4KC5KP7FH1Z', 'A3GLUDQZGEJL5G', 'AHZPOM46IUJ2N', 'A2TBXASXZIRNNW', 'A2B8HPIZDKYKDR', 'A2VRDE2FHCBMF8', 'A2541C8MY0BYV3', 'self_report_15']"
17_DR-100_0080_7_sentence_3.wav,"[1, 4, 3, 1, 4, 3, 2, 4, 5]","[5, 5, 5, 5, 4, 5, 5, 5, 5]","['A394S7JSNUA3TS', 'A27PBC5O3Z5ZED', 'A2541C8MY0BYV3', 'A273DS7TQWR9M1', 'ACJ6NSCIWMUZI', 'A1F1BIPJR11LSR', 'A1Y0Y6U906ABT5', 'ARVXIBUCA8WDZ', 'self_report_17']"
13_DR-100_0080_1_sentence_5.wav,"[5, 3, 2, 4, 5, 8, 5, 2, 4]","[6, 5, 7, 6, 8, 8, 6, 8, 6]","['A2B8HPIZDKYKDR', 'A2VRDE2FHCBMF8', 'A2T007HZK66WM', 'A2541C8MY0BYV3', 'ASTDBTVY3WP1K', 'A1VW8Y7XCV3DRW', 'A1L98RD8AC1ST3', 'A273DS7TQWR9M1', 'self_report_13']"
16_DR-100_0079_3_sentence_5.wav,"[2, 5, 2, 3, 3, 1, 1, 4, 6]","[4, 6, 5, 6, 5, 5, 5, 5, 6]","['A1HXEXQTZCJ1DW', 'AW4AHMQ7EN4QI', 'ACJ6NSCIWMUZI', 'A27PBC5O3Z5ZED', 'A1L98RD8AC1ST3', 'A20ALQT1HIVSAH', 'A13NXSZ9D5NTHN', 'A2541C8MY0BYV3', 'self_report_16']"
17_DR-100_0080_5_sentence_9.wav,"[7, 5, 3, 3, 3, 5, 4, 3, 7]","[6, 8, 6, 7, 6, 5, 7, 5, 8]","['ARVXIBUCA8WDZ', 'A2871R3LEPWMMK', 'A1Y0Y6U906ABT5', 'A24D98LB6OALQY', 'A2T007HZK66WM', 'A2CK0OXMPOR9LE', 'A1L98RD8AC1ST3', 'A27PBC5O3Z5ZED', 'self_report_17']"
13_DR-100_0080_1_sentence_2.wav,"[3, 4, 4, 2, 3, 2, 4, 3, 4]","[3, 4, 4, 5, 5, 5, 4, 5, 6]","['A3G0T5Y7OSC76S', 'AHZPOM46IUJ2N', 'A2B8HPIZDKYKDR', 'A2NJ7N8INZOB00', 'A27PBC5O3Z5ZED', 'A24D98LB6OALQY', 'A2541C8MY0BYV3', 'A1Y0Y6U906ABT5', 'self_report_13']"
17_DR-100_0080_7_sentence_13.wav,"[1, 2, 7, 1, 1, 4, 4, 2, 5]","[5, 5, 5, 5, 5, 5, 5, 5, 5]","['A3GLUDQZGEJL5G', 'A1HXEXQTZCJ1DW', 'A2TBXASXZIRNNW', 'A273DS7TQWR9M1', 'A394S7JSNUA3TS', 'ARVXIBUCA8WDZ', 'A27BYNQVXYIC7H', 'A27PBC5O3Z5ZED', 'self_report_17']"
18_DR-100_0081_5_sentence_2.wav,"[4, 4, 3, 2, 3, 4, 3, 2, 4]","[4, 6, 5, 7, 4, 6, 7, 6, 6]","['ARVXIBUCA8WDZ', 'A2B8HPIZDKYKDR', 'A2VRDE2FHCBMF8', 'A20ALQT1HIVSAH', 'A394S7JSNUA3TS', 'A1L98RD8AC1ST3', 'A2NJ7N8INZOB00', 'A13NXSZ9D5NTHN', 'self_report_18']"
12_DR-100_0076_5_sentence_6.wav,"[3, 5, 3, 7, 3, 2, 1, 3, 7]","[5, 5, 5, 2, 5, 5, 5, 5, 6]","['A10BH9PYCYUKDJ', 'A1B4KC5KP7FH1Z', 'A27PBC5O3Z5ZED', 'A2TBXASXZIRNNW', 'A2VRDE2FHCBMF8', 'A2T007HZK66WM', 'A13NXSZ9D5NTHN', 'A2CK0OXMPOR9LE', 'self_report_12']"
17_DR-100_0080_3_sentence_5.wav,"[2, 4, 6, 2, 6, 2, 4, 3, 8]","[5, 3, 6, 1, 6, 6, 8, 6, 6]","['ANV8C2DATCAPB', 'A2B8HPIZDKYKDR', 'ARVXIBUCA8WDZ', 'A2NJ7N8INZOB00', 'A27SMEOPKV84VI', 'A3GLUDQZGEJL5G', 'A1F1BIPJR11LSR', 'A27PBC5O3Z5ZED', 'self_report_17']"
13_DR-100_0080_5_sentence_3.wav,"[2, 5, 5, 4, 5, 3, 3, 1, 4]","[6, 7, 7, 7, 5, 6, 6, 5, 6]","['A3GLUDQZGEJL5G', 'A1B4KC5KP7FH1Z', 'A27BYNQVXYIC7H', 'A1F1BIPJR11LSR', 'A2TBXASXZIRNNW', 'A2T007HZK66WM', 'A1Y0Y6U906ABT5', 'A13NXSZ9D5NTHN', 'self_report_13']"
14_DR-100_0081_7_sentence_6.wav,"[2, 4, 5, 3, 3, 6, 4, 6, 4]","[6, 6, 6, 6, 6, 8, 5, 6, 6]","['A20ALQT1HIVSAH', 'A10BH9PYCYUKDJ', 'A1B4KC5KP7FH1Z', 'ASTDBTVY3WP1K', 'A27PBC5O3Z5ZED', 'A3G0T5Y7OSC76S', 'A2541C8MY0BYV3', 'A1F1BIPJR11LSR', 'self_report_14']"
12_DR-100_0076_1_sentence_8.wav,"[6, 3, 3, 7, 5, 3, 4, 4, 4]","[6, 2, 5, 3, 6, 5, 4, 2, 4]","['ARVXIBUCA8WDZ', 'A2NJ7N8INZOB00', 'A10BH9PYCYUKDJ', 'A2TBXASXZIRNNW', 'A1B4KC5KP7FH1Z', 'A2CK0OXMPOR9LE', 'A1F1BIPJR11LSR', 'A32IRN8APZMCQ2', 'self_report_12']"
16_DR-100_0079_1_sentence_7.wav,"[4, 4, 6, 4, 5, 3, 3, 6, 5]","[7, 6, 5, 6, 6, 6, 7, 8, 7]","['A3G0T5Y7OSC76S', 'A1Y0Y6U906ABT5', 'A2TBXASXZIRNNW', 'A1HXEXQTZCJ1DW', 'AA9V4NE8SOA4I', 'A2CFE6AZS73RNS', 'A2T007HZK66WM', 'A2NJ7N8INZOB00', 'self_report_16']"
18_DR-100_0081_5_sentence_3.wav,"[3, 3, 2, 3, 3, 3, 3, 4, 4]","[7, 5, 7, 7, 6, 6, 6, 8, 6]","['AHZPOM46IUJ2N', 'ACJ6NSCIWMUZI', 'A2T007HZK66WM', 'A18O3DEA5Z4MJD', 'A2VRDE2FHCBMF8', 'A27PBC5O3Z5ZED', 'A20ALQT1HIVSAH', 'A1VW8Y7XCV3DRW', 'self_report_18']"
11_DR-100_0075_9_sentence_4.wav,"[7, 4, 5, 6, 3, 3, 6, 3, 6]","[4, 5, 4, 5, 4, 3, 4, 1, 5]","['A2TBXASXZIRNNW', 'A3G0T5Y7OSC76S', 'ARVXIBUCA8WDZ', 'A2CK0OXMPOR9LE', 'ANV8C2DATCAPB', 'A27BYNQVXYIC7H', 'A1F1BIPJR11LSR', 'A273DS7TQWR9M1', 'self_report_11']"
15_DR-100_0078_9_sentence_4.wav,"[2, 5, 3, 7, 4, 7, 4, 4, 4]","[6, 5, 5, 5, 5, 4, 4, 9, 7]","['A20ALQT1HIVSAH', 'A1HXEXQTZCJ1DW', 'A13NXSZ9D5NTHN', 'A2CFE6AZS73RNS', 'A2VRDE2FHCBMF8', 'A2TBXASXZIRNNW', 'A27PBC5O3Z5ZED', 'A32IRN8APZMCQ2', 'self_report_15']"
18_DR-100_0081_5_sentence_1.wav,"[3, 2, 3, 4, 5, 2, 1, 2, 4]","[7, 6, 6, 6, 8, 6, 6, 7, 6]","['A1Y0Y6U906ABT5', 'A3GLUDQZGEJL5G', 'A27PBC5O3Z5ZED', 'A2VRDE2FHCBMF8', 'A2871R3LEPWMMK', 'A1L98RD8AC1ST3', 'A13NXSZ9D5NTHN', 'A2T007HZK66WM', 'self_report_18']"
15_DR-100_0078_9_sentence_10.wav,"[8, 5, 3, 5, 6, 2, 2, 4, 4]","[4, 4, 6, 3, 5, 4, 5, 6, 7]","['A2TBXASXZIRNNW', 'A1Y0Y6U906ABT5', 'ANV8C2DATCAPB', 'A2CFE6AZS73RNS', 'ARVXIBUCA8WDZ', 'A3GLUDQZGEJL5G', 'A20ALQT1HIVSAH', 'A27PBC5O3Z5ZED', 'self_report_15']"
13_DR-100_0080_1_sentence_7.wav,"[3, 6, 3, 4, 5, 3, 2, 5, 4]","[7, 5, 6, 6, 5, 6, 5, 6, 6]","['AHZPOM46IUJ2N', 'A2TBXASXZIRNNW', 'A1Y0Y6U906ABT5', 'A2CFE6AZS73RNS', 'A27SMEOPKV84VI', 'A27PBC5O3Z5ZED', 'A24D98LB6OALQY', 'AA9V4NE8SOA4I', 'self_report_13']"
12_DR-100_0076_5_sentence_4.wav,"[5, 3, 2, 2, 7, 4, 8, 5, 7]","[6, 6, 5, 6, 6, 6, 6, 3, 6]","['A1B4KC5KP7FH1Z', 'A27PBC5O3Z5ZED', 'ACJ6NSCIWMUZI', 'A394S7JSNUA3TS', 'A2B8HPIZDKYKDR', 'A2VRDE2FHCBMF8', 'A1VW8Y7XCV3DRW', 'AA9V4NE8SOA4I', 'self_report_12']"
15_DR-100_0078_7_sentence_7.wav,"[2, 4, 2, 7, 4, 3, 6, 3, 3]","[7, 5, 7, 8, 6, 9, 8, 9, 7]","['A394S7JSNUA3TS', 'A18O3DEA5Z4MJD', 'A20ALQT1HIVSAH', 'A2B8HPIZDKYKDR', 'ACJ6NSCIWMUZI', 'A24D98LB6OALQY', 'A2NJ7N8INZOB00', 'A273DS7TQWR9M1', 'self_report_15']"
13_DR-100_0080_3_sentence_9.wav,"[2, 5, 2, 4, 3, 3, 4, 1, 5]","[5, 4, 2, 5, 6, 5, 3, 5, 5]","['A3GLUDQZGEJL5G', 'ARVXIBUCA8WDZ', 'A13NXSZ9D5NTHN', 'A2CFE6AZS73RNS', 'A27PBC5O3Z5ZED', 'A1HXEXQTZCJ1DW', 'A32IRN8APZMCQ2', 'A273DS7TQWR9M1', 'self_report_13']"
14_DR-100_0081_5_sentence_1.wav,"[1, 5, 5, 3, 5, 3, 5, 3, 5]","[5, 7, 6, 5, 4, 5, 5, 5, 5]","['A20ALQT1HIVSAH', 'A3G0T5Y7OSC76S', 'A10BH9PYCYUKDJ', 'A2VRDE2FHCBMF8', 'AA9V4NE8SOA4I', 'A3GLUDQZGEJL5G', 'A27BYNQVXYIC7H', 'A27PBC5O3Z5ZED', 'self_report_14']"
17_DR-100_0080_7_sentence_9.wav,"[1, 7, 4, 3, 6, 4, 2, 6, 5]","[5, 4, 7, 6, 5, 6, 2, 5, 5]","['A394S7JSNUA3TS', 'A2TBXASXZIRNNW', 'A27BYNQVXYIC7H', 'A13NXSZ9D5NTHN', 'A27SMEOPKV84VI', 'A1F1BIPJR11LSR', 'A273DS7TQWR9M1', 'AHZPOM46IUJ2N', 'self_report_17']"
17_DR-100_0080_3_sentence_8.wav,"[1, 5, 2, 5, 6, 3, 6, 5, 8]","[5, 6, 5, 6, 4, 6, 5, 5, 6]","['A394S7JSNUA3TS', 'AW4AHMQ7EN4QI', 'A2541C8MY0BYV3', 'ARVXIBUCA8WDZ', 'A2B8HPIZDKYKDR', 'A2T007HZK66WM', 'A27BYNQVXYIC7H', 'A2CK0OXMPOR9LE', 'self_report_17']"
13_DR-100_0080_9_sentence_6.wav,"[4, 3, 2, 2, 5, 3, 6, 6, 4]","[5, 5, 6, 6, 6, 5, 6, 5, 5]","['A2CFE6AZS73RNS', 'A2541C8MY0BYV3', 'A18O3DEA5Z4MJD', 'A394S7JSNUA3TS', 'A3G0T5Y7OSC76S', 'A1F1BIPJR11LSR', 'A2B8HPIZDKYKDR', 'A2TBXASXZIRNNW', 'self_report_13']"
11_DR-100_0075_9_sentence_3.wav,"[2, 2, 3, 6, 9, 3, 3, 6, 6]","[6, 6, 6, 5, 8, 5, 7, 7, 5]","['A394S7JSNUA3TS', 'A3GLUDQZGEJL5G', 'A1Y0Y6U906ABT5', 'ARVXIBUCA8WDZ', 'A1VW8Y7XCV3DRW', 'A13NXSZ9D5NTHN', 'A2NJ7N8INZOB00', 'AHZPOM46IUJ2N', 'self_report_11']"
15_DR-100_0078_3_sentence_8.wav,"[3, 7, 4, 2, 3, 5, 4, 2, 4]","[4, 5, 3, 4, 4, 6, 4, 4, 4]","['A10BH9PYCYUKDJ', 'A2TBXASXZIRNNW', 'A27BYNQVXYIC7H', 'A3GLUDQZGEJL5G', 'ASTDBTVY3WP1K', 'AHZPOM46IUJ2N', 'A2871R3LEPWMMK', 'A1HXEXQTZCJ1DW', 'self_report_15']"
11_DR-100_0075_1_sentence_4.wav,"[5, 4, 2, 4, 5, 5, 5, 5, 6, 6]","[3, 4, 3, 6, 4, 4, 4, 3, 3, 7]","['A2B8HPIZDKYKDR', 'A2541C8MY0BYV3', 'A1ZD9SJXQ9C6EW', 'A27PBC5O3Z5ZED', 'ARVXIBUCA8WDZ', 'A27SMEOPKV84VI', 'A24D98LB6OALQY', 'A1F1BIPJR11LSR', 'AA9V4NE8SOA4I', 'self_report_11']"
18_DR-100_0081_1_sentence_5.wav,"[4, 3, 4, 4, 2, 4, 1, 1, 3, 5]","[5, 6, 3, 5, 5, 6, 6, 4, 6, 4]","['ARVXIBUCA8WDZ', 'A394S7JSNUA3TS', 'A2TBXASXZIRNNW', 'A2541C8MY0BYV3', 'A1HXEXQTZCJ1DW', 'A1B4KC5KP7FH1Z', 'A20ALQT1HIVSAH', 'A13NXSZ9D5NTHN', 'A1Y0Y6U906ABT5', 'self_report_18']"
17_DR-100_0080_1_sentence_4.wav,"[2, 5, 5, 3, 3, 3, 3, 2, 5]","[4, 5, 6, 5, 5, 5, 5, 5, 6]","['A20ALQT1HIVSAH', 'ARVXIBUCA8WDZ', 'A1B4KC5KP7FH1Z', 'A2T007HZK66WM', 'A27BYNQVXYIC7H', 'A2541C8MY0BYV3', 'A1HXEXQTZCJ1DW', 'A2NJ7N8INZOB00', 'self_report_17']"
15_DR-100_0078_3_sentence_14.wav,"[5, 3, 4, 3, 1, 3, 4, 1, 4]","[6, 5, 5, 5, 5, 5, 5, 5, 4]","['A27PBC5O3Z5ZED', 'A1HXEXQTZCJ1DW', 'A394S7JSNUA3TS', 'A10BH9PYCYUKDJ', 'A273DS7TQWR9M1', 'A2CK0OXMPOR9LE', 'A1B4KC5KP7FH1Z', 'A20ALQT1HIVSAH', 'self_report_15']"
14_DR-100_0081_7_sentence_2.wav,"[8, 5, 2, 3, 4, 5, 4, 5, 4]","[2, 6, 7, 7, 6, 6, 5, 8, 6]","['A2TBXASXZIRNNW', 'A18O3DEA5Z4MJD', 'A13NXSZ9D5NTHN', 'A394S7JSNUA3TS', 'A27PBC5O3Z5ZED', 'A1Y0Y6U906ABT5', 'A2CFE6AZS73RNS', 'A1B4KC5KP7FH1Z', 'self_report_14']"
13_DR-100_0080_5_sentence_6.wav,"[4, 1, 1, 3, 3, 3, 4, 6, 4]","[5, 5, 5, 4, 5, 6, 5, 6, 6]","['A2541C8MY0BYV3', 'A2NJ7N8INZOB00', 'A394S7JSNUA3TS', 'A1F1BIPJR11LSR', 'A2VRDE2FHCBMF8', 'A27BYNQVXYIC7H', 'A1Y0Y6U906ABT5', 'AA9V4NE8SOA4I', 'self_report_13']"
16_DR-100_0079_3_sentence_4.wav,"[3, 4, 3, 2, 3, 4, 4, 2, 6]","[3, 4, 3, 6, 6, 6, 6, 7, 6]","['A3GLUDQZGEJL5G', 'A27PBC5O3Z5ZED', 'ASTDBTVY3WP1K', 'A2T007HZK66WM', 'A13NXSZ9D5NTHN', 'A2CK0OXMPOR9LE', 'A1F1BIPJR11LSR', 'A273DS7TQWR9M1', 'self_report_16']"
11_DR-100_0075_1_sentence_1.wav,"[3, 2, 3, 4, 3, 3, 4, 5, 6]","[6, 4, 4, 5, 5, 5, 4, 5, 7]","['A1HXEXQTZCJ1DW', 'A3GLUDQZGEJL5G', 'A1Y0Y6U906ABT5', 'A27BYNQVXYIC7H', 'A1L98RD8AC1ST3', 'A27PBC5O3Z5ZED', 'A1F1BIPJR11LSR', 'A27SMEOPKV84VI', 'self_report_11']"
14_DR-100_0081_7_sentence_7.wav,"[4, 6, 4, 5, 5, 3, 4, 6, 5, 4]","[6, 7, 7, 6, 6, 6, 6, 5, 7, 6]","['A10BH9PYCYUKDJ', 'ARVXIBUCA8WDZ', 'A27BYNQVXYIC7H', 'A1F1BIPJR11LSR', 'A2541C8MY0BYV3', 'A13NXSZ9D5NTHN', 'A1Y0Y6U906ABT5', 'A27SMEOPKV84VI', 'A1B4KC5KP7FH1Z', 'self_report_14']"
15_DR-100_0078_1_sentence_9.wav,"[5, 3, 2, 3, 4, 5, 5, 4, 2]","[7, 6, 6, 7, 5, 6, 6, 6, 6]","['A27PBC5O3Z5ZED', 'A394S7JSNUA3TS', 'A20ALQT1HIVSAH', 'A2NJ7N8INZOB00', 'A2VRDE2FHCBMF8', 'A18O3DEA5Z4MJD', 'A27SMEOPKV84VI', 'A10BH9PYCYUKDJ', 'self_report_15']"
18_DR-100_0081_9_sentence_2.wav,"[4, 6, 5, 3, 5, 3, 3, 4, 4, 3]","[7, 5, 7, 7, 6, 8, 6, 5, 9, 6]","['AHZPOM46IUJ2N', 'A2TBXASXZIRNNW', 'A2B8HPIZDKYKDR', 'A27BYNQVXYIC7H', 'A2541C8MY0BYV3', 'A273DS7TQWR9M1', 'A27PBC5O3Z5ZED', 'A1F1BIPJR11LSR', 'A32IRN8APZMCQ2', 'self_report_18']"
11_DR-100_0075_9_sentence_2.wav,"[3, 3, 4, 4, 3, 5, 6, 4, 6]","[3, 4, 6, 8, 4, 3, 6, 3, 5]","['A394S7JSNUA3TS', 'A1Y0Y6U906ABT5', 'A27PBC5O3Z5ZED', 'A3G0T5Y7OSC76S', 'ANV8C2DATCAPB', 'A1B4KC5KP7FH1Z', 'AA9V4NE8SOA4I', 'A32IRN8APZMCQ2', 'self_report_11']"
11_DR-100_0075_3_sentence_8.wav,"[2, 5, 3, 1, 4, 3, 3, 5, 7]","[4, 4, 4, 4, 7, 1, 4, 4, 5]","['A394S7JSNUA3TS', 'AW4AHMQ7EN4QI', 'A1HXEXQTZCJ1DW', 'A2T007HZK66WM', 'A3G0T5Y7OSC76S', 'A2NJ7N8INZOB00', 'A1F1BIPJR11LSR', 'A27SMEOPKV84VI', 'self_report_11']"
11_DR-100_0075_7_sentence_3.wav,"[8, 3, 3, 5, 3, 2, 4, 5, 6]","[3, 4, 4, 4, 4, 8, 5, 6, 6]","['A2TBXASXZIRNNW', 'A394S7JSNUA3TS', 'A20ALQT1HIVSAH', 'A2CFE6AZS73RNS', 'ACJ6NSCIWMUZI', 'A273DS7TQWR9M1', 'A27PBC5O3Z5ZED', 'A1Y0Y6U906ABT5', 'self_report_11']"
17_DR-100_0080_1_sentence_2.wav,"[3, 3, 3, 4, 5, 6, 6, 1, 5]","[6, 6, 5, 7, 6, 7, 7, 8, 6]","['A1Y0Y6U906ABT5', 'A27PBC5O3Z5ZED', 'A2VRDE2FHCBMF8', 'AHZPOM46IUJ2N', 'A1F1BIPJR11LSR', 'A2B8HPIZDKYKDR', 'AA9V4NE8SOA4I', 'A273DS7TQWR9M1', 'self_report_17']"
17_DR-100_0080_1_sentence_9.wav,"[5, 7, 4, 4, 5, 6, 6, 7, 5]","[6, 9, 6, 7, 6, 7, 6, 7, 6]","['A27PBC5O3Z5ZED', 'A10BH9PYCYUKDJ', 'A2VRDE2FHCBMF8', 'A2NJ7N8INZOB00', 'A18O3DEA5Z4MJD', 'A1Y0Y6U906ABT5', 'A1L98RD8AC1ST3', 'A1F1BIPJR11LSR', 'self_report_17']"
16_DR-100_0079_5_sentence_7.wav,"[3, 2, 3, 3, 5, 3, 3, 4, 3]","[5, 4, 5, 4, 5, 5, 5, 5, 5]","['A2VRDE2FHCBMF8', 'A27PBC5O3Z5ZED', 'AHZPOM46IUJ2N', 'A2B8HPIZDKYKDR', 'A27SMEOPKV84VI', 'A2541C8MY0BYV3', 'A1Y0Y6U906ABT5', 'A1B4KC5KP7FH1Z', 'self_report_16']"
12_DR-100_0076_1_sentence_10.wav,"[3, 2, 5, 2, 6, 4, 4, 3, 4]","[4, 5, 5, 6, 4, 4, 4, 4, 4]","['A2CFE6AZS73RNS', 'A18O3DEA5Z4MJD', 'ARVXIBUCA8WDZ', 'A13NXSZ9D5NTHN', 'A2TBXASXZIRNNW', 'A2541C8MY0BYV3', 'A1L98RD8AC1ST3', 'A27SMEOPKV84VI', 'self_report_12']"
17_DR-100_0080_1_sentence_6.wav,"[4, 7, 7, 6, 6, 7, 3, 4, 4, 5]","[7, 7, 7, 6, 8, 6, 6, 6, 7, 6]","['A1HXEXQTZCJ1DW', 'AW4AHMQ7EN4QI', 'A10BH9PYCYUKDJ', 'ARVXIBUCA8WDZ', 'A27BYNQVXYIC7H', 'A2TBXASXZIRNNW', 'ANV8C2DATCAPB', 'A27PBC5O3Z5ZED', 'A32IRN8APZMCQ2', 'self_report_17']"
12_DR-100_0076_7_sentence_2.wav,"[3, 4, 3, 8, 4, 3, 4, 1, 7]","[6, 4, 5, 3, 5, 5, 4, 5, 6]","['A27PBC5O3Z5ZED', 'A2B8HPIZDKYKDR', 'A10BH9PYCYUKDJ', 'A2TBXASXZIRNNW', 'A1B4KC5KP7FH1Z', 'A2CK0OXMPOR9LE', 'AA9V4NE8SOA4I', 'A1ZD9SJXQ9C6EW', 'self_report_12']"
12_DR-100_0076_3_sentence_2.wav,"[4, 3, 2, 6, 4, 1, 5, 5, 6]","[6, 6, 7, 4, 8, 5, 6, 7, 7]","['A2541C8MY0BYV3', 'A27PBC5O3Z5ZED', 'A394S7JSNUA3TS', 'A2TBXASXZIRNNW', 'A27BYNQVXYIC7H', 'A3GLUDQZGEJL5G', 'A10BH9PYCYUKDJ', 'A1Y0Y6U906ABT5', 'self_report_12']"
11_DR-100_0075_1_sentence_8.wav,"[2, 2, 3, 4, 7, 3, 4, 1, 6]","[6, 5, 6, 5, 3, 5, 5, 6, 7]","['A3GLUDQZGEJL5G', 'ASTDBTVY3WP1K', 'A27PBC5O3Z5ZED', 'A2CK0OXMPOR9LE', 'A2TBXASXZIRNNW', 'A2VRDE2FHCBMF8', 'A1L98RD8AC1ST3', 'A394S7JSNUA3TS', 'self_report_11']"
15_DR-100_0078_9_sentence_8.wav,"[2, 8, 2, 5, 6, 4, 2, 5, 5, 4]","[5, 4, 5, 8, 4, 4, 7, 5, 5, 7]","['A1ZD9SJXQ9C6EW', 'A2TBXASXZIRNNW', 'A20ALQT1HIVSAH', 'AHZPOM46IUJ2N', 'ARVXIBUCA8WDZ', 'A10BH9PYCYUKDJ', 'A273DS7TQWR9M1', 'A2541C8MY0BYV3', 'A1B4KC5KP7FH1Z', 'self_report_15']"
13_DR-100_0080_1_sentence_9.wav,"[4, 1, 3, 2, 6, 4, 4, 5, 4]","[6, 6, 6, 5, 5, 6, 6, 5, 6]","['AW4AHMQ7EN4QI', 'A394S7JSNUA3TS', 'A27PBC5O3Z5ZED', 'A1Y0Y6U906ABT5', 'A2TBXASXZIRNNW', 'AHZPOM46IUJ2N', 'A27BYNQVXYIC7H', 'A27SMEOPKV84VI', 'self_report_13']"
16_DR-100_0079_3_sentence_2.wav,"[4, 6, 4, 3, 5, 2, 2, 3, 6]","[4, 5, 5, 6, 7, 3, 6, 5, 6]","['AW4AHMQ7EN4QI', 'ARVXIBUCA8WDZ', 'A2541C8MY0BYV3', 'A27PBC5O3Z5ZED', 'A27BYNQVXYIC7H', 'A13NXSZ9D5NTHN', 'A20ALQT1HIVSAH', 'A1L98RD8AC1ST3', 'self_report_16']"
12_DR-100_0076_7_sentence_8.wav,"[3, 2, 6, 2, 4, 6, 3, 6, 7]","[6, 4, 4, 4, 4, 4, 5, 5, 6]","['A24D98LB6OALQY', 'A3GLUDQZGEJL5G', 'A27BYNQVXYIC7H', 'A394S7JSNUA3TS', 'A1Y0Y6U906ABT5', 'A27SMEOPKV84VI', 'A27PBC5O3Z5ZED', 'A1L98RD8AC1ST3', 'self_report_12']"
17_DR-100_0080_7_sentence_4.wav,"[3, 5, 2, 3, 4, 7, 1, 2, 5]","[6, 3, 4, 4, 3, 4, 6, 2, 5]","['A27PBC5O3Z5ZED', 'ANV8C2DATCAPB', 'A394S7JSNUA3TS', 'ACJ6NSCIWMUZI', 'A2B8HPIZDKYKDR', 'A2TBXASXZIRNNW', 'A13NXSZ9D5NTHN', 'A1VW8Y7XCV3DRW', 'self_report_17']"
16_DR-100_0079_9_sentence_4.wav,"[5, 5, 4, 5, 3, 5, 3, 7, 6]","[8, 6, 7, 7, 5, 6, 6, 8, 8]","['A10BH9PYCYUKDJ', 'AHZPOM46IUJ2N', 'A1HXEXQTZCJ1DW', 'A1B4KC5KP7FH1Z', 'A20ALQT1HIVSAH', 'A2VRDE2FHCBMF8', 'A3GLUDQZGEJL5G', 'A1F1BIPJR11LSR', 'self_report_16']"
13_DR-100_0080_3_sentence_3.wav,"[2, 3, 3, 2, 3, 4, 3, 5, 5]","[5, 5, 4, 5, 5, 3, 3, 2, 5]","['A20ALQT1HIVSAH', 'A10BH9PYCYUKDJ', 'A1Y0Y6U906ABT5', 'A394S7JSNUA3TS', 'A2CK0OXMPOR9LE', 'A27BYNQVXYIC7H', 'ANV8C2DATCAPB', 'A1VW8Y7XCV3DRW', 'self_report_13']"
14_DR-100_0081_5_sentence_5.wav,"[8, 1, 7, 6, 6, 3, 5, 1, 5]","[5, 5, 5, 5, 5, 6, 5, 5, 5]","['A2TBXASXZIRNNW', 'A3GLUDQZGEJL5G', 'A27SMEOPKV84VI', 'ARVXIBUCA8WDZ', 'A2B8HPIZDKYKDR', 'A27PBC5O3Z5ZED', 'A27BYNQVXYIC7H', 'A273DS7TQWR9M1', 'self_report_14']"
13_DR-100_0080_9_sentence_8.wav,"[3, 5, 4, 3, 4, 1, 7, 3, 4]","[5, 6, 6, 7, 4, 4, 6, 6, 5]","['A394S7JSNUA3TS', 'A2VRDE2FHCBMF8', 'ACJ6NSCIWMUZI', 'A20ALQT1HIVSAH', 'A2NJ7N8INZOB00', 'A273DS7TQWR9M1', 'A18O3DEA5Z4MJD', 'A27PBC5O3Z5ZED', 'self_report_13']"
18_DR-100_0081_9_sentence_3.wav,"[1, 3, 3, 3, 4, 6, 6, 5, 3]","[5, 3, 6, 7, 6, 4, 5, 7, 6]","['A10GZ0SWBZIRBK', 'ANV8C2DATCAPB', 'A2VRDE2FHCBMF8', 'A27BYNQVXYIC7H', 'A2CFE6AZS73RNS', 'A2TBXASXZIRNNW', 'ARVXIBUCA8WDZ', 'A2B8HPIZDKYKDR', 'self_report_18']"
11_DR-100_0075_5_sentence_7.wav,"[3, 4, 6, 5, 5, 8, 6, 6, 7]","[5, 6, 4, 5, 7, 6, 4, 5, 3]","['A2541C8MY0BYV3', 'A2B8HPIZDKYKDR', 'A10BH9PYCYUKDJ', 'ARVXIBUCA8WDZ', 'A2T007HZK66WM', 'A1VW8Y7XCV3DRW', 'AA9V4NE8SOA4I', 'A27SMEOPKV84VI', 'self_report_11']"
15_DR-100_0078_7_sentence_4.wav,"[5, 5, 2, 4, 2, 4, 6, 2, 3]","[7, 4, 3, 8, 4, 4, 5, 5, 7]","['A3G0T5Y7OSC76S', 'AHZPOM46IUJ2N', 'ANV8C2DATCAPB', 'A2NJ7N8INZOB00', 'A20ALQT1HIVSAH', 'A2871R3LEPWMMK', 'A27SMEOPKV84VI', 'A1Y0Y6U906ABT5', 'self_report_15']"
13_DR-100_0080_1_sentence_10.wav,"[1, 3, 5, 4, 5, 4, 4, 2, 4]","[5, 5, 4, 5, 5, 7, 3, 5, 6]","['A2NJ7N8INZOB00', 'A27PBC5O3Z5ZED', 'A2B8HPIZDKYKDR', 'A2VRDE2FHCBMF8', 'A2TBXASXZIRNNW', 'A3G0T5Y7OSC76S', 'AHZPOM46IUJ2N', 'A20ALQT1HIVSAH', 'self_report_13']"
15_DR-100_0078_1_sentence_3.wav,"[4, 5, 4, 2, 7, 4, 5, 3, 2]","[6, 8, 5, 5, 4, 3, 4, 5, 6]","['A27PBC5O3Z5ZED', 'A1L98RD8AC1ST3', 'A2541C8MY0BYV3', 'A394S7JSNUA3TS', 'A2TBXASXZIRNNW', 'A2B8HPIZDKYKDR', 'A1B4KC5KP7FH1Z', 'A1HXEXQTZCJ1DW', 'self_report_15']"
18_DR-100_0081_3_sentence_3.wav,"[2, 3, 6, 2, 3, 3, 4, 5, 5, 7]","[5, 5, 3, 5, 6, 5, 5, 6, 6, 6]","['A20ALQT1HIVSAH', 'A27BYNQVXYIC7H', 'A2B8HPIZDKYKDR', 'A3GLUDQZGEJL5G', 'AHZPOM46IUJ2N', 'A1L98RD8AC1ST3', 'A2541C8MY0BYV3', 'A1VW8Y7XCV3DRW', 'A1B4KC5KP7FH1Z', 'self_report_18']"
17_DR-100_0080_3_sentence_14.wav,"[5, 4, 1, 3, 2, 4, 2, 3, 8]","[4, 5, 4, 5, 4, 2, 4, 3, 6]","['A27BYNQVXYIC7H', 'ARVXIBUCA8WDZ', 'ACJ6NSCIWMUZI', 'A2T007HZK66WM', 'A1HXEXQTZCJ1DW', 'AA9V4NE8SOA4I', 'A1L98RD8AC1ST3', 'A20ALQT1HIVSAH', 'self_report_17']"
14_DR-100_0081_1_sentence_8.wav,"[2, 4, 5, 3, 5, 6, 2, 5, 6]","[5, 5, 4, 5, 5, 4, 5, 6, 5]","['A394S7JSNUA3TS', 'A2541C8MY0BYV3', 'A2B8HPIZDKYKDR', 'A1HXEXQTZCJ1DW', 'A1B4KC5KP7FH1Z', 'A2TBXASXZIRNNW', 'A13NXSZ9D5NTHN', 'A10BH9PYCYUKDJ', 'self_report_14']"
15_DR-100_0078_9_sentence_3.wav,"[5, 3, 3, 7, 5, 6, 2, 5, 4]","[7, 6, 6, 4, 6, 7, 5, 7, 7]","['AW4AHMQ7EN4QI', 'A2CFE6AZS73RNS', 'A27PBC5O3Z5ZED', 'A2TBXASXZIRNNW', 'A1F1BIPJR11LSR', 'A27BYNQVXYIC7H', 'A3GLUDQZGEJL5G', 'AA9V4NE8SOA4I', 'self_report_15']"
18_DR-100_0081_1_sentence_2.wav,"[5, 3, 4, 2, 5, 3, 3, 6, 5]","[4, 6, 5, 6, 7, 5, 8, 7, 4]","['A2TBXASXZIRNNW', 'A27PBC5O3Z5ZED', 'A1F1BIPJR11LSR', 'A1Y0Y6U906ABT5', 'A1B4KC5KP7FH1Z', 'A13NXSZ9D5NTHN', 'A2NJ7N8INZOB00', 'AA9V4NE8SOA4I', 'self_report_18']"
17_DR-100_0080_7_sentence_15.wav,"[7, 3, 3, 1, 4, 4, 6, 3, 5]","[5, 5, 8, 5, 5, 5, 6, 6, 5]","['A2TBXASXZIRNNW', 'A2VRDE2FHCBMF8', 'A3G0T5Y7OSC76S', 'A2CFE6AZS73RNS', 'A2541C8MY0BYV3', 'A27BYNQVXYIC7H', 'ARVXIBUCA8WDZ', 'A27PBC5O3Z5ZED', 'self_report_17']"
15_DR-100_0078_5_sentence_11.wav,"[3, 3, 2, 2, 3, 4, 2, 1, 2]","[4, 3, 5, 5, 5, 5, 5, 5, 3]","['A10BH9PYCYUKDJ', 'A2B8HPIZDKYKDR', 'A20ALQT1HIVSAH', 'A2CK0OXMPOR9LE', 'A394S7JSNUA3TS', 'A27PBC5O3Z5ZED', 'A13NXSZ9D5NTHN', 'A1ZD9SJXQ9C6EW', 'self_report_15']"
15_DR-100_0078_3_sentence_7.wav,"[2, 4, 6, 2, 2, 1, 4, 8, 4]","[5, 7, 6, 7, 6, 5, 6, 4, 4]","['A1ZD9SJXQ9C6EW', 'A2VRDE2FHCBMF8', 'ARVXIBUCA8WDZ', 'A24D98LB6OALQY', 'A20ALQT1HIVSAH', 'A13NXSZ9D5NTHN', 'A27PBC5O3Z5ZED', 'A27SMEOPKV84VI', 'self_report_15']"
15_DR-100_0078_5_sentence_15.wav,"[5, 8, 1, 4, 3, 6, 5, 8, 2]","[4, 4, 4, 6, 4, 2, 2, 3, 3]","['A1HXEXQTZCJ1DW', 'A2TBXASXZIRNNW', 'A394S7JSNUA3TS', 'A27PBC5O3Z5ZED', 'A3GLUDQZGEJL5G', 'A1Y0Y6U906ABT5', 'A1B4KC5KP7FH1Z', 'A1VW8Y7XCV3DRW', 'self_report_15']"
16_DR-100_0079_9_sentence_6.wav,"[3, 2, 2, 6, 1, 3, 4, 4, 6]","[6, 4, 7, 5, 5, 7, 4, 3, 8]","['A27PBC5O3Z5ZED', 'A394S7JSNUA3TS', 'A1ZD9SJXQ9C6EW', 'A2TBXASXZIRNNW', 'A13NXSZ9D5NTHN', 'A3JZS32RQUWGJM', 'AHZPOM46IUJ2N', 'A2B8HPIZDKYKDR', 'self_report_16']"
16_DR-100_0079_5_sentence_9.wav,"[2, 4, 6, 2, 6, 3, 5, 1, 3]","[6, 7, 4, 6, 5, 5, 5, 5, 5]","['A20ALQT1HIVSAH', 'AHZPOM46IUJ2N', 'A2TBXASXZIRNNW', 'ANV8C2DATCAPB', 'ARVXIBUCA8WDZ', 'A2VRDE2FHCBMF8', 'A27SMEOPKV84VI', 'A273DS7TQWR9M1', 'self_report_16']"
18_DR-100_0081_9_sentence_6.wav,"[5, 5, 2, 1, 3, 3, 4, 4, 3]","[6, 7, 7, 6, 6, 7, 6, 6, 6]","['AW4AHMQ7EN4QI', 'A1B4KC5KP7FH1Z', 'A24D98LB6OALQY', 'A1ZD9SJXQ9C6EW', 'A27PBC5O3Z5ZED', 'A1VW8Y7XCV3DRW', 'A2541C8MY0BYV3', 'A18O3DEA5Z4MJD', 'self_report_18']"
15_DR-100_0078_1_sentence_10.wav,"[7, 7, 3, 5, 4, 5, 2, 6, 2]","[6, 6, 5, 7, 6, 6, 6, 6, 6]","['ARVXIBUCA8WDZ', 'A18O3DEA5Z4MJD', 'A1Y0Y6U906ABT5', 'AHZPOM46IUJ2N', 'A394S7JSNUA3TS', 'A24D98LB6OALQY', 'A20ALQT1HIVSAH', 'A1L98RD8AC1ST3', 'self_report_15']"
17_DR-100_0080_1_sentence_8.wav,"[4, 3, 8, 5, 4, 6, 8, 6, 5]","[6, 5, 5, 7, 5, 5, 5, 7, 6]","['A27PBC5O3Z5ZED', 'A2541C8MY0BYV3', 'A2TBXASXZIRNNW', 'A3G0T5Y7OSC76S', 'A27BYNQVXYIC7H', 'ARVXIBUCA8WDZ', 'A27SMEOPKV84VI', 'AA9V4NE8SOA4I', 'self_report_17']"
18_DR-100_0081_3_sentence_2.wav,"[4, 4, 2, 3, 4, 3, 3, 4, 7]","[3, 5, 4, 6, 4, 6, 4, 4, 6]","['A2B8HPIZDKYKDR', 'ARVXIBUCA8WDZ', 'A18O3DEA5Z4MJD', 'AHZPOM46IUJ2N', 'A2VRDE2FHCBMF8', 'A394S7JSNUA3TS', 'A27BYNQVXYIC7H', 'A1F1BIPJR11LSR', 'self_report_18']"
17_DR-100_0080_3_sentence_6.wav,"[4, 3, 3, 6, 5, 6, 4, 4, 8]","[8, 7, 6, 8, 6, 6, 7, 8, 6]","['A27BYNQVXYIC7H', 'A3GLUDQZGEJL5G', 'A27PBC5O3Z5ZED', 'A2B8HPIZDKYKDR', 'A2541C8MY0BYV3', 'ARVXIBUCA8WDZ', 'A2VRDE2FHCBMF8', 'AHZPOM46IUJ2N', 'self_report_17']"
12_DR-100_0076_3_sentence_6.wav,"[4, 4, 4, 5, 6, 3, 2, 6, 5, 6]","[6, 8, 8, 6, 5, 7, 6, 6, 4, 7]","['A2VRDE2FHCBMF8', 'A3G0T5Y7OSC76S', 'A2NJ7N8INZOB00', 'AW4AHMQ7EN4QI', 'ARVXIBUCA8WDZ', 'A20ALQT1HIVSAH', 'A3JZS32RQUWGJM', 'A27SMEOPKV84VI', 'A3UWM3KJYEL5XU', 'self_report_12']"
16_DR-100_0079_9_sentence_2.wav,"[6, 4, 2, 3, 1, 4, 2, 3, 6]","[5, 6, 5, 6, 8, 5, 4, 6, 8]","['ARVXIBUCA8WDZ', 'A2VRDE2FHCBMF8', 'ACJ6NSCIWMUZI', 'A24D98LB6OALQY', 'A273DS7TQWR9M1', 'A2CK0OXMPOR9LE', 'A2541C8MY0BYV3', 'A27PBC5O3Z5ZED', 'self_report_16']"
17_DR-100_0080_9_sentence_8.wav,"[6, 2, 2, 5, 4, 5, 3, 5, 4]","[8, 6, 5, 6, 7, 7, 6, 6, 5]","['A2B8HPIZDKYKDR', 'A20ALQT1HIVSAH', 'A3GLUDQZGEJL5G', 'ARVXIBUCA8WDZ', 'A1HXEXQTZCJ1DW', 'A1B4KC5KP7FH1Z', 'A1L98RD8AC1ST3', 'A1Y0Y6U906ABT5', 'self_report_17']"
12_DR-100_0076_9_sentence_6.wav,"[3, 1, 4, 3, 3, 2, 7, 2, 6]","[5, 6, 6, 6, 5, 5, 5, 5, 8]","['A27PBC5O3Z5ZED', 'A394S7JSNUA3TS', 'A10BH9PYCYUKDJ', 'A20ALQT1HIVSAH', 'A2541C8MY0BYV3', 'A2T007HZK66WM', 'A2TBXASXZIRNNW', 'A3GLUDQZGEJL5G', 'self_report_12']"
14_DR-100_0081_9_sentence_2.wav,"[9, 6, 3, 5, 6, 3, 7, 2, 6]","[3, 6, 5, 5, 3, 3, 6, 5, 4]","['A2TBXASXZIRNNW', 'ARVXIBUCA8WDZ', 'A2T007HZK66WM', 'A1B4KC5KP7FH1Z', 'A2B8HPIZDKYKDR', 'A3GLUDQZGEJL5G', 'A1F1BIPJR11LSR', 'A13NXSZ9D5NTHN', 'self_report_14']"
17_DR-100_0080_1_sentence_5.wav,"[7, 4, 4, 6, 3, 7, 6, 5, 5]","[6, 6, 6, 7, 6, 5, 6, 7, 6]","['ARVXIBUCA8WDZ', 'A27PBC5O3Z5ZED', 'ACJ6NSCIWMUZI', 'A1F1BIPJR11LSR', 'A3GLUDQZGEJL5G', 'A2TBXASXZIRNNW', 'A2871R3LEPWMMK', 'A1Y0Y6U906ABT5', 'self_report_17']"
17_DR-100_0080_7_sentence_5.wav,"[6, 2, 2, 3, 3, 2, 4, 3, 5]","[6, 6, 3, 4, 4, 6, 5, 6, 5]","['ARVXIBUCA8WDZ', 'A3GLUDQZGEJL5G', 'A13NXSZ9D5NTHN', 'A2VRDE2FHCBMF8', 'AHZPOM46IUJ2N', 'A2T007HZK66WM', 'A18O3DEA5Z4MJD', 'A27PBC5O3Z5ZED', 'self_report_17']"
16_DR-100_0079_7_sentence_7.wav,"[5, 7, 7, 7, 5, 2, 7, 7, 6, 4]","[1, 4, 6, 4, 7, 6, 6, 5, 3, 7]","['A2NJ7N8INZOB00', 'A2B8HPIZDKYKDR', 'ARVXIBUCA8WDZ', 'A2TBXASXZIRNNW', 'ASTDBTVY3WP1K', 'A3GLUDQZGEJL5G', 'A2541C8MY0BYV3', 'A27SMEOPKV84VI', 'A3UWM3KJYEL5XU', 'self_report_16']"
14_DR-100_0081_3_sentence_6.wav,"[5, 3, 3, 5, 6, 4, 5, 3, 4]","[6, 6, 4, 6, 6, 6, 4, 4, 6]","['A10BH9PYCYUKDJ', 'A27PBC5O3Z5ZED', 'A2CFE6AZS73RNS', 'A2B8HPIZDKYKDR', 'ARVXIBUCA8WDZ', 'A2T007HZK66WM', 'A1Y0Y6U906ABT5', 'A2NJ7N8INZOB00', 'self_report_14']"
11_DR-100_0075_5_sentence_4.wav,"[3, 3, 6, 5, 3, 7, 5, 3, 7]","[5, 3, 5, 3, 5, 5, 2, 2, 3]","['A2VRDE2FHCBMF8', 'A18O3DEA5Z4MJD', 'A1L98RD8AC1ST3', 'AHZPOM46IUJ2N', 'A2CK0OXMPOR9LE', 'A27SMEOPKV84VI', 'A27BYNQVXYIC7H', 'A2CFE6AZS73RNS', 'self_report_11']"
15_DR-100_0078_1_sentence_6.wav,"[8, 1, 2, 4, 3, 3, 4, 9, 2]","[5, 5, 3, 6, 5, 5, 5, 8, 6]","['A2TBXASXZIRNNW', 'A13NXSZ9D5NTHN', 'A2NJ7N8INZOB00', 'A27PBC5O3Z5ZED', 'A27BYNQVXYIC7H', 'A24D98LB6OALQY', 'A1HXEXQTZCJ1DW', 'A1VW8Y7XCV3DRW', 'self_report_15']"
16_DR-100_0079_7_sentence_11.wav,"[3, 3, 2, 3, 7, 2, 5, 2, 4]","[5, 4, 2, 6, 5, 6, 8, 7, 7]","['A1ZD9SJXQ9C6EW', 'A20ALQT1HIVSAH', 'A2NJ7N8INZOB00', 'A1HXEXQTZCJ1DW', 'A2TBXASXZIRNNW', 'A394S7JSNUA3TS', 'A1F1BIPJR11LSR', 'A13NXSZ9D5NTHN', 'self_report_16']"
16_DR-100_0079_1_sentence_2.wav,"[1, 6, 3, 1, 3, 3, 3, 5, 5]","[5, 4, 5, 5, 5, 5, 5, 4, 7]","['A1ZD9SJXQ9C6EW', 'A2TBXASXZIRNNW', 'A2541C8MY0BYV3', 'A13NXSZ9D5NTHN', 'A1Y0Y6U906ABT5', 'A2CK0OXMPOR9LE', 'A1HXEXQTZCJ1DW', 'A2B8HPIZDKYKDR', 'self_report_16']"
12_DR-100_0076_1_sentence_7.wav,"[7, 3, 3, 4, 6, 4, 6, 4, 2, 4]","[2, 3, 2, 4, 3, 5, 4, 3, 3, 4]","['A2TBXASXZIRNNW', 'A2B8HPIZDKYKDR', 'A2NJ7N8INZOB00', 'A2541C8MY0BYV3', 'A2871R3LEPWMMK', 'A2CK0OXMPOR9LE', 'A27SMEOPKV84VI', 'AA9V4NE8SOA4I', 'AHZPOM46IUJ2N', 'self_report_12']"
11_DR-100_0075_1_sentence_10.wav,"[3, 4, 1, 1, 3, 5, 1, 6, 6]","[5, 6, 6, 6, 5, 7, 5, 4, 7]","['A1Y0Y6U906ABT5', 'A2B8HPIZDKYKDR', 'A24D98LB6OALQY', 'A2T007HZK66WM', 'A1L98RD8AC1ST3', 'A1B4KC5KP7FH1Z', 'A3GLUDQZGEJL5G', 'A2TBXASXZIRNNW', 'self_report_11']"
11_DR-100_0075_9_sentence_7.wav,"[1, 3, 5, 3, 5, 4, 7, 6, 6]","[5, 4, 4, 1, 4, 5, 2, 4, 5]","['A13NXSZ9D5NTHN', 'A2VRDE2FHCBMF8', 'A2541C8MY0BYV3', 'A273DS7TQWR9M1', 'ARVXIBUCA8WDZ', 'A1L98RD8AC1ST3', 'A1VW8Y7XCV3DRW', 'A27SMEOPKV84VI', 'self_report_11']"
15_DR-100_0078_5_sentence_3.wav,"[4, 6, 2, 6, 2, 4, 5, 5, 2]","[7, 6, 5, 8, 8, 8, 6, 7, 3]","['A2CFE6AZS73RNS', 'A27SMEOPKV84VI', 'A3GLUDQZGEJL5G', 'A1VW8Y7XCV3DRW', 'A273DS7TQWR9M1', 'A1HXEXQTZCJ1DW', 'A1Y0Y6U906ABT5', 'A10BH9PYCYUKDJ', 'self_report_15']"
12_DR-100_0076_1_sentence_4.wav,"[5, 5, 4, 4, 5, 2, 6, 3, 4]","[6, 7, 6, 7, 7, 6, 5, 7, 4]","['ARVXIBUCA8WDZ', 'AHZPOM46IUJ2N', 'A3G0T5Y7OSC76S', 'A24D98LB6OALQY', 'A1B4KC5KP7FH1Z', 'A1VW8Y7XCV3DRW', 'A27SMEOPKV84VI', 'A27BYNQVXYIC7H', 'self_report_12']"
18_DR-100_0081_3_sentence_5.wav,"[3, 2, 3, 3, 3, 3, 5, 3, 7]","[6, 6, 3, 4, 7, 6, 6, 6, 6]","['A27PBC5O3Z5ZED', 'A3GLUDQZGEJL5G', 'A2NJ7N8INZOB00', 'A1Y0Y6U906ABT5', 'AHZPOM46IUJ2N', 'A10BH9PYCYUKDJ', 'ARVXIBUCA8WDZ', 'A20ALQT1HIVSAH', 'self_report_18']"
15_DR-100_0078_3_sentence_5.wav,"[4, 6, 1, 5, 4, 5, 2, 3, 4]","[4, 8, 5, 4, 4, 3, 4, 5, 4]","['A1Y0Y6U906ABT5', 'A3G0T5Y7OSC76S', 'A13NXSZ9D5NTHN', 'A1L98RD8AC1ST3', 'ACJ6NSCIWMUZI', 'A27BYNQVXYIC7H', 'A3GLUDQZGEJL5G', 'A27PBC5O3Z5ZED', 'self_report_15']"
14_DR-100_0081_5_sentence_12.wav,"[4, 2, 4, 4, 5, 5, 2, 5, 5]","[6, 7, 7, 7, 6, 3, 5, 8, 5]","['A1Y0Y6U906ABT5', 'A24D98LB6OALQY', 'A27BYNQVXYIC7H', 'A394S7JSNUA3TS', 'A1L98RD8AC1ST3', 'ASTDBTVY3WP1K', 'A3GLUDQZGEJL5G', 'AHZPOM46IUJ2N', 'self_report_14']"
17_DR-100_0080_1_sentence_7.wav,"[4, 4, 4, 2, 4, 8, 5, 7, 5]","[7, 5, 6, 5, 5, 5, 6, 7, 6]","['A10BH9PYCYUKDJ', 'A394S7JSNUA3TS', 'A2CFE6AZS73RNS', 'ANV8C2DATCAPB', 'A24D98LB6OALQY', 'A2TBXASXZIRNNW', 'A27PBC5O3Z5ZED', 'AHZPOM46IUJ2N', 'self_report_17']"
11_DR-100_0075_1_sentence_9.wav,"[3, 4, 4, 3, 4, 4, 4, 2, 6]","[6, 4, 7, 7, 9, 6, 6, 6, 7]","['A27PBC5O3Z5ZED', 'ARVXIBUCA8WDZ', 'AHZPOM46IUJ2N', 'A27BYNQVXYIC7H', 'A32IRN8APZMCQ2', 'A10BH9PYCYUKDJ', 'A1Y0Y6U906ABT5', 'A20ALQT1HIVSAH', 'self_report_11']"
11_DR-100_0075_3_sentence_2.wav,"[2, 5, 3, 7, 4, 3, 4, 5, 7]","[4, 5, 7, 3, 3, 7, 4, 4, 5]","['A394S7JSNUA3TS', 'ARVXIBUCA8WDZ', 'A2T007HZK66WM', 'A2TBXASXZIRNNW', 'A1F1BIPJR11LSR', 'A24D98LB6OALQY', 'A1Y0Y6U906ABT5', 'A1B4KC5KP7FH1Z', 'self_report_11']"
12_DR-100_0076_9_sentence_10.wav,"[3, 5, 7, 7, 4, 6, 7, 5, 6]","[5, 8, 3, 3, 6, 5, 8, 6, 8]","['A2VRDE2FHCBMF8', 'A3G0T5Y7OSC76S', 'A2TBXASXZIRNNW', 'A2B8HPIZDKYKDR', 'A27PBC5O3Z5ZED', 'A27SMEOPKV84VI', 'A10BH9PYCYUKDJ', 'A1Y0Y6U906ABT5', 'self_report_12']"
17_DR-100_0080_9_sentence_9.wav,"[4, 6, 3, 3, 4, 4, 4, 1, 4]","[5, 5, 5, 5, 7, 5, 5, 5, 5]","['A3GLUDQZGEJL5G', 'ARVXIBUCA8WDZ', 'A18O3DEA5Z4MJD', 'A27PBC5O3Z5ZED', 'A1HXEXQTZCJ1DW', 'A2541C8MY0BYV3', 'A1F1BIPJR11LSR', 'A13NXSZ9D5NTHN', 'self_report_17']"
12_DR-100_0076_9_sentence_12.wav,"[2, 7, 5, 3, 3, 4, 5, 3, 6]","[6, 6, 6, 6, 6, 7, 6, 6, 8]","['A1Y0Y6U906ABT5', 'A2TBXASXZIRNNW', 'A1B4KC5KP7FH1Z', 'ASTDBTVY3WP1K', 'ANV8C2DATCAPB', 'AHZPOM46IUJ2N', 'A1F1BIPJR11LSR', 'A27PBC5O3Z5ZED', 'self_report_12']"
11_DR-100_0075_7_sentence_1.wav,"[3, 5, 4, 5, 5, 7, 5, 5, 3, 6]","[6, 7, 6, 8, 6, 3, 5, 7, 9, 6]","['A3GLUDQZGEJL5G', 'A18O3DEA5Z4MJD', 'A27PBC5O3Z5ZED', 'A27BYNQVXYIC7H', 'ARVXIBUCA8WDZ', 'A2TBXASXZIRNNW', 'A27SMEOPKV84VI', 'AA9V4NE8SOA4I', 'A32IRN8APZMCQ2', 'self_report_11']"
14_DR-100_0081_9_sentence_5.wav,"[8, 4, 3, 5, 3, 3, 3, 4, 6]","[3, 6, 6, 5, 6, 6, 6, 6, 4]","['A2TBXASXZIRNNW', 'A1HXEXQTZCJ1DW', 'A2NJ7N8INZOB00', 'ARVXIBUCA8WDZ', 'A394S7JSNUA3TS', 'A13NXSZ9D5NTHN', 'A20ALQT1HIVSAH', 'A2VRDE2FHCBMF8', 'self_report_14']"
13_DR-100_0080_9_sentence_2.wav,"[5, 3, 3, 5, 4, 3, 7, 6, 4]","[7, 6, 5, 7, 7, 5, 5, 7, 5]","['A27BYNQVXYIC7H', 'A27PBC5O3Z5ZED', 'A13NXSZ9D5NTHN', 'A1B4KC5KP7FH1Z', 'A1HXEXQTZCJ1DW', 'A2CK0OXMPOR9LE', 'A1F1BIPJR11LSR', 'AHZPOM46IUJ2N', 'self_report_13']"
12_DR-100_0076_7_sentence_5.wav,"[8, 5, 4, 3, 6, 4, 6, 3, 7]","[1, 4, 4, 4, 7, 6, 4, 6, 6]","['A2TBXASXZIRNNW', 'A1Y0Y6U906ABT5', 'A1L98RD8AC1ST3', 'A3GLUDQZGEJL5G', 'A1F1BIPJR11LSR', 'A13NXSZ9D5NTHN', 'A27SMEOPKV84VI', 'A27PBC5O3Z5ZED', 'self_report_12']"
12_DR-100_0076_7_sentence_10.wav,"[5, 5, 6, 7, 7, 7, 7, 6, 7]","[4, 4, 4, 3, 5, 7, 4, 3, 6]","['A1HXEXQTZCJ1DW', 'A1Y0Y6U906ABT5', 'A2VRDE2FHCBMF8', 'A2TBXASXZIRNNW', 'A27SMEOPKV84VI', 'ARVXIBUCA8WDZ', 'AHZPOM46IUJ2N', 'A1B4KC5KP7FH1Z', 'self_report_12']"
15_DR-100_0078_1_sentence_7.wav,"[6, 4, 5, 3, 5, 2, 9, 1, 2]","[6, 8, 7, 5, 6, 4, 4, 7, 6]","['AW4AHMQ7EN4QI', 'A3G0T5Y7OSC76S', 'AHZPOM46IUJ2N', 'A1L98RD8AC1ST3', 'A27PBC5O3Z5ZED', 'A3GLUDQZGEJL5G', 'A2TBXASXZIRNNW', 'A273DS7TQWR9M1', 'self_report_15']"
15_DR-100_0078_9_sentence_2.wav,"[3, 5, 2, 3, 3, 5, 1, 3, 4]","[5, 6, 5, 6, 6, 7, 6, 6, 7]","['A2541C8MY0BYV3', 'AW4AHMQ7EN4QI', 'A3GLUDQZGEJL5G', 'A20ALQT1HIVSAH', 'A24D98LB6OALQY', 'A3G0T5Y7OSC76S', 'A394S7JSNUA3TS', 'A1Y0Y6U906ABT5', 'self_report_15']"
12_DR-100_0076_7_sentence_7.wav,"[6, 4, 4, 1, 5, 2, 4, 5, 7]","[6, 5, 5, 5, 5, 5, 5, 5, 6]","['ARVXIBUCA8WDZ', 'A2VRDE2FHCBMF8', 'A27BYNQVXYIC7H', 'A13NXSZ9D5NTHN', 'A27SMEOPKV84VI', 'A3GLUDQZGEJL5G', 'A32IRN8APZMCQ2', 'AHZPOM46IUJ2N', 'self_report_12']"
12_DR-100_0076_9_sentence_7.wav,"[5, 5, 3, 5, 6, 6, 5, 6, 4, 6]","[6, 8, 7, 7, 7, 6, 7, 8, 6, 8]","['A27PBC5O3Z5ZED', 'A3G0T5Y7OSC76S', 'A1HXEXQTZCJ1DW', 'A27BYNQVXYIC7H', 'ARVXIBUCA8WDZ', 'A2541C8MY0BYV3', 'A1B4KC5KP7FH1Z', 'A1VW8Y7XCV3DRW', 'A1Y0Y6U906ABT5', 'self_report_12']"
13_DR-100_0080_9_sentence_3.wav,"[4, 1, 1, 1, 1, 3, 5, 5, 4]","[5, 6, 5, 5, 5, 3, 3, 3, 5]","['ACJ6NSCIWMUZI', 'A13NXSZ9D5NTHN', 'A24D98LB6OALQY', 'A394S7JSNUA3TS', 'A3GLUDQZGEJL5G', 'A32IRN8APZMCQ2', 'AA9V4NE8SOA4I', 'A1B4KC5KP7FH1Z', 'self_report_13']"
15_DR-100_0078_7_sentence_1.wav,"[6, 4, 7, 4, 3, 4, 3, 5, 3]","[7, 7, 6, 6, 6, 7, 6, 9, 7]","['A2B8HPIZDKYKDR', 'A1HXEXQTZCJ1DW', 'A2TBXASXZIRNNW', 'A27PBC5O3Z5ZED', 'ASTDBTVY3WP1K', 'A10BH9PYCYUKDJ', 'A20ALQT1HIVSAH', 'A2NJ7N8INZOB00', 'self_report_15']"
13_DR-100_0080_5_sentence_7.wav,"[6, 3, 4, 5, 3, 4, 2, 6, 4]","[4, 5, 8, 4, 7, 5, 5, 5, 6]","['A2B8HPIZDKYKDR', 'A2VRDE2FHCBMF8', 'A2871R3LEPWMMK', 'A1L98RD8AC1ST3', 'A2T007HZK66WM', 'A2541C8MY0BYV3', 'A20ALQT1HIVSAH', 'A27SMEOPKV84VI', 'self_report_13']"
14_DR-100_0081_5_sentence_14.wav,"[3, 6, 4, 7, 6, 9, 7, 3, 4, 5]","[7, 6, 9, 8, 7, 9, 9, 7, 9, 5]","['ANV8C2DATCAPB', 'ARVXIBUCA8WDZ', 'A2NJ7N8INZOB00', 'AHZPOM46IUJ2N', 'A1L98RD8AC1ST3', 'A1VW8Y7XCV3DRW', 'A1Y0Y6U906ABT5', 'A20ALQT1HIVSAH', 'A32IRN8APZMCQ2', 'self_report_14']"
13_DR-100_0080_3_sentence_11.wav,"[5, 7, 2, 2, 4, 4, 1, 2, 5]","[5, 4, 5, 3, 4, 3, 2, 4, 5]","['A1B4KC5KP7FH1Z', 'A2TBXASXZIRNNW', 'A2CFE6AZS73RNS', 'A1HXEXQTZCJ1DW', 'A27BYNQVXYIC7H', 'ARVXIBUCA8WDZ', 'A273DS7TQWR9M1', 'A1Y0Y6U906ABT5', 'self_report_13']"
16_DR-100_0079_3_sentence_9.wav,"[5, 2, 5, 4, 1, 5, 2, 3, 6]","[7, 6, 5, 5, 5, 7, 4, 5, 6]","['A1L98RD8AC1ST3', 'A2T007HZK66WM', 'ARVXIBUCA8WDZ', 'A27SMEOPKV84VI', 'A13NXSZ9D5NTHN', 'A27BYNQVXYIC7H', 'A10BH9PYCYUKDJ', 'A1F1BIPJR11LSR', 'self_report_16']"
18_DR-100_0081_7_sentence_2.wav,"[2, 4, 2, 6, 3, 2, 5, 2, 6]","[4, 4, 4, 3, 6, 6, 5, 5, 4]","['A1HXEXQTZCJ1DW', 'A2VRDE2FHCBMF8', 'A3GLUDQZGEJL5G', 'A1Y0Y6U906ABT5', 'ASTDBTVY3WP1K', 'A13NXSZ9D5NTHN', 'ARVXIBUCA8WDZ', 'A1L98RD8AC1ST3', 'self_report_18']"
15_DR-100_0078_1_sentence_11.wav,"[3, 5, 3, 7, 6, 5, 3, 7, 2]","[9, 7, 5, 7, 5, 7, 5, 7, 6]","['A1L98RD8AC1ST3', 'A27PBC5O3Z5ZED', 'A20ALQT1HIVSAH', 'A18O3DEA5Z4MJD', 'A27SMEOPKV84VI', 'A394S7JSNUA3TS', 'A2CK0OXMPOR9LE', 'AA9V4NE8SOA4I', 'self_report_15']"
14_DR-100_0081_9_sentence_14.wav,"[3, 5, 5, 2, 6, 7, 2, 4, 6]","[6, 6, 7, 7, 6, 4, 6, 6, 4]","['A27PBC5O3Z5ZED', 'ACJ6NSCIWMUZI', 'AHZPOM46IUJ2N', 'A2CFE6AZS73RNS', 'ARVXIBUCA8WDZ', 'A2TBXASXZIRNNW', 'A3GLUDQZGEJL5G', 'A1F1BIPJR11LSR', 'self_report_14']"
14_DR-100_0081_3_sentence_8.wav,"[3, 5, 3, 3, 7, 3, 5, 6, 4]","[4, 5, 2, 6, 3, 6, 4, 4, 6]","['A1HXEXQTZCJ1DW', 'ARVXIBUCA8WDZ', 'A2NJ7N8INZOB00', 'A13NXSZ9D5NTHN', 'A2B8HPIZDKYKDR', 'A27PBC5O3Z5ZED', 'A1B4KC5KP7FH1Z', 'A27SMEOPKV84VI', 'self_report_14']"
17_DR-100_0080_9_sentence_2.wav,"[7, 5, 3, 5, 2, 5, 6, 6, 4]","[5, 6, 6, 8, 5, 6, 5, 6, 5]","['A2TBXASXZIRNNW', 'A27BYNQVXYIC7H', 'A24D98LB6OALQY', 'A2871R3LEPWMMK', 'A3GLUDQZGEJL5G', 'A1VW8Y7XCV3DRW', 'A273DS7TQWR9M1', 'A1F1BIPJR11LSR', 'self_report_17']"
13_DR-100_0080_7_sentence_1.wav,"[2, 2, 3, 3, 2, 3, 5, 3, 3]","[6, 6, 6, 5, 5, 6, 4, 6, 6]","['AHZPOM46IUJ2N', 'ASTDBTVY3WP1K', 'A3G0T5Y7OSC76S', 'A2CK0OXMPOR9LE', 'A10BH9PYCYUKDJ', 'A2VRDE2FHCBMF8', 'ARVXIBUCA8WDZ', 'A1Y0Y6U906ABT5', 'self_report_13']"
14_DR-100_0081_3_sentence_1.wav,"[3, 3, 2, 1, 4, 3, 7, 1, 4]","[4, 5, 5, 5, 5, 6, 5, 5, 6]","['A2VRDE2FHCBMF8', 'A2B8HPIZDKYKDR', 'A1Y0Y6U906ABT5', 'A394S7JSNUA3TS', 'A2CK0OXMPOR9LE', 'A27PBC5O3Z5ZED', 'A27SMEOPKV84VI', 'A20ALQT1HIVSAH', 'self_report_14']"
17_DR-100_0080_5_sentence_8.wav,"[7, 4, 6, 1, 4, 3, 4, 6, 7]","[4, 5, 7, 6, 7, 7, 6, 4, 8]","['A2TBXASXZIRNNW', 'A2541C8MY0BYV3', 'A27SMEOPKV84VI', 'A13NXSZ9D5NTHN', 'A1HXEXQTZCJ1DW', 'A2T007HZK66WM', 'ACJ6NSCIWMUZI', 'AA9V4NE8SOA4I', 'self_report_17']"
15_DR-100_0078_5_sentence_1.wav,"[4, 4, 3, 4, 5, 5, 1, 2, 2]","[4, 5, 4, 4, 5, 6, 6, 3, 3]","['A1ZD9SJXQ9C6EW', 'A1HXEXQTZCJ1DW', 'A1Y0Y6U906ABT5', 'A2VRDE2FHCBMF8', 'ARVXIBUCA8WDZ', 'A2CFE6AZS73RNS', 'A13NXSZ9D5NTHN', 'A273DS7TQWR9M1', 'self_report_15']"
13_DR-100_0080_3_sentence_4.wav,"[3, 5, 3, 5, 2, 3, 1, 4, 5]","[5, 5, 5, 4, 4, 4, 7, 4, 5]","['A2541C8MY0BYV3', 'A1B4KC5KP7FH1Z', 'A2CFE6AZS73RNS', 'A2TBXASXZIRNNW', 'ANV8C2DATCAPB', 'A1HXEXQTZCJ1DW', 'A13NXSZ9D5NTHN', 'A27BYNQVXYIC7H', 'self_report_13']"
12_DR-100_0076_3_sentence_1.wav,"[2, 4, 2, 2, 3, 5, 4, 7, 6]","[6, 8, 4, 7, 9, 7, 9, 9, 7]","['A13NXSZ9D5NTHN', 'A3G0T5Y7OSC76S', 'ANV8C2DATCAPB', 'A394S7JSNUA3TS', 'A273DS7TQWR9M1', 'A1F1BIPJR11LSR', 'A32IRN8APZMCQ2', 'A2NJ7N8INZOB00', 'self_report_12']"
12_DR-100_0076_1_sentence_2.wav,"[3, 5, 4, 6, 3, 6, 4, 5, 4]","[5, 2, 4, 4, 3, 4, 4, 4, 4]","['A2VRDE2FHCBMF8', 'A1VW8Y7XCV3DRW', 'A1L98RD8AC1ST3', 'A2TBXASXZIRNNW', 'A2B8HPIZDKYKDR', 'A2871R3LEPWMMK', 'A27SMEOPKV84VI', 'A1F1BIPJR11LSR', 'self_report_12']"
16_DR-100_0079_7_sentence_9.wav,"[2, 4, 4, 5, 7, 7, 3, 7, 4]","[6, 6, 7, 4, 5, 5, 5, 4, 7]","['A18O3DEA5Z4MJD', 'A27PBC5O3Z5ZED', 'A3GLUDQZGEJL5G', 'ASTDBTVY3WP1K', 'A27SMEOPKV84VI', 'AHZPOM46IUJ2N', 'A2CK0OXMPOR9LE', 'A2TBXASXZIRNNW', 'self_report_16']"
11_DR-100_0075_1_sentence_2.wav,"[4, 4, 5, 3, 3, 3, 4, 3, 6]","[3, 4, 5, 5, 5, 5, 4, 4, 7]","['A27BYNQVXYIC7H', 'A1B4KC5KP7FH1Z', 'A1F1BIPJR11LSR', 'A27PBC5O3Z5ZED', 'A1L98RD8AC1ST3', 'A2VRDE2FHCBMF8', 'A2T007HZK66WM', 'A13NXSZ9D5NTHN', 'self_report_11']"
17_DR-100_0080_5_sentence_13.wav,"[2, 4, 5, 4, 6, 6, 6, 2, 5, 7]","[5, 6, 6, 7, 7, 4, 7, 7, 8, 8]","['ACJ6NSCIWMUZI', 'A2VRDE2FHCBMF8', 'A2541C8MY0BYV3', 'A1HXEXQTZCJ1DW', 'A2B8HPIZDKYKDR', 'A2TBXASXZIRNNW', 'ARVXIBUCA8WDZ', 'A13NXSZ9D5NTHN', 'A1B4KC5KP7FH1Z', 'self_report_17']"
12_DR-100_0076_7_sentence_9.wav,"[7, 7, 4, 4, 3, 3, 4, 3, 7]","[7, 5, 6, 7, 7, 5, 8, 7, 6]","['ARVXIBUCA8WDZ', 'A2TBXASXZIRNNW', 'ACJ6NSCIWMUZI', 'A3G0T5Y7OSC76S', 'A394S7JSNUA3TS', 'A2CK0OXMPOR9LE', 'A273DS7TQWR9M1', 'A20ALQT1HIVSAH', 'self_report_12']"
16_DR-100_0079_7_sentence_4.wav,"[2, 5, 5, 6, 2, 6, 7, 5, 4]","[5, 6, 6, 6, 4, 7, 4, 2, 7]","['A1ZD9SJXQ9C6EW', 'AHZPOM46IUJ2N', 'A10BH9PYCYUKDJ', 'ARVXIBUCA8WDZ', 'A394S7JSNUA3TS', 'A1F1BIPJR11LSR', 'A2TBXASXZIRNNW', 'A1VW8Y7XCV3DRW', 'self_report_16']"
17_DR-100_0080_9_sentence_4.wav,"[5, 3, 7, 3, 1, 4, 3, 4, 4]","[6, 6, 3, 6, 6, 6, 7, 7, 5]","['AW4AHMQ7EN4QI', 'A27PBC5O3Z5ZED', 'A2TBXASXZIRNNW', 'A20ALQT1HIVSAH', 'A394S7JSNUA3TS', 'A2VRDE2FHCBMF8', 'A10BH9PYCYUKDJ', 'AHZPOM46IUJ2N', 'self_report_17']"
14_DR-100_0081_5_sentence_10.wav,"[7, 7, 6, 2, 2, 5, 4, 4, 5]","[5, 3, 3, 5, 5, 5, 7, 5, 5]","['A27SMEOPKV84VI', 'A2TBXASXZIRNNW', 'A2B8HPIZDKYKDR', 'A3GLUDQZGEJL5G', 'ANV8C2DATCAPB', 'A1L98RD8AC1ST3', 'A32IRN8APZMCQ2', 'A27PBC5O3Z5ZED', 'self_report_14']"
12_DR-100_0076_7_sentence_11.wav,"[5, 6, 7, 4, 6, 6, 4, 6, 7]","[6, 3, 6, 4, 3, 4, 6, 3, 6]","['A2541C8MY0BYV3', 'A27BYNQVXYIC7H', 'ARVXIBUCA8WDZ', 'A394S7JSNUA3TS', 'A2TBXASXZIRNNW', 'A1Y0Y6U906ABT5', 'A27PBC5O3Z5ZED', 'AA9V4NE8SOA4I', 'self_report_12']"
18_DR-100_0081_1_sentence_6.wav,"[3, 1, 1, 2, 3, 5, 2, 1, 5]","[5, 5, 5, 5, 5, 5, 5, 4, 4]","['A2VRDE2FHCBMF8', 'A2CFE6AZS73RNS', 'A2NJ7N8INZOB00', 'A2CK0OXMPOR9LE', 'A10BH9PYCYUKDJ', 'A27SMEOPKV84VI', 'A27PBC5O3Z5ZED', 'A273DS7TQWR9M1', 'self_report_18']"
14_DR-100_0081_5_sentence_11.wav,"[2, 2, 6, 6, 4, 5, 4, 2, 5]","[6, 6, 6, 5, 6, 7, 6, 7, 5]","['A20ALQT1HIVSAH', 'A24D98LB6OALQY', 'A2TBXASXZIRNNW', 'A27SMEOPKV84VI', 'ACJ6NSCIWMUZI', 'A1B4KC5KP7FH1Z', 'A27PBC5O3Z5ZED', 'A394S7JSNUA3TS', 'self_report_14']"
13_DR-100_0080_3_sentence_12.wav,"[3, 6, 3, 5, 7, 4, 5, 6, 5]","[4, 6, 6, 5, 5, 4, 6, 6, 5]","['A3GLUDQZGEJL5G', 'A2B8HPIZDKYKDR', 'A27PBC5O3Z5ZED', 'A1B4KC5KP7FH1Z', 'A2TBXASXZIRNNW', 'A10BH9PYCYUKDJ', 'A27BYNQVXYIC7H', 'A18O3DEA5Z4MJD', 'self_report_13']"
15_DR-100_0078_9_sentence_7.wav,"[3, 7, 4, 2, 3, 2, 4, 6, 3, 4]","[1, 7, 6, 4, 6, 4, 6, 7, 8, 7]","['A2NJ7N8INZOB00', 'A2B8HPIZDKYKDR', 'A2541C8MY0BYV3', 'A394S7JSNUA3TS', 'ANV8C2DATCAPB', 'A13NXSZ9D5NTHN', 'A27PBC5O3Z5ZED', 'A10BH9PYCYUKDJ', 'A32IRN8APZMCQ2', 'self_report_15']"
12_DR-100_0076_1_sentence_9.wav,"[3, 4, 5, 6, 2, 2, 3, 4, 4]","[3, 4, 6, 4, 5, 4, 3, 4, 4]","['A10BH9PYCYUKDJ', 'A2B8HPIZDKYKDR', 'A2541C8MY0BYV3', 'A2TBXASXZIRNNW', 'A3GLUDQZGEJL5G', 'ACJ6NSCIWMUZI', 'ANV8C2DATCAPB', 'A1Y0Y6U906ABT5', 'self_report_12']"
14_DR-100_0081_1_sentence_4.wav,"[3, 2, 6, 6, 4, 7, 6, 7, 6]","[4, 6, 7, 5, 6, 4, 5, 4, 5]","['ANV8C2DATCAPB', 'A2NJ7N8INZOB00', 'ARVXIBUCA8WDZ', 'A27SMEOPKV84VI', 'A27PBC5O3Z5ZED', 'A2TBXASXZIRNNW', 'A2CK0OXMPOR9LE', 'AHZPOM46IUJ2N', 'self_report_14']"
14_DR-100_0081_7_sentence_5.wav,"[3, 3, 3, 3, 3, 3, 5, 2, 4]","[6, 6, 8, 6, 5, 5, 6, 5, 6]","['A394S7JSNUA3TS', 'A1ZD9SJXQ9C6EW', 'A3G0T5Y7OSC76S', 'A20ALQT1HIVSAH', 'A2VRDE2FHCBMF8', 'A2CFE6AZS73RNS', 'A1B4KC5KP7FH1Z', 'A3GLUDQZGEJL5G', 'self_report_14']"
18_DR-100_0081_5_sentence_5.wav,"[4, 4, 2, 3, 2, 3, 2, 3, 3, 4]","[4, 5, 3, 3, 5, 4, 4, 5, 4, 6]","['ARVXIBUCA8WDZ', 'A2541C8MY0BYV3', 'A18O3DEA5Z4MJD', 'A27BYNQVXYIC7H', 'A24D98LB6OALQY', 'A394S7JSNUA3TS', 'A2T007HZK66WM', 'A27PBC5O3Z5ZED', 'A1Y0Y6U906ABT5', 'self_report_18']"
18_DR-100_0081_7_sentence_4.wav,"[4, 6, 1, 3, 3, 2, 2, 1, 6]","[5, 4, 5, 5, 5, 5, 6, 5, 4]","['A1B4KC5KP7FH1Z', 'A2TBXASXZIRNNW', 'ACJ6NSCIWMUZI', 'A2VRDE2FHCBMF8', 'A18O3DEA5Z4MJD', 'A1L98RD8AC1ST3', 'A20ALQT1HIVSAH', 'A273DS7TQWR9M1', 'self_report_18']"
17_DR-100_0080_1_sentence_3.wav,"[6, 7, 4, 6, 3, 2, 5, 7, 5]","[3, 4, 4, 6, 4, 4, 6, 4, 6]","['A27BYNQVXYIC7H', 'A2TBXASXZIRNNW', 'ACJ6NSCIWMUZI', 'ARVXIBUCA8WDZ', 'A2T007HZK66WM', 'A3GLUDQZGEJL5G', 'A1L98RD8AC1ST3', 'A1VW8Y7XCV3DRW', 'self_report_17']"
14_DR-100_0081_9_sentence_8.wav,"[4, 7, 4, 7, 1, 2, 5, 3, 6]","[6, 4, 6, 7, 6, 6, 8, 6, 4]","['A27PBC5O3Z5ZED', 'A2TBXASXZIRNNW', 'A10BH9PYCYUKDJ', 'ARVXIBUCA8WDZ', 'A2CFE6AZS73RNS', 'A13NXSZ9D5NTHN', 'A1B4KC5KP7FH1Z', 'A20ALQT1HIVSAH', 'self_report_14']"
14_DR-100_0081_1_sentence_11.wav,"[3, 5, 6, 5, 2, 3, 2, 4, 6]","[5, 5, 5, 6, 6, 5, 5, 1, 5]","['A2CFE6AZS73RNS', 'ARVXIBUCA8WDZ', 'A27BYNQVXYIC7H', 'AHZPOM46IUJ2N', 'ANV8C2DATCAPB', 'A2541C8MY0BYV3', 'A13NXSZ9D5NTHN', 'A32IRN8APZMCQ2', 'self_report_14']"
11_DR-100_0075_5_sentence_8.wav,"[6, 8, 7, 6, 5, 7, 4, 6, 7]","[3, 2, 1, 3, 3, 2, 5, 3, 3]","['A2541C8MY0BYV3', 'A1VW8Y7XCV3DRW', 'A1Y0Y6U906ABT5', 'A27SMEOPKV84VI', 'AHZPOM46IUJ2N', 'A2B8HPIZDKYKDR', 'ASTDBTVY3WP1K', 'A2TBXASXZIRNNW', 'self_report_11']"
15_DR-100_0078_1_sentence_1.wav,"[1, 2, 3, 4, 7, 4, 2, 5, 4, 2]","[5, 6, 5, 8, 8, 5, 6, 7, 7, 6]","['A3GLUDQZGEJL5G', 'A24D98LB6OALQY', 'A2541C8MY0BYV3', 'A2NJ7N8INZOB00', 'A1VW8Y7XCV3DRW', 'ACJ6NSCIWMUZI', 'A2T007HZK66WM', 'A1B4KC5KP7FH1Z', 'A1Y0Y6U906ABT5', 'self_report_15']"
12_DR-100_0076_7_sentence_13.wav,"[5, 3, 8, 5, 5, 2, 4, 6, 7]","[3, 4, 1, 6, 1, 3, 5, 5, 6]","['A394S7JSNUA3TS', 'A27PBC5O3Z5ZED', 'A2TBXASXZIRNNW', 'A18O3DEA5Z4MJD', 'A2NJ7N8INZOB00', 'A13NXSZ9D5NTHN', 'A2541C8MY0BYV3', 'A1L98RD8AC1ST3', 'self_report_12']"
17_DR-100_0080_5_sentence_4.wav,"[4, 6, 3, 2, 3, 5, 7, 5, 7]","[4, 6, 5, 6, 6, 4, 4, 6, 8]","['A2B8HPIZDKYKDR', 'A1B4KC5KP7FH1Z', 'A27PBC5O3Z5ZED', 'A13NXSZ9D5NTHN', 'A2VRDE2FHCBMF8', 'A27BYNQVXYIC7H', 'A18O3DEA5Z4MJD', 'A1F1BIPJR11LSR', 'self_report_17']"
16_DR-100_0079_9_sentence_1.wav,"[2, 3, 2, 3, 3, 4, 4, 6, 6]","[5, 6, 5, 5, 7, 6, 7, 7, 8]","['A394S7JSNUA3TS', 'A10BH9PYCYUKDJ', 'A1HXEXQTZCJ1DW', 'ACJ6NSCIWMUZI', 'A2NJ7N8INZOB00', 'A27BYNQVXYIC7H', 'AHZPOM46IUJ2N', 'A1F1BIPJR11LSR', 'self_report_16']"
12_DR-100_0076_5_sentence_9.wav,"[3, 7, 2, 4, 5, 3, 3, 3, 7]","[5, 2, 6, 6, 6, 5, 6, 7, 6]","['A2541C8MY0BYV3', 'A2TBXASXZIRNNW', 'A13NXSZ9D5NTHN', 'A1L98RD8AC1ST3', 'A3G0T5Y7OSC76S', 'ACJ6NSCIWMUZI', 'A27PBC5O3Z5ZED', 'A1HXEXQTZCJ1DW', 'self_report_12']"
15_DR-100_0078_5_sentence_5.wav,"[7, 4, 5, 5, 4, 3, 3, 5, 2]","[3, 4, 3, 3, 4, 5, 1, 2, 3]","['A2B8HPIZDKYKDR', 'A27PBC5O3Z5ZED', 'A1B4KC5KP7FH1Z', 'A27BYNQVXYIC7H', 'A2541C8MY0BYV3', 'A2CK0OXMPOR9LE', 'A273DS7TQWR9M1', 'A32IRN8APZMCQ2', 'self_report_15']"
18_DR-100_0081_5_sentence_4.wav,"[2, 2, 3, 4, 4, 3, 1, 3, 4]","[5, 4, 6, 3, 4, 5, 3, 3, 6]","['AW4AHMQ7EN4QI', 'A1L98RD8AC1ST3', 'A20ALQT1HIVSAH', 'A1Y0Y6U906ABT5', 'A1B4KC5KP7FH1Z', 'A27PBC5O3Z5ZED', 'A13NXSZ9D5NTHN', 'A10BH9PYCYUKDJ', 'self_report_18']"
15_DR-100_0078_5_sentence_10.wav,"[3, 2, 5, 1, 3, 2, 5, 3, 2]","[6, 5, 4, 5, 6, 6, 6, 5, 3]","['A27PBC5O3Z5ZED', 'A1Y0Y6U906ABT5', 'A2B8HPIZDKYKDR', 'A394S7JSNUA3TS', 'A20ALQT1HIVSAH', 'A13NXSZ9D5NTHN', 'A1F1BIPJR11LSR', 'A27BYNQVXYIC7H', 'self_report_15']"
17_DR-100_0080_7_sentence_12.wav,"[3, 4, 6, 6, 4, 7, 6, 7, 5]","[7, 8, 7, 6, 8, 8, 8, 7, 5]","['A2CFE6AZS73RNS', 'A2NJ7N8INZOB00', 'ARVXIBUCA8WDZ', 'ACJ6NSCIWMUZI', 'A3JZS32RQUWGJM', 'A2B8HPIZDKYKDR', 'ASTDBTVY3WP1K', 'A2TBXASXZIRNNW', 'self_report_17']"
17_DR-100_0080_1_sentence_12.wav,"[3, 6, 7, 5, 4, 4, 1, 6, 5]","[6, 8, 4, 6, 5, 6, 5, 8, 6]","['A20ALQT1HIVSAH', 'A10BH9PYCYUKDJ', 'A2TBXASXZIRNNW', 'AW4AHMQ7EN4QI', 'A2CFE6AZS73RNS', 'A24D98LB6OALQY', 'A1ZD9SJXQ9C6EW', 'A27BYNQVXYIC7H', 'self_report_17']"
18_DR-100_0081_3_sentence_4.wav,"[2, 3, 6, 2, 2, 2, 5, 6, 7]","[5, 6, 5, 5, 6, 6, 5, 4, 6]","['A2541C8MY0BYV3', 'A27PBC5O3Z5ZED', 'A2B8HPIZDKYKDR', 'A1L98RD8AC1ST3', 'A27BYNQVXYIC7H', 'A2T007HZK66WM', 'ARVXIBUCA8WDZ', 'A2871R3LEPWMMK', 'self_report_18']"
14_DR-100_0081_5_sentence_13.wav,"[3, 8, 2, 4, 6, 5, 5, 4, 5]","[6, 2, 6, 6, 6, 6, 6, 4, 5]","['A3GLUDQZGEJL5G', 'A2TBXASXZIRNNW', 'A20ALQT1HIVSAH', 'A27PBC5O3Z5ZED', 'ARVXIBUCA8WDZ', 'A1L98RD8AC1ST3', 'A1Y0Y6U906ABT5', 'AA9V4NE8SOA4I', 'self_report_14']"
15_DR-100_0078_9_sentence_6.wav,"[6, 6, 4, 6, 4, 4, 5, 7, 4]","[5, 5, 5, 6, 4, 5, 4, 8, 7]","['A27PBC5O3Z5ZED', 'ARVXIBUCA8WDZ', 'A2541C8MY0BYV3', 'ACJ6NSCIWMUZI', 'A394S7JSNUA3TS', 'A2VRDE2FHCBMF8', 'A1B4KC5KP7FH1Z', 'A1F1BIPJR11LSR', 'self_report_15']"
14_DR-100_0081_5_sentence_6.wav,"[8, 3, 7, 5, 4, 4, 7, 3, 5]","[3, 5, 5, 6, 7, 6, 6, 5, 5]","['A2TBXASXZIRNNW', 'A1HXEXQTZCJ1DW', 'A27SMEOPKV84VI', 'A10BH9PYCYUKDJ', 'A2NJ7N8INZOB00', 'A2VRDE2FHCBMF8', 'ARVXIBUCA8WDZ', 'A394S7JSNUA3TS', 'self_report_14']"
13_DR-100_0080_3_sentence_5.wav,"[4, 2, 4, 4, 4, 4, 5, 8, 5]","[2, 4, 3, 6, 5, 3, 3, 2, 5]","['A27BYNQVXYIC7H', 'A394S7JSNUA3TS', 'A1L98RD8AC1ST3', 'A2VRDE2FHCBMF8', 'A2541C8MY0BYV3', 'A1HXEXQTZCJ1DW', 'AA9V4NE8SOA4I', 'A1VW8Y7XCV3DRW', 'self_report_13']"
12_DR-100_0076_5_sentence_2.wav,"[3, 3, 4, 4, 6, 4, 2, 1, 4, 7]","[7, 6, 5, 5, 8, 6, 5, 6, 5, 6]","['A2NJ7N8INZOB00', 'A27PBC5O3Z5ZED', 'A2VRDE2FHCBMF8', 'A2541C8MY0BYV3', 'A1VW8Y7XCV3DRW', 'A27BYNQVXYIC7H', 'A13NXSZ9D5NTHN', 'A273DS7TQWR9M1', 'A32IRN8APZMCQ2', 'self_report_12']"
18_DR-100_0081_3_sentence_1.wav,"[3, 3, 2, 2, 2, 4, 5, 3, 7]","[4, 4, 5, 4, 4, 6, 4, 4, 6]","['A1Y0Y6U906ABT5', 'ARVXIBUCA8WDZ', 'A2541C8MY0BYV3', 'A394S7JSNUA3TS', 'A1HXEXQTZCJ1DW', 'A1VW8Y7XCV3DRW', 'A27SMEOPKV84VI', 'A2VRDE2FHCBMF8', 'self_report_18']"
17_DR-100_0080_9_sentence_3.wav,"[2, 3, 5, 4, 2, 7, 3, 6, 4]","[6, 6, 6, 7, 6, 7, 6, 8, 5]","['A394S7JSNUA3TS', 'A1HXEXQTZCJ1DW', 'A2541C8MY0BYV3', 'A27BYNQVXYIC7H', 'A2T007HZK66WM', 'ARVXIBUCA8WDZ', 'A27PBC5O3Z5ZED', 'AA9V4NE8SOA4I', 'self_report_17']"
15_DR-100_0078_7_sentence_9.wav,"[8, 4, 4, 3, 7, 8, 5, 5, 3]","[6, 6, 7, 6, 8, 8, 6, 7, 7]","['A2TBXASXZIRNNW', 'A2VRDE2FHCBMF8', 'A3G0T5Y7OSC76S', 'ACJ6NSCIWMUZI', 'A2B8HPIZDKYKDR', 'A1VW8Y7XCV3DRW', 'A27PBC5O3Z5ZED', 'A1Y0Y6U906ABT5', 'self_report_15']"
12_DR-100_0076_5_sentence_5.wav,"[6, 5, 5, 2, 6, 2, 1, 2, 7]","[5, 5, 5, 7, 6, 7, 6, 2, 6]","['A27SMEOPKV84VI', 'A27BYNQVXYIC7H', 'A1B4KC5KP7FH1Z', 'A13NXSZ9D5NTHN', 'A1F1BIPJR11LSR', 'A1VW8Y7XCV3DRW', 'A1ZD9SJXQ9C6EW', 'A2NJ7N8INZOB00', 'self_report_12']"
15_DR-100_0078_5_sentence_8.wav,"[2, 4, 5, 6, 5, 6, 2, 6, 2]","[4, 6, 6, 4, 6, 6, 5, 7, 3]","['A394S7JSNUA3TS', 'A2VRDE2FHCBMF8', 'ARVXIBUCA8WDZ', 'A27SMEOPKV84VI', 'A2CFE6AZS73RNS', 'A1L98RD8AC1ST3', 'A13NXSZ9D5NTHN', 'AHZPOM46IUJ2N', 'self_report_15']"
18_DR-100_0081_7_sentence_5.wav,"[7, 2, 2, 1, 4, 2, 5, 4, 6]","[5, 6, 5, 6, 3, 5, 7, 7, 4]","['A2TBXASXZIRNNW', 'A27PBC5O3Z5ZED', 'A3G0T5Y7OSC76S', 'A18O3DEA5Z4MJD', 'A2B8HPIZDKYKDR', 'A2CFE6AZS73RNS', 'A1B4KC5KP7FH1Z', 'A1F1BIPJR11LSR', 'self_report_18']"
12_DR-100_0076_9_sentence_1.wav,"[3, 2, 4, 3, 6, 3, 1, 3, 6]","[7, 6, 8, 6, 8, 6, 7, 7, 8]","['A1HXEXQTZCJ1DW', 'A394S7JSNUA3TS', 'A2NJ7N8INZOB00', 'ASTDBTVY3WP1K', 'A1F1BIPJR11LSR', 'A27PBC5O3Z5ZED', 'A273DS7TQWR9M1', 'A13NXSZ9D5NTHN', 'self_report_12']"
12_DR-100_0076_3_sentence_7.wav,"[5, 2, 4, 6, 4, 6, 3, 7, 6]","[8, 6, 5, 8, 6, 8, 9, 8, 7]","['A1HXEXQTZCJ1DW', 'A3GLUDQZGEJL5G', 'A2541C8MY0BYV3', 'A1Y0Y6U906ABT5', 'ACJ6NSCIWMUZI', 'A10BH9PYCYUKDJ', 'A32IRN8APZMCQ2', 'AHZPOM46IUJ2N', 'self_report_12']"
15_DR-100_0078_7_sentence_10.wav,"[1, 7, 4, 4, 3, 5, 7, 5, 3]","[6, 6, 7, 6, 7, 6, 6, 7, 7]","['A394S7JSNUA3TS', 'A2TBXASXZIRNNW', 'A3G0T5Y7OSC76S', 'A27PBC5O3Z5ZED', 'A2NJ7N8INZOB00', 'A2CFE6AZS73RNS', 'A27SMEOPKV84VI', 'A1B4KC5KP7FH1Z', 'self_report_15']"
14_DR-100_0081_1_sentence_2.wav,"[4, 2, 4, 4, 5, 3, 5, 5, 6]","[6, 7, 6, 7, 6, 6, 6, 7, 5]","['A27PBC5O3Z5ZED', 'A1ZD9SJXQ9C6EW', 'A2CFE6AZS73RNS', 'A3G0T5Y7OSC76S', 'A1Y0Y6U906ABT5', 'A2T007HZK66WM', 'A1L98RD8AC1ST3', 'A1B4KC5KP7FH1Z', 'self_report_14']"
15_DR-100_0078_1_sentence_4.wav,"[3, 5, 5, 6, 5, 2, 5, 8, 2]","[5, 7, 6, 6, 8, 4, 7, 5, 6]","['A2VRDE2FHCBMF8', 'A27PBC5O3Z5ZED', 'A18O3DEA5Z4MJD', 'ARVXIBUCA8WDZ', 'A3G0T5Y7OSC76S', 'A1VW8Y7XCV3DRW', 'A27BYNQVXYIC7H', 'A2TBXASXZIRNNW', 'self_report_15']"
16_DR-100_0079_7_sentence_2.wav,"[6, 4, 6, 7, 5, 2, 5, 4, 4]","[5, 6, 3, 7, 4, 2, 6, 2, 7]","['A2541C8MY0BYV3', 'ASTDBTVY3WP1K', 'A27BYNQVXYIC7H', 'ARVXIBUCA8WDZ', 'A1B4KC5KP7FH1Z', 'A2NJ7N8INZOB00', 'A10BH9PYCYUKDJ', 'A32IRN8APZMCQ2', 'self_report_16']"
11_DR-100_0075_1_sentence_5.wav,"[4, 2, 1, 5, 3, 3, 3, 5, 6]","[5, 6, 7, 5, 5, 6, 6, 7, 7]","['A3GLUDQZGEJL5G', 'A24D98LB6OALQY', 'A273DS7TQWR9M1', 'ARVXIBUCA8WDZ', 'A2VRDE2FHCBMF8', 'A20ALQT1HIVSAH', 'A27PBC5O3Z5ZED', 'A32IRN8APZMCQ2', 'self_report_11']"
16_DR-100_0079_5_sentence_2.wav,"[2, 2, 4, 4, 7, 6, 3, 2, 3]","[5, 6, 7, 6, 5, 4, 5, 6, 5]","['A1Y0Y6U906ABT5', 'A24D98LB6OALQY', 'A3G0T5Y7OSC76S', 'AHZPOM46IUJ2N', 'A2B8HPIZDKYKDR', 'A2TBXASXZIRNNW', 'A10BH9PYCYUKDJ', 'A2T007HZK66WM', 'self_report_16']"
13_DR-100_0080_5_sentence_9.wav,"[6, 3, 3, 2, 4, 2, 5, 1, 4]","[4, 3, 3, 5, 5, 5, 4, 4, 6]","['A2TBXASXZIRNNW', 'A18O3DEA5Z4MJD', 'A1ZD9SJXQ9C6EW', 'A3GLUDQZGEJL5G', 'ACJ6NSCIWMUZI', 'A394S7JSNUA3TS', 'AHZPOM46IUJ2N', 'A13NXSZ9D5NTHN', 'self_report_13']"
17_DR-100_0080_3_sentence_15.wav,"[2, 7, 2, 4, 3, 5, 1, 4, 8]","[4, 5, 4, 3, 5, 5, 4, 4, 6]","['A27PBC5O3Z5ZED', 'A2TBXASXZIRNNW', 'A2CFE6AZS73RNS', 'A2VRDE2FHCBMF8', 'A3G0T5Y7OSC76S', 'ARVXIBUCA8WDZ', 'A394S7JSNUA3TS', 'A2541C8MY0BYV3', 'self_report_17']"
15_DR-100_0078_3_sentence_10.wav,"[5, 3, 3, 7, 6, 1, 6, 6, 4]","[3, 3, 6, 4, 4, 5, 3, 3, 4]","['A1B4KC5KP7FH1Z', 'A24D98LB6OALQY', 'A27PBC5O3Z5ZED', 'A2TBXASXZIRNNW', 'ARVXIBUCA8WDZ', 'A13NXSZ9D5NTHN', 'A18O3DEA5Z4MJD', 'A1VW8Y7XCV3DRW', 'self_report_15']"
12_DR-100_0076_7_sentence_1.wav,"[2, 7, 5, 6, 6, 5, 6, 2, 7]","[2, 3, 4, 7, 3, 6, 7, 5, 6]","['A2NJ7N8INZOB00', 'A2TBXASXZIRNNW', 'A1B4KC5KP7FH1Z', 'A27BYNQVXYIC7H', 'A2B8HPIZDKYKDR', 'A2541C8MY0BYV3', 'A10BH9PYCYUKDJ', 'A1ZD9SJXQ9C6EW', 'self_report_12']"
12_DR-100_0076_3_sentence_5.wav,"[2, 5, 4, 4, 5, 3, 3, 6, 6]","[7, 5, 6, 6, 7, 6, 6, 5, 7]","['A394S7JSNUA3TS', 'A2541C8MY0BYV3', 'A27PBC5O3Z5ZED', 'A2VRDE2FHCBMF8', 'A27BYNQVXYIC7H', 'A3GLUDQZGEJL5G', 'A13NXSZ9D5NTHN', 'A27SMEOPKV84VI', 'self_report_12']"
13_DR-100_0080_1_sentence_3.wav,"[5, 7, 2, 5, 8, 4, 3, 1, 4]","[6, 5, 6, 6, 9, 5, 5, 4, 6]","['AW4AHMQ7EN4QI', 'A2TBXASXZIRNNW', 'A24D98LB6OALQY', 'A10BH9PYCYUKDJ', 'A1VW8Y7XCV3DRW', 'A2541C8MY0BYV3', 'A2VRDE2FHCBMF8', 'A273DS7TQWR9M1', 'self_report_13']"
11_DR-100_0075_3_sentence_3.wav,"[4, 3, 3, 2, 3, 3, 2, 3, 7]","[6, 4, 5, 5, 3, 4, 5, 7, 5]","['A27PBC5O3Z5ZED', 'ANV8C2DATCAPB', 'A20ALQT1HIVSAH', 'A2CFE6AZS73RNS', 'A2T007HZK66WM', 'A1F1BIPJR11LSR', 'A394S7JSNUA3TS', 'A2NJ7N8INZOB00', 'self_report_11']"
14_DR-100_0081_9_sentence_9.wav,"[2, 6, 4, 7, 3, 4, 5, 4, 6]","[5, 3, 6, 8, 6, 6, 6, 6, 4]","['A394S7JSNUA3TS', 'A18O3DEA5Z4MJD', 'ASTDBTVY3WP1K', 'A2B8HPIZDKYKDR', 'A1Y0Y6U906ABT5', 'A10BH9PYCYUKDJ', 'A24D98LB6OALQY', 'A1HXEXQTZCJ1DW', 'self_report_14']"
12_DR-100_0076_7_sentence_14.wav,"[7, 7, 5, 5, 3, 3, 7, 6, 7]","[6, 5, 5, 5, 5, 6, 2, 3, 6]","['ARVXIBUCA8WDZ', 'A18O3DEA5Z4MJD', 'A2CFE6AZS73RNS', 'A2VRDE2FHCBMF8', 'A24D98LB6OALQY', 'A27PBC5O3Z5ZED', 'A2TBXASXZIRNNW', 'AA9V4NE8SOA4I', 'self_report_12']"
17_DR-100_0080_1_sentence_1.wav,"[1, 1, 2, 3, 5, 4, 2, 4, 5]","[5, 5, 5, 5, 4, 5, 5, 5, 6]","['A394S7JSNUA3TS', 'A3GLUDQZGEJL5G', 'A1Y0Y6U906ABT5', 'A1HXEXQTZCJ1DW', 'AA9V4NE8SOA4I', 'A1B4KC5KP7FH1Z', 'A1VW8Y7XCV3DRW', 'A32IRN8APZMCQ2', 'self_report_17']"
11_DR-100_0075_5_sentence_2.wav,"[3, 2, 4, 4, 3, 5, 4, 5, 7]","[4, 4, 4, 4, 4, 4, 4, 5, 3]","['A3GLUDQZGEJL5G', 'A24D98LB6OALQY', 'A27PBC5O3Z5ZED', 'A2VRDE2FHCBMF8', 'A2CFE6AZS73RNS', 'AHZPOM46IUJ2N', 'ACJ6NSCIWMUZI', 'A1L98RD8AC1ST3', 'self_report_11']"
18_DR-100_0081_1_sentence_4.wav,"[3, 2, 2, 2, 5, 3, 2, 2, 5]","[5, 7, 5, 5, 4, 5, 7, 5, 4]","['A2B8HPIZDKYKDR', 'A1VW8Y7XCV3DRW', 'A3GLUDQZGEJL5G', 'A13NXSZ9D5NTHN', 'A2TBXASXZIRNNW', 'A2CK0OXMPOR9LE', 'A2T007HZK66WM', 'A20ALQT1HIVSAH', 'self_report_18']"
15_DR-100_0078_5_sentence_14.wav,"[5, 4, 2, 3, 6, 5, 5, 4, 2]","[4, 4, 5, 5, 5, 4, 2, 6, 3]","['A27BYNQVXYIC7H', 'A1Y0Y6U906ABT5', 'A13NXSZ9D5NTHN', 'A2CK0OXMPOR9LE', 'A18O3DEA5Z4MJD', 'A2541C8MY0BYV3', 'A1B4KC5KP7FH1Z', 'A27PBC5O3Z5ZED', 'self_report_15']"
13_DR-100_0080_9_sentence_1.wav,"[4, 5, 4, 3, 5, 4, 3, 2, 4]","[6, 6, 5, 6, 5, 5, 6, 6, 5]","['A2CFE6AZS73RNS', 'ARVXIBUCA8WDZ', 'A2541C8MY0BYV3', 'A27PBC5O3Z5ZED', 'A27BYNQVXYIC7H', 'A2VRDE2FHCBMF8', 'A20ALQT1HIVSAH', 'A2NJ7N8INZOB00', 'self_report_13']"
13_DR-100_0080_5_sentence_8.wav,"[2, 3, 2, 2, 1, 2, 3, 6, 4]","[3, 3, 4, 3, 5, 4, 3, 4, 6]","['A2B8HPIZDKYKDR', 'A2CFE6AZS73RNS', 'A27PBC5O3Z5ZED', 'A1L98RD8AC1ST3', 'A20ALQT1HIVSAH', 'A24D98LB6OALQY', 'A1F1BIPJR11LSR', 'A2TBXASXZIRNNW', 'self_report_13']"
17_DR-100_0080_9_sentence_6.wav,"[3, 4, 6, 1, 5, 3, 3, 2, 4]","[5, 5, 6, 5, 7, 6, 6, 6, 5]","['A1HXEXQTZCJ1DW', 'A27BYNQVXYIC7H', 'ARVXIBUCA8WDZ', 'ANV8C2DATCAPB', 'A1VW8Y7XCV3DRW', 'A10BH9PYCYUKDJ', 'A27PBC5O3Z5ZED', 'A20ALQT1HIVSAH', 'self_report_17']"
13_DR-100_0080_1_sentence_6.wav,"[4, 3, 1, 6, 4, 3, 5, 7, 4]","[4, 5, 5, 4, 5, 5, 5, 5, 6]","['A27BYNQVXYIC7H', 'A27PBC5O3Z5ZED', 'A394S7JSNUA3TS', 'A2B8HPIZDKYKDR', 'ARVXIBUCA8WDZ', 'A2871R3LEPWMMK', 'A1B4KC5KP7FH1Z', 'A1VW8Y7XCV3DRW', 'self_report_13']"
15_DR-100_0078_7_sentence_6.wav,"[4, 3, 5, 5, 6, 9, 6, 6, 3]","[5, 6, 4, 4, 3, 5, 5, 4, 7]","['A3G0T5Y7OSC76S', 'A27PBC5O3Z5ZED', 'ARVXIBUCA8WDZ', 'A1Y0Y6U906ABT5', 'A27BYNQVXYIC7H', 'A2TBXASXZIRNNW', 'A2CK0OXMPOR9LE', 'AA9V4NE8SOA4I', 'self_report_15']"
15_DR-100_0078_5_sentence_2.wav,"[2, 4, 4, 5, 5, 6, 3, 7, 2]","[2, 4, 3, 2, 3, 4, 1, 4, 3]","['A1ZD9SJXQ9C6EW', 'A3GLUDQZGEJL5G', 'A2VRDE2FHCBMF8', 'A1B4KC5KP7FH1Z', 'A27BYNQVXYIC7H', 'A27SMEOPKV84VI', 'A2NJ7N8INZOB00', 'AHZPOM46IUJ2N', 'self_report_15']"
13_DR-100_0080_1_sentence_4.wav,"[3, 3, 3, 2, 7, 5, 4, 5, 4]","[6, 6, 6, 6, 8, 9, 8, 6, 6]","['A27PBC5O3Z5ZED', 'ACJ6NSCIWMUZI', 'A3G0T5Y7OSC76S', 'A2CK0OXMPOR9LE', 'A2B8HPIZDKYKDR', 'A2871R3LEPWMMK', 'A1VW8Y7XCV3DRW', 'A1Y0Y6U906ABT5', 'self_report_13']"
14_DR-100_0081_9_sentence_3.wav,"[6, 3, 5, 6, 4, 2, 7, 6, 6]","[6, 6, 6, 6, 8, 7, 6, 7, 4]","['AW4AHMQ7EN4QI', 'A2VRDE2FHCBMF8', 'A27PBC5O3Z5ZED', 'ASTDBTVY3WP1K', 'A2NJ7N8INZOB00', 'ANV8C2DATCAPB', 'ARVXIBUCA8WDZ', 'A1L98RD8AC1ST3', 'self_report_14']"
14_DR-100_0081_5_sentence_8.wav,"[2, 7, 6, 6, 4, 2, 1, 2, 5]","[5, 4, 6, 5, 5, 6, 5, 5, 5]","['A1Y0Y6U906ABT5', 'A2B8HPIZDKYKDR', 'A1L98RD8AC1ST3', 'ARVXIBUCA8WDZ', 'A2CFE6AZS73RNS', 'A3GLUDQZGEJL5G', 'A273DS7TQWR9M1', 'A2NJ7N8INZOB00', 'self_report_14']"
16_DR-100_0079_1_sentence_4.wav,"[3, 7, 5, 5, 2, 4, 4, 5, 5]","[5, 3, 7, 5, 5, 5, 6, 4, 7]","['A1Y0Y6U906ABT5', 'A2TBXASXZIRNNW', 'A10BH9PYCYUKDJ', 'A2CFE6AZS73RNS', 'ACJ6NSCIWMUZI', 'A27BYNQVXYIC7H', 'A27PBC5O3Z5ZED', 'AA9V4NE8SOA4I', 'self_report_16']"
16_DR-100_0079_1_sentence_6.wav,"[5, 4, 6, 1, 4, 6, 2, 2, 5]","[4, 7, 5, 6, 5, 6, 7, 5, 7]","['A18O3DEA5Z4MJD', 'A3G0T5Y7OSC76S', 'A2TBXASXZIRNNW', 'A13NXSZ9D5NTHN', 'ACJ6NSCIWMUZI', 'A27SMEOPKV84VI', 'A1VW8Y7XCV3DRW', 'A20ALQT1HIVSAH', 'self_report_16']"
18_DR-100_0081_9_sentence_4.wav,"[5, 6, 7, 3, 4, 2, 4, 5, 3]","[6, 4, 7, 6, 5, 9, 7, 7, 6]","['A2VRDE2FHCBMF8', 'A2TBXASXZIRNNW', 'A2B8HPIZDKYKDR', 'A394S7JSNUA3TS', 'A2CK0OXMPOR9LE', 'A273DS7TQWR9M1', 'A1HXEXQTZCJ1DW', 'A1F1BIPJR11LSR', 'self_report_18']"
15_DR-100_0078_9_sentence_9.wav,"[7, 5, 3, 4, 4, 5, 1, 6, 4]","[4, 6, 6, 9, 6, 6, 5, 7, 7]","['A2TBXASXZIRNNW', 'A1B4KC5KP7FH1Z', 'A27PBC5O3Z5ZED', 'A1VW8Y7XCV3DRW', 'A24D98LB6OALQY', 'A2B8HPIZDKYKDR', 'A273DS7TQWR9M1', 'AA9V4NE8SOA4I', 'self_report_15']"
15_DR-100_0078_3_sentence_2.wav,"[1, 3, 4, 1, 1, 3, 3, 7, 4]","[6, 6, 5, 5, 5, 5, 5, 5, 4]","['A24D98LB6OALQY', 'ASTDBTVY3WP1K', 'ARVXIBUCA8WDZ', 'A13NXSZ9D5NTHN', 'A394S7JSNUA3TS', 'A2CK0OXMPOR9LE', 'A2VRDE2FHCBMF8', 'A27SMEOPKV84VI', 'self_report_15']"
15_DR-100_0078_5_sentence_13.wav,"[8, 3, 4, 5, 5, 2, 3, 8, 2]","[5, 6, 4, 3, 7, 5, 5, 6, 3]","['A2TBXASXZIRNNW', 'A3GLUDQZGEJL5G', 'A3JZS32RQUWGJM', 'A1B4KC5KP7FH1Z', 'A24D98LB6OALQY', 'A20ALQT1HIVSAH', 'A2CK0OXMPOR9LE', 'A1VW8Y7XCV3DRW', 'self_report_15']"
17_DR-100_0080_1_sentence_10.wav,"[6, 5, 2, 5, 7, 7, 3, 4, 5]","[7, 7, 6, 5, 6, 8, 6, 6, 6]","['A27BYNQVXYIC7H', 'A1B4KC5KP7FH1Z', 'A3GLUDQZGEJL5G', 'A2CFE6AZS73RNS', 'ARVXIBUCA8WDZ', 'A2871R3LEPWMMK', 'A20ALQT1HIVSAH', 'A27PBC5O3Z5ZED', 'self_report_17']"
17_DR-100_0080_5_sentence_12.wav,"[2, 2, 3, 3, 3, 4, 5, 1, 7]","[6, 7, 4, 5, 6, 3, 6, 3, 8]","['A3GLUDQZGEJL5G', 'A394S7JSNUA3TS', 'A2B8HPIZDKYKDR', 'A27PBC5O3Z5ZED', 'A1L98RD8AC1ST3', 'A27BYNQVXYIC7H', 'A27SMEOPKV84VI', 'A13NXSZ9D5NTHN', 'self_report_17']"
15_DR-100_0078_3_sentence_9.wav,"[6, 2, 5, 4, 7, 5, 4, 6, 4]","[5, 4, 4, 4, 4, 4, 4, 4, 4]","['ARVXIBUCA8WDZ', 'A394S7JSNUA3TS', 'AHZPOM46IUJ2N', 'A2541C8MY0BYV3', 'A2TBXASXZIRNNW', 'AA9V4NE8SOA4I', 'A1F1BIPJR11LSR', 'A27SMEOPKV84VI', 'self_report_15']"
12_DR-100_0076_5_sentence_3.wav,"[3, 4, 4, 4, 2, 4, 5, 5, 7]","[6, 4, 5, 6, 4, 5, 7, 5, 6]","['A24D98LB6OALQY', 'A2B8HPIZDKYKDR', 'ARVXIBUCA8WDZ', 'AHZPOM46IUJ2N', 'ASTDBTVY3WP1K', 'ACJ6NSCIWMUZI', 'A3G0T5Y7OSC76S', 'A27SMEOPKV84VI', 'self_report_12']"
16_DR-100_0079_1_sentence_10.wav,"[5, 6, 4, 3, 2, 7, 5, 3, 4, 5]","[5, 7, 6, 5, 6, 4, 9, 7, 5, 7]","['A2541C8MY0BYV3', 'A1Y0Y6U906ABT5', 'A27PBC5O3Z5ZED', 'A2VRDE2FHCBMF8', 'A2T007HZK66WM', 'A2TBXASXZIRNNW', 'A2NJ7N8INZOB00', 'AHZPOM46IUJ2N', 'A3UWM3KJYEL5XU', 'self_report_16']"
13_DR-100_0080_5_sentence_2.wav,"[3, 2, 2, 3, 4, 4, 3, 6, 4]","[5, 5, 5, 6, 5, 5, 5, 5, 6]","['A1Y0Y6U906ABT5', 'A27BYNQVXYIC7H', 'A394S7JSNUA3TS', 'A27PBC5O3Z5ZED', 'ARVXIBUCA8WDZ', 'A2541C8MY0BYV3', 'A2VRDE2FHCBMF8', 'A27SMEOPKV84VI', 'self_report_13']"
16_DR-100_0079_9_sentence_7.wav,"[5, 1, 4, 3, 4, 1, 6, 2, 6]","[3, 6, 6, 5, 7, 6, 5, 6, 8]","['A2TBXASXZIRNNW', 'A13NXSZ9D5NTHN', 'A2B8HPIZDKYKDR', 'A2CK0OXMPOR9LE', 'A1HXEXQTZCJ1DW', 'A394S7JSNUA3TS', 'ARVXIBUCA8WDZ', 'A27PBC5O3Z5ZED', 'self_report_16']"
17_DR-100_0080_5_sentence_2.wav,"[2, 3, 5, 1, 3, 3, 3, 3, 7]","[9, 7, 7, 6, 8, 7, 6, 7, 8]","['A1ZD9SJXQ9C6EW', 'A2B8HPIZDKYKDR', 'ARVXIBUCA8WDZ', 'A394S7JSNUA3TS', 'AHZPOM46IUJ2N', 'A20ALQT1HIVSAH', 'A27PBC5O3Z5ZED', 'A10BH9PYCYUKDJ', 'self_report_17']"
14_DR-100_0081_3_sentence_10.wav,"[3, 3, 2, 8, 1, 4, 5, 2, 4]","[4, 5, 5, 3, 5, 5, 3, 3, 6]","['A2VRDE2FHCBMF8', 'A1L98RD8AC1ST3', 'A20ALQT1HIVSAH', 'A2TBXASXZIRNNW', 'ANV8C2DATCAPB', 'A2541C8MY0BYV3', 'AA9V4NE8SOA4I', 'A273DS7TQWR9M1', 'self_report_14']"
12_DR-100_0076_5_sentence_1.wav,"[1, 2, 2, 1, 3, 2, 5, 3, 7]","[4, 4, 4, 5, 5, 4, 4, 4, 6]","['A273DS7TQWR9M1', 'A2T007HZK66WM', 'A2NJ7N8INZOB00', 'A13NXSZ9D5NTHN', 'A2CK0OXMPOR9LE', 'A1Y0Y6U906ABT5', 'A1B4KC5KP7FH1Z', 'A10BH9PYCYUKDJ', 'self_report_12']"
14_DR-100_0081_3_sentence_3.wav,"[4, 7, 4, 6, 8, 3, 5, 6, 4]","[5, 6, 4, 6, 4, 5, 6, 5, 6]","['A2VRDE2FHCBMF8', 'A1VW8Y7XCV3DRW', 'A1Y0Y6U906ABT5', 'AHZPOM46IUJ2N', 'A2TBXASXZIRNNW', 'A27PBC5O3Z5ZED', 'A1B4KC5KP7FH1Z', 'A27SMEOPKV84VI', 'self_report_14']"
11_DR-100_0075_3_sentence_7.wav,"[6, 4, 6, 4, 5, 5, 4, 5, 4, 7]","[6, 6, 5, 7, 6, 3, 5, 4, 7, 5]","['A2B8HPIZDKYKDR', 'A27PBC5O3Z5ZED', 'A27SMEOPKV84VI', 'A24D98LB6OALQY', 'A2541C8MY0BYV3', 'AA9V4NE8SOA4I', 'A1L98RD8AC1ST3', 'A1F1BIPJR11LSR', 'A1B4KC5KP7FH1Z', 'self_report_11']"
16_DR-100_0079_7_sentence_6.wav,"[4, 3, 3, 7, 7, 6, 6, 4, 4]","[7, 4, 3, 1, 7, 7, 5, 3, 7]","['A394S7JSNUA3TS', 'A20ALQT1HIVSAH', 'A2T007HZK66WM', 'A273DS7TQWR9M1', 'ARVXIBUCA8WDZ', 'A27BYNQVXYIC7H', 'A2CK0OXMPOR9LE', 'A1HXEXQTZCJ1DW', 'self_report_16']"
14_DR-100_0081_9_sentence_4.wav,"[3, 2, 3, 6, 4, 8, 7, 3, 6]","[7, 5, 5, 6, 6, 6, 6, 9, 4]","['A394S7JSNUA3TS', 'A1ZD9SJXQ9C6EW', 'A1Y0Y6U906ABT5', 'ARVXIBUCA8WDZ', 'A27PBC5O3Z5ZED', 'A1VW8Y7XCV3DRW', 'AHZPOM46IUJ2N', 'A273DS7TQWR9M1', 'self_report_14']"
17_DR-100_0080_7_sentence_10.wav,"[5, 4, 3, 3, 3, 4, 6, 3, 5]","[6, 8, 3, 6, 6, 6, 6, 4, 5]","['A2B8HPIZDKYKDR', 'A3G0T5Y7OSC76S', 'A2NJ7N8INZOB00', 'A1HXEXQTZCJ1DW', 'A2T007HZK66WM', 'A10BH9PYCYUKDJ', 'AA9V4NE8SOA4I', 'A20ALQT1HIVSAH', 'self_report_17']"
17_DR-100_0080_3_sentence_13.wav,"[3, 4, 3, 4, 5, 5, 2, 3, 8]","[5, 6, 4, 6, 6, 5, 6, 5, 6]","['A2VRDE2FHCBMF8', 'A394S7JSNUA3TS', 'ACJ6NSCIWMUZI', 'A3G0T5Y7OSC76S', 'A1B4KC5KP7FH1Z', 'ARVXIBUCA8WDZ', 'A24D98LB6OALQY', 'A32IRN8APZMCQ2', 'self_report_17']"
28_DR-100_0087_3_sentence_2.wav,"[1, 5, 4, 1, 5, 3, 1, 2, 3]","[7, 8, 6, 7, 7, 2, 6, 6, 8]","['A2T007HZK66WM', 'AA9V4NE8SOA4I', 'A1FHS282JP487T', 'A3KCUB6P3IE8NL', 'ARVXIBUCA8WDZ', 'A10BH9PYCYUKDJ', 'A2F48NO7AD9VKK', 'A340UGIDGIF4W6', 'self_report_28']"
20_DR-100_0083_3_sentence_8.wav,"[4, 3, 7, 4, 7, 8, 6, 9, 4]","[3, 6, 4, 3, 4, 4, 7, 3, 4]","['ABI1EI8UQK6LK', 'A1FHS282JP487T', 'A2871R3LEPWMMK', 'A2F48NO7AD9VKK', 'AHZPOM46IUJ2N', 'A2AG45K4ULNBHF', 'AA9V4NE8SOA4I', 'A3W24IE6P9O302', 'self_report_20']"
27_DR-100_0084_9_sentence_8.wav,"[4, 4, 7, 2, 5, 8, 6, 7, 3]","[6, 3, 5, 6, 3, 8, 4, 8, 8]","['A13NXSZ9D5NTHN', 'A22QD6M0A2C77C', 'ARVXIBUCA8WDZ', 'A3GLUDQZGEJL5G', 'A2NBVTY6FLBEAF', 'A2TBXASXZIRNNW', 'AA9V4NE8SOA4I', 'A1T79J0XQXDDGC', 'self_report_27']"
22_DR-100_0085_5_sentence_1.wav,"[3, 2, 1, 5, 1, 3, 4, 1, 7]","[7, 5, 7, 8, 6, 8, 6, 6, 7]","['A22QD6M0A2C77C', 'A2T007HZK66WM', 'A3KCUB6P3IE8NL', 'A1B4KC5KP7FH1Z', 'A13NXSZ9D5NTHN', 'A273DS7TQWR9M1', 'A1Y0Y6U906ABT5', 'A2EOOF9D135HQ1', 'self_report_22']"
24_DR-100_0086_5_sentence_14.wav,"[2, 3, 2, 2, 4, 6, 1, 4, 7]","[3, 3, 4, 4, 3, 7, 3, 3, 5]","['A3K6DL4PN98CBN', 'A2CFE6AZS73RNS', 'A10BH9PYCYUKDJ', 'A1ZD9SJXQ9C6EW', 'A2JP9IKRHNLRPI', 'A1ET2J1PIP0RGO', 'A2T007HZK66WM', 'A22QD6M0A2C77C', 'self_report_24']"
23_DR-100_0083_7_sentence_9.wav,"[1, 1, 1, 1, 1, 1, 3, 6, 5]","[5, 5, 5, 7, 5, 3, 5, 5, 3]","['A27IABVBUZ9X8Z', 'A2F48NO7AD9VKK', 'A2EOOF9D135HQ1', 'A273DS7TQWR9M1', 'A340UGIDGIF4W6', 'A13NXSZ9D5NTHN', 'A1Y0Y6U906ABT5', 'A124E03UMDZAA9', 'self_report_23']"
28_DR-100_0087_3_sentence_8.wav,"[1, 1, 5, 1, 1, 1, 1, 1, 3]","[5, 5, 5, 5, 5, 4, 5, 5, 8]","['A2VRDE2FHCBMF8', 'A1VW8Y7XCV3DRW', 'A1ET2J1PIP0RGO', 'AA9V4NE8SOA4I', 'A1HXEXQTZCJ1DW', 'A1B4KC5KP7FH1Z', 'A124E03UMDZAA9', 'A22QD6M0A2C77C', 'self_report_28']"
28_DR-100_0087_9_sentence_7.wav,"[1, 3, 2, 1, 3, 4, 4, 3, 3]","[5, 5, 7, 5, 4, 6, 7, 5, 4]","['A3K6DL4PN98CBN', 'A394S7JSNUA3TS', 'A1ZD9SJXQ9C6EW', 'ARX0S1CIDJLOX', 'AA9V4NE8SOA4I', 'A2AG45K4ULNBHF', 'A1VW8Y7XCV3DRW', 'A3W24IE6P9O302', 'self_report_28']"
21_DR-100_0084_3_sentence_10.wav,"[5, 5, 5, 3, 2, 3, 4, 2, 1]","[7, 7, 7, 6, 8, 7, 5, 8, 8]","['A1VE1CAMPSYRHE', 'A1Y0Y6U906ABT5', 'AA9V4NE8SOA4I', 'ACJ6NSCIWMUZI', 'AKZ8SFOAI4RZN', 'A394S7JSNUA3TS', 'A2VRDE2FHCBMF8', 'A2T007HZK66WM', 'self_report_21']"
27_DR-100_0084_7_sentence_7.wav,"[6, 2, 6, 3, 1, 2, 4, 7, 4]","[8, 5, 8, 7, 8, 7, 8, 7, 5]","['A2871R3LEPWMMK', 'A27IABVBUZ9X8Z', 'A1B4KC5KP7FH1Z', 'A2CFE6AZS73RNS', 'A340UGIDGIF4W6', 'ACM87U430O96Z', 'A2MUCL20GTQJA0', 'ARVXIBUCA8WDZ', 'self_report_27']"
25_DR-100_0087_5_sentence_3.wav,"[2, 2, 5, 2, 1, 5, 3, 4, 2]","[6, 7, 6, 6, 4, 6, 5, 7, 4]","['A2T007HZK66WM', 'A2EOOF9D135HQ1', 'A2JP9IKRHNLRPI', 'A2F48NO7AD9VKK', 'A13NXSZ9D5NTHN', 'A2MUCL20GTQJA0', 'A2CFE6AZS73RNS', 'A2AG45K4ULNBHF', 'self_report_25']"
20_DR-100_0083_1_sentence_11.wav,"[4, 2, 4, 5, 6, 9, 3, 3, 4]","[5, 8, 5, 8, 7, 8, 5, 6, 5]","['A2CFE6AZS73RNS', 'A273DS7TQWR9M1', 'A2B6WQG0A9CKXQ', 'A2JP9IKRHNLRPI', 'A2AG45K4ULNBHF', 'A3K6DL4PN98CBN', 'ABI1EI8UQK6LK', 'ACM87U430O96Z', 'self_report_20']"
22_DR-100_0085_7_sentence_3.wav,"[1, 3, 3, 4, 2, 4, 5, 1, 5]","[5, 6, 5, 6, 6, 5, 4, 5, 5]","['A2EOOF9D135HQ1', 'A2NJ7N8INZOB00', 'AKZ8SFOAI4RZN', 'AHZPOM46IUJ2N', 'A13NXSZ9D5NTHN', 'A1T79J0XQXDDGC', 'AA9V4NE8SOA4I', 'A27IABVBUZ9X8Z', 'self_report_22']"
24_DR-100_0086_7_sentence_5.wav,"[2, 2, 1, 4, 3, 3, 2, 5, 4]","[8, 6, 6, 6, 8, 7, 6, 6, 8]","['A22QD6M0A2C77C', 'A2F48NO7AD9VKK', 'A13NXSZ9D5NTHN', 'A1Y0Y6U906ABT5', 'A3W24IE6P9O302', 'A3GLUDQZGEJL5G', 'A1FHS282JP487T', 'ARVXIBUCA8WDZ', 'self_report_24']"
28_DR-100_0087_5_sentence_3.wav,"[2, 3, 2, 1, 5, 3, 4, 3, 3]","[5, 6, 7, 7, 5, 7, 6, 4, 6]","['A2EOOF9D135HQ1', 'AZZ2Y5UHP5F0L', 'A1DD23J1WBGQUU', 'A273DS7TQWR9M1', 'A124E03UMDZAA9', 'A2MUCL20GTQJA0', 'AA9V4NE8SOA4I', 'AU6C9UNNFJALY', 'self_report_28']"
24_DR-100_0086_7_sentence_12.wav,"[4, 7, 6, 3, 2, 6, 5, 4, 4]","[5, 8, 5, 8, 9, 7, 8, 7, 8]","['A2VRDE2FHCBMF8', 'AA9V4NE8SOA4I', 'A124E03UMDZAA9', 'A27IABVBUZ9X8Z', 'A3K6DL4PN98CBN', 'ARVXIBUCA8WDZ', 'A2CFE6AZS73RNS', 'AU6C9UNNFJALY', 'self_report_24']"
22_DR-100_0085_7_sentence_13.wav,"[3, 1, 5, 5, 6, 7, 5, 2, 5]","[7, 5, 3, 6, 4, 8, 4, 7, 5]","['A13NXSZ9D5NTHN', 'A3GLUDQZGEJL5G', 'A2JP9IKRHNLRPI', 'ARVXIBUCA8WDZ', 'A2AG45K4ULNBHF', 'AA9V4NE8SOA4I', 'A1Y0Y6U906ABT5', 'ACM87U430O96Z', 'self_report_22']"
22_DR-100_0085_9_sentence_9.wav,"[6, 2, 3, 3, 3, 2, 3, 2, 6]","[8, 6, 7, 5, 6, 6, 6, 5, 6]","['A3K6DL4PN98CBN', 'A27IABVBUZ9X8Z', 'A1DD23J1WBGQUU', 'A1Y0Y6U906ABT5', 'A3KCUB6P3IE8NL', 'A1HXEXQTZCJ1DW', 'ABI1EI8UQK6LK', 'A2T007HZK66WM', 'self_report_22']"
22_DR-100_0085_5_sentence_5.wav,"[3, 1, 5, 1, 4, 3, 3, 3, 7]","[5, 5, 5, 5, 5, 5, 5, 6, 7]","['A2CFE6AZS73RNS', 'A3GLUDQZGEJL5G', 'A2JP9IKRHNLRPI', 'A394S7JSNUA3TS', 'A2B6WQG0A9CKXQ', 'A1T79J0XQXDDGC', 'A1HXEXQTZCJ1DW', 'A1DD23J1WBGQUU', 'self_report_22']"
20_DR-100_0083_5_sentence_10.wav,"[1, 3, 2, 4, 3, 2, 1, 2, 4]","[7, 2, 4, 7, 3, 7, 6, 3, 6]","['A394S7JSNUA3TS', 'A3W24IE6P9O302', 'A2B6WQG0A9CKXQ', 'A2JP9IKRHNLRPI', 'A2M5M653UAC0SM', 'A1FHS282JP487T', 'AKZ8SFOAI4RZN', 'A3JZS32RQUWGJM', 'self_report_20']"
20_DR-100_0083_9_sentence_6.wav,"[3, 7, 5, 7, 1, 6, 4, 2, 5]","[6, 3, 4, 6, 3, 3, 3, 5, 6]","['A22QD6M0A2C77C', 'A2TBXASXZIRNNW', 'A124E03UMDZAA9', 'A2AG45K4ULNBHF', 'A273DS7TQWR9M1', 'A1T79J0XQXDDGC', 'A27IABVBUZ9X8Z', 'A1ZD9SJXQ9C6EW', 'self_report_20']"
27_DR-100_0084_1_sentence_8.wav,"[2, 3, 5, 7, 6, 4, 3, 3, 4]","[6, 5, 7, 8, 6, 7, 7, 6, 6]","['A2EOOF9D135HQ1', 'A27IABVBUZ9X8Z', 'A1B4KC5KP7FH1Z', 'A2MUCL20GTQJA0', 'ARVXIBUCA8WDZ', 'A2B6WQG0A9CKXQ', 'ACM87U430O96Z', 'A22QD6M0A2C77C', 'self_report_27']"
28_DR-100_0087_5_sentence_5.wav,"[6, 7, 3, 3, 4, 2, 2, 6, 3]","[3, 7, 6, 6, 5, 7, 5, 4, 6]","['A2TBXASXZIRNNW', 'AA9V4NE8SOA4I', 'A1FHS282JP487T', 'ACJ6NSCIWMUZI', 'A2CFE6AZS73RNS', 'A2MUCL20GTQJA0', 'A27IABVBUZ9X8Z', 'A3JZS32RQUWGJM', 'self_report_28']"
23_DR-100_0083_3_sentence_9.wav,"[5, 3, 2, 2, 5, 2, 1, 4, 5]","[3, 5, 4, 4, 3, 7, 5, 3, 5]","['AA9V4NE8SOA4I', 'ACJ6NSCIWMUZI', 'A3KCUB6P3IE8NL', 'A2EOOF9D135HQ1', 'A18O3DEA5Z4MJD', 'A1FHS282JP487T', 'A2F48NO7AD9VKK', 'A1HXEXQTZCJ1DW', 'self_report_23']"
19_DR-100_0082_7_sentence_10.wav,"[2, 4, 3, 4, 1, 3, 3, 2, 6]","[4, 5, 4, 2, 4, 6, 6, 4, 4]","['AEO84PDSWW0W', 'A27SMEOPKV84VI', 'A2871R3LEPWMMK', 'A1Y0Y6U906ABT5', 'A1T79J0XQXDDGC', 'A1VW8Y7XCV3DRW', 'A2AG45K4ULNBHF', 'AU6C9UNNFJALY', 'self_report_19']"
26_DR-100_0088_7_sentence_9.wav,"[6, 5, 5, 1, 2, 6, 7, 7, 8]","[4, 5, 6, 5, 3, 7, 7, 2, 9]","['A3JZS32RQUWGJM', 'AA9V4NE8SOA4I', 'A27SMEOPKV84VI', 'A2EOOF9D135HQ1', 'A27IABVBUZ9X8Z', 'A2NBVTY6FLBEAF', 'A2MUCL20GTQJA0', 'A2TBXASXZIRNNW', 'self_report_26']"
22_DR-100_0085_5_sentence_11.wav,"[5, 2, 2, 1, 7, 3, 4, 4, 7]","[5, 4, 4, 4, 4, 3, 1, 3, 7]","['A124E03UMDZAA9', 'A3GLUDQZGEJL5G', 'A2F48NO7AD9VKK', 'A1ZD9SJXQ9C6EW', 'A2TBXASXZIRNNW', 'A2CFE6AZS73RNS', 'A2B6WQG0A9CKXQ', 'AA9V4NE8SOA4I', 'self_report_22']"
24_DR-100_0086_3_sentence_9.wav,"[3, 7, 4, 8, 6, 6, 3, 4, 6]","[6, 6, 5, 5, 4, 3, 6, 5, 6]","['A1FHS282JP487T', 'ARVXIBUCA8WDZ', 'A2VRDE2FHCBMF8', 'A27SMEOPKV84VI', 'AA9V4NE8SOA4I', 'A3W24IE6P9O302', 'A124E03UMDZAA9', 'A2CFE6AZS73RNS', 'self_report_24']"
24_DR-100_0086_9_sentence_8.wav,"[1, 6, 7, 7, 1, 4, 5, 4, 4]","[5, 7, 6, 6, 5, 5, 5, 6, 6]","['A3GLUDQZGEJL5G', 'AA9V4NE8SOA4I', 'A1ET2J1PIP0RGO', 'A1VW8Y7XCV3DRW', 'A1T79J0XQXDDGC', 'A2VRDE2FHCBMF8', 'A2B6WQG0A9CKXQ', 'A27IABVBUZ9X8Z', 'self_report_24']"
19_DR-100_0082_7_sentence_4.wav,"[1, 5, 5, 1, 5, 5, 4, 1, 6]","[5, 5, 5, 5, 4, 6, 4, 4, 4]","['A394S7JSNUA3TS', 'ARVXIBUCA8WDZ', 'A27SMEOPKV84VI', 'A2F48NO7AD9VKK', 'A2TBXASXZIRNNW', 'A124E03UMDZAA9', 'AA9V4NE8SOA4I', 'A1T79J0XQXDDGC', 'self_report_19']"
19_DR-100_0082_3_sentence_1.wav,"[1, 1, 3, 4, 2, 3, 2, 2, 7]","[6, 5, 6, 5, 5, 5, 3, 5, 8]","['A27IABVBUZ9X8Z', 'A1ZD9SJXQ9C6EW', 'A2AG45K4ULNBHF', 'AEO84PDSWW0W', 'A394S7JSNUA3TS', 'A1HXEXQTZCJ1DW', 'A13NXSZ9D5NTHN', 'A2EOOF9D135HQ1', 'self_report_19']"
22_DR-100_0085_7_sentence_2.wav,"[4, 5, 3, 2, 1, 3, 3, 3, 5]","[4, 4, 4, 7, 7, 4, 5, 6, 5]","['A2CFE6AZS73RNS', 'A1B4KC5KP7FH1Z', 'A3KCUB6P3IE8NL', 'A13NXSZ9D5NTHN', 'A340UGIDGIF4W6', 'A1Y0Y6U906ABT5', 'AU6C9UNNFJALY', 'A2WNVSJ1Y06SS1', 'self_report_22']"
22_DR-100_0085_9_sentence_12.wav,"[3, 1, 2, 2, 5, 1, 5, 6, 6]","[6, 5, 4, 6, 6, 5, 6, 4, 6]","['A32U64W0S9PUA3', 'A13NXSZ9D5NTHN', 'A2CFE6AZS73RNS', 'A1FHS282JP487T', 'A124E03UMDZAA9', 'A2EOOF9D135HQ1', 'AHZPOM46IUJ2N', 'A1ET2J1PIP0RGO', 'self_report_22']"
19_DR-100_0082_3_sentence_11.wav,"[5, 2, 4, 2, 4, 1, 4, 5, 7]","[6, 5, 2, 3, 3, 5, 4, 3, 8]","['AA9V4NE8SOA4I', 'A13NXSZ9D5NTHN', 'ARX0S1CIDJLOX', 'A2T007HZK66WM', 'A22QD6M0A2C77C', 'A3GLUDQZGEJL5G', 'A3W24IE6P9O302', 'A1B4KC5KP7FH1Z', 'self_report_19']"
21_DR-100_0084_9_sentence_4.wav,"[2, 6, 2, 4, 5, 4, 5, 2, 1]","[4, 5, 4, 4, 2, 4, 7, 4, 7]","['A394S7JSNUA3TS', 'A27SMEOPKV84VI', 'A3KCUB6P3IE8NL', 'A10BH9PYCYUKDJ', 'A124E03UMDZAA9', 'AA9V4NE8SOA4I', 'A3W24IE6P9O302', 'ABI1EI8UQK6LK', 'self_report_21']"
25_DR-100_0087_1_sentence_9.wav,"[2, 4, 1, 2, 1, 2, 1, 4, 6]","[6, 5, 5, 5, 5, 6, 5, 5, 8]","['A1DD23J1WBGQUU', 'A124E03UMDZAA9', 'A2F48NO7AD9VKK', 'A2B6WQG0A9CKXQ', 'A2JP9IKRHNLRPI', 'A1FHS282JP487T', 'A1T79J0XQXDDGC', 'A3JZS32RQUWGJM', 'self_report_25']"
27_DR-100_0084_5_sentence_1.wav,"[3, 5, 3, 5, 2, 6, 2, 3, 3]","[3, 3, 5, 6, 4, 8, 6, 4, 4]","['A2T007HZK66WM', 'A2JP9IKRHNLRPI', 'A2F48NO7AD9VKK', 'A3K6DL4PN98CBN', 'A2B6WQG0A9CKXQ', 'A2MUCL20GTQJA0', 'A27IABVBUZ9X8Z', 'A1VW8Y7XCV3DRW', 'self_report_27']"
24_DR-100_0086_5_sentence_5.wav,"[5, 5, 2, 5, 3, 8, 2, 5, 7]","[4, 4, 3, 5, 6, 2, 4, 3, 5]","['A1B4KC5KP7FH1Z', 'AA9V4NE8SOA4I', 'A394S7JSNUA3TS', 'A1HXEXQTZCJ1DW', 'ACM87U430O96Z', 'A1VW8Y7XCV3DRW', 'A1ZD9SJXQ9C6EW', 'A2AG45K4ULNBHF', 'self_report_24']"
22_DR-100_0085_5_sentence_14.wav,"[6, 6, 5, 4, 5, 3, 2, 3, 7]","[7, 5, 7, 5, 7, 7, 7, 7, 7]","['AA9V4NE8SOA4I', 'ARVXIBUCA8WDZ', 'A1ET2J1PIP0RGO', 'A27SMEOPKV84VI', 'A2MUCL20GTQJA0', 'A2NJ7N8INZOB00', 'A1ZD9SJXQ9C6EW', 'A22QD6M0A2C77C', 'self_report_22']"
24_DR-100_0086_1_sentence_10.wav,"[3, 2, 2, 4, 4, 6, 5, 5, 4]","[7, 6, 6, 6, 6, 6, 7, 6, 6]","['A13NXSZ9D5NTHN', 'A2F48NO7AD9VKK', 'A2CFE6AZS73RNS', 'A10BH9PYCYUKDJ', 'AEO84PDSWW0W', 'A2NBVTY6FLBEAF', 'A1ET2J1PIP0RGO', 'A1T79J0XQXDDGC', 'self_report_24']"
20_DR-100_0083_9_sentence_1.wav,"[3, 5, 3, 4, 4, 1, 7, 3, 5]","[5, 4, 7, 5, 5, 5, 5, 6, 6]","['A2B6WQG0A9CKXQ', 'AA9V4NE8SOA4I', 'A1FHS282JP487T', 'A1HXEXQTZCJ1DW', 'A2AAY4VT9L71SY', 'A27IABVBUZ9X8Z', 'A1T79J0XQXDDGC', 'ACM87U430O96Z', 'self_report_20']"
27_DR-100_0084_3_sentence_10.wav,"[5, 7, 4, 7, 8, 5, 5, 6, 3]","[6, 7, 7, 8, 9, 7, 9, 6, 5]","['A2VRDE2FHCBMF8', 'AHZPOM46IUJ2N', 'ACJ6NSCIWMUZI', 'A1VW8Y7XCV3DRW', 'A3K6DL4PN98CBN', 'A1HXEXQTZCJ1DW', 'A1T79J0XQXDDGC', 'A124E03UMDZAA9', 'self_report_27']"
26_DR-100_0088_7_sentence_1.wav,"[3, 3, 2, 5, 5, 1, 5, 3, 8]","[8, 8, 5, 6, 7, 5, 4, 6, 9]","['A2MUCL20GTQJA0', 'A13NXSZ9D5NTHN', 'A1ZD9SJXQ9C6EW', 'A27SMEOPKV84VI', 'A1ET2J1PIP0RGO', 'A2F48NO7AD9VKK', 'A2JP9IKRHNLRPI', 'A1DD23J1WBGQUU', 'self_report_26']"
28_DR-100_0087_1_sentence_3.wav,"[1, 1, 1, 2, 1, 2, 1, 2, 7]","[5, 5, 5, 6, 5, 5, 5, 5, 5]","['ACJ6NSCIWMUZI', 'A2AG45K4ULNBHF', 'A2B6WQG0A9CKXQ', 'A1DD23J1WBGQUU', 'ARX0S1CIDJLOX', 'A2CFE6AZS73RNS', 'A3KCUB6P3IE8NL', 'AU6C9UNNFJALY', 'self_report_28']"
24_DR-100_0086_5_sentence_9.wav,"[2, 2, 2, 1, 1, 2, 1, 3, 7]","[5, 6, 4, 5, 5, 7, 6, 5, 5]","['ACJ6NSCIWMUZI', 'A1FHS282JP487T', 'A3JZS32RQUWGJM', 'A3GLUDQZGEJL5G', 'A394S7JSNUA3TS', 'A1VW8Y7XCV3DRW', 'A13NXSZ9D5NTHN', 'AU6C9UNNFJALY', 'self_report_24']"
26_DR-100_0088_5_sentence_6.wav,"[4, 6, 6, 5, 3, 6, 6, 6, 7]","[6, 7, 7, 9, 7, 8, 7, 7, 9]","['A22QD6M0A2C77C', 'A27SMEOPKV84VI', 'AA9V4NE8SOA4I', 'AUSRHMZM3R6CW', 'A1FHS282JP487T', 'A1VW8Y7XCV3DRW', 'A2VRDE2FHCBMF8', 'A2EOOF9D135HQ1', 'self_report_26']"
26_DR-100_0088_7_sentence_10.wav,"[1, 1, 5, 1, 1, 1, 1, 1, 8]","[5, 5, 5, 5, 5, 5, 5, 5, 9]","['A2B6WQG0A9CKXQ', 'A2TBXASXZIRNNW', 'A1ET2J1PIP0RGO', 'ARVXIBUCA8WDZ', 'A394S7JSNUA3TS', 'AEO84PDSWW0W', 'ACM87U430O96Z', 'A2JP9IKRHNLRPI', 'self_report_26']"
22_DR-100_0085_5_sentence_6.wav,"[2, 5, 5, 5, 3, 3, 2, 4, 7]","[6, 5, 3, 5, 8, 6, 5, 6, 7]","['A32U64W0S9PUA3', 'A124E03UMDZAA9', 'AA9V4NE8SOA4I', 'A1ET2J1PIP0RGO', 'A340UGIDGIF4W6', 'A1T79J0XQXDDGC', 'A3U7EIF0P9GQKI', 'AU6C9UNNFJALY', 'self_report_22']"
27_DR-100_0084_9_sentence_10.wav,"[7, 4, 7, 3, 7, 6, 2, 3, 3]","[7, 6, 6, 7, 8, 6, 7, 4, 8]","['A2TBXASXZIRNNW', 'A1Y0Y6U906ABT5', 'ARVXIBUCA8WDZ', 'A27IABVBUZ9X8Z', 'A3W24IE6P9O302', 'A2AG45K4ULNBHF', 'A1ZD9SJXQ9C6EW', 'A22QD6M0A2C77C', 'self_report_27']"
19_DR-100_0082_5_sentence_6.wav,"[3, 1, 3, 5, 1, 3, 1, 4, 7]","[6, 5, 5, 6, 7, 7, 5, 7, 7]","['ACJ6NSCIWMUZI', 'A3GLUDQZGEJL5G', 'ACM87U430O96Z', 'A1ET2J1PIP0RGO', 'A394S7JSNUA3TS', 'AHZPOM46IUJ2N', 'A13NXSZ9D5NTHN', 'A2AG45K4ULNBHF', 'self_report_19']"
26_DR-100_0088_1_sentence_6.wav,"[3, 1, 4, 4, 2, 1, 2, 1, 1]","[4, 4, 4, 5, 6, 4, 5, 5, 5]","['A22QD6M0A2C77C', 'A2T007HZK66WM', 'A124E03UMDZAA9', 'A2AG45K4ULNBHF', 'A13NXSZ9D5NTHN', 'A1T79J0XQXDDGC', 'A2AAY4VT9L71SY', 'A2D30R5ZNQS01W', 'self_report_26']"
28_DR-100_0087_1_sentence_8.wav,"[2, 4, 1, 1, 1, 1, 2, 2, 7]","[5, 3, 5, 6, 6, 8, 6, 6, 5]","['A2T007HZK66WM', 'AA9V4NE8SOA4I', 'A2EOOF9D135HQ1', 'AKZ8SFOAI4RZN', 'A13NXSZ9D5NTHN', 'A273DS7TQWR9M1', 'A3GLUDQZGEJL5G', 'A3W24IE6P9O302', 'self_report_28']"
22_DR-100_0085_1_sentence_1.wav,"[2, 6, 3, 1, 5, 2, 2, 3, 7]","[5, 5, 4, 4, 5, 5, 4, 5, 6]","['A3KCUB6P3IE8NL', 'A2TBXASXZIRNNW', 'A2CFE6AZS73RNS', 'A1T79J0XQXDDGC', 'A1B4KC5KP7FH1Z', 'A394S7JSNUA3TS', 'A3K6DL4PN98CBN', 'A1HXEXQTZCJ1DW', 'self_report_22']"
20_DR-100_0083_3_sentence_9.wav,"[7, 7, 5, 7, 6, 7, 4, 8, 4]","[5, 2, 4, 4, 7, 6, 3, 7, 4]","['A2AG45K4ULNBHF', 'A2TBXASXZIRNNW', 'ACJ6NSCIWMUZI', 'A3W24IE6P9O302', 'A1ET2J1PIP0RGO', 'ARVXIBUCA8WDZ', 'A13NXSZ9D5NTHN', 'A2MUCL20GTQJA0', 'self_report_20']"
19_DR-100_0082_9_sentence_9.wav,"[4, 2, 2, 2, 3, 2, 2, 4, 8]","[6, 5, 5, 4, 6, 4, 3, 3, 7]","['AA9V4NE8SOA4I', 'A2MUCL20GTQJA0', 'A32U64W0S9PUA3', 'A3KCUB6P3IE8NL', 'AEO84PDSWW0W', 'A1DD23J1WBGQUU', 'A22QD6M0A2C77C', 'AHZPOM46IUJ2N', 'self_report_19']"
22_DR-100_0085_9_sentence_8.wav,"[4, 4, 5, 6, 4, 2, 4, 6, 6]","[4, 5, 7, 3, 3, 6, 7, 6, 6]","['A124E03UMDZAA9', 'A2VRDE2FHCBMF8', 'A2AG45K4ULNBHF', 'A2TBXASXZIRNNW', 'AA9V4NE8SOA4I', 'A1ZD9SJXQ9C6EW', 'ARX0S1CIDJLOX', 'A1B4KC5KP7FH1Z', 'self_report_22']"
27_DR-100_0084_3_sentence_11.wav,"[6, 4, 3, 7, 7, 3, 3, 3, 3]","[7, 4, 6, 7, 8, 8, 7, 6, 5]","['A3APMO8WXVH1V0', 'AEO84PDSWW0W', 'A394S7JSNUA3TS', 'A2NBVTY6FLBEAF', 'A2TBXASXZIRNNW', 'A18TCR555RWUZV', 'A27IABVBUZ9X8Z', 'A3U7EIF0P9GQKI', 'self_report_27']"
27_DR-100_0084_7_sentence_3.wav,"[5, 3, 5, 5, 5, 5, 6, 2, 4]","[6, 6, 9, 7, 7, 9, 8, 7, 5]","['A124E03UMDZAA9', 'A13NXSZ9D5NTHN', 'A1T79J0XQXDDGC', 'A1HXEXQTZCJ1DW', 'A18O3DEA5Z4MJD', 'A2AAY4VT9L71SY', 'A1ET2J1PIP0RGO', 'ACM87U430O96Z', 'self_report_27']"
21_DR-100_0084_1_sentence_5.wav,"[3, 6, 4, 4, 3, 3, 5, 4, 2]","[5, 6, 6, 6, 7, 5, 6, 6, 7]","['A3KCUB6P3IE8NL', 'A1ET2J1PIP0RGO', 'A2MUCL20GTQJA0', 'A3JZS32RQUWGJM', 'A1HXEXQTZCJ1DW', 'ACJ6NSCIWMUZI', 'A124E03UMDZAA9', 'AU6C9UNNFJALY', 'self_report_21']"
21_DR-100_0084_1_sentence_10.wav,"[3, 4, 3, 5, 4, 1, 2, 4, 2]","[7, 7, 6, 6, 7, 5, 7, 7, 7]","['AEO84PDSWW0W', 'AHZPOM46IUJ2N', 'A3KCUB6P3IE8NL', 'A124E03UMDZAA9', 'A1DD23J1WBGQUU', 'A3GLUDQZGEJL5G', 'A1ZD9SJXQ9C6EW', 'AU6C9UNNFJALY', 'self_report_21']"
23_DR-100_0083_9_sentence_3.wav,"[2, 3, 3, 4, 3, 1, 4, 3, 5]","[5, 5, 4, 6, 5, 5, 4, 6, 4]","['A1ZD9SJXQ9C6EW', 'A2CFE6AZS73RNS', 'AHZPOM46IUJ2N', 'A2P065E9CYMYJL', 'ARX0S1CIDJLOX', 'A13NXSZ9D5NTHN', 'A1Y0Y6U906ABT5', 'A340UGIDGIF4W6', 'self_report_23']"
19_DR-100_0082_3_sentence_7.wav,"[5, 6, 4, 4, 5, 9, 6, 7, 7]","[4, 2, 2, 4, 5, 2, 3, 4, 8]","['AEO84PDSWW0W', 'A273DS7TQWR9M1', 'A27IABVBUZ9X8Z', 'A2F48NO7AD9VKK', 'A2VRDE2FHCBMF8', 'A1VW8Y7XCV3DRW', 'A2AG45K4ULNBHF', 'AU6C9UNNFJALY', 'self_report_19']"
28_DR-100_0087_9_sentence_9.wav,"[2, 3, 1, 2, 3, 2, 1, 1, 3]","[6, 4, 4, 3, 5, 6, 7, 5, 4]","['A394S7JSNUA3TS', 'A124E03UMDZAA9', 'ACJ6NSCIWMUZI', 'AA9V4NE8SOA4I', 'A2VRDE2FHCBMF8', 'A1VW8Y7XCV3DRW', 'A2MUCL20GTQJA0', 'A3GLUDQZGEJL5G', 'self_report_28']"
22_DR-100_0085_7_sentence_1.wav,"[1, 2, 3, 2, 3, 3, 6, 1, 5]","[5, 5, 4, 6, 5, 5, 5, 5, 5]","['A2EOOF9D135HQ1', 'A3KCUB6P3IE8NL', 'A124E03UMDZAA9', 'A32U64W0S9PUA3', 'AEO84PDSWW0W', 'A1DD23J1WBGQUU', 'A2TBXASXZIRNNW', 'A394S7JSNUA3TS', 'self_report_22']"
22_DR-100_0085_3_sentence_10.wav,"[2, 5, 3, 3, 2, 5, 5, 3, 5]","[5, 4, 5, 6, 5, 6, 6, 4, 6]","['A13NXSZ9D5NTHN', 'A124E03UMDZAA9', 'A3JZS32RQUWGJM', 'A1VW8Y7XCV3DRW', 'A3KCUB6P3IE8NL', 'AA9V4NE8SOA4I', 'A1ET2J1PIP0RGO', 'A1Y0Y6U906ABT5', 'self_report_22']"
28_DR-100_0087_5_sentence_12.wav,"[1, 1, 1, 1, 1, 1, 1, 5, 3]","[5, 5, 5, 5, 5, 5, 5, 5, 6]","['ARVXIBUCA8WDZ', 'A3KCUB6P3IE8NL', 'A1T79J0XQXDDGC', 'A2VRDE2FHCBMF8', 'AEO84PDSWW0W', 'A2T007HZK66WM', 'A1VW8Y7XCV3DRW', 'A27SMEOPKV84VI', 'self_report_28']"
21_DR-100_0084_7_sentence_11.wav,"[3, 7, 1, 1, 5, 3, 3, 3, 2]","[4, 3, 7, 6, 6, 7, 4, 4, 5]","['AEO84PDSWW0W', 'A2TBXASXZIRNNW', 'A273DS7TQWR9M1', 'A1ZD9SJXQ9C6EW', 'A1B4KC5KP7FH1Z', 'A1HXEXQTZCJ1DW', 'A1Y0Y6U906ABT5', 'AU6C9UNNFJALY', 'self_report_21']"
24_DR-100_0086_3_sentence_15.wav,"[3, 5, 5, 3, 4, 4, 5, 3, 6]","[1, 3, 3, 6, 4, 2, 5, 7, 6]","['A273DS7TQWR9M1', 'A1Y0Y6U906ABT5', 'A2JP9IKRHNLRPI', 'ACJ6NSCIWMUZI', 'ABI1EI8UQK6LK', 'A2AG45K4ULNBHF', 'A27IABVBUZ9X8Z', 'ACM87U430O96Z', 'self_report_24']"
23_DR-100_0083_1_sentence_3.wav,"[3, 2, 4, 2, 3, 2, 1, 5, 6]","[6, 3, 6, 5, 7, 5, 5, 6, 5]","['AHZPOM46IUJ2N', 'A27IABVBUZ9X8Z', 'A2AG45K4ULNBHF', 'ACJ6NSCIWMUZI', 'A1HXEXQTZCJ1DW', 'ABI1EI8UQK6LK', 'A2F48NO7AD9VKK', 'A2871R3LEPWMMK', 'self_report_23']"
20_DR-100_0083_9_sentence_7.wav,"[5, 4, 4, 5, 6, 4, 2, 5, 5]","[6, 4, 6, 6, 7, 5, 7, 4, 6]","['A2871R3LEPWMMK', 'AEO84PDSWW0W', 'A1HXEXQTZCJ1DW', 'A2NBVTY6FLBEAF', 'A1ET2J1PIP0RGO', 'A27IABVBUZ9X8Z', 'ACM87U430O96Z', 'A2MUCL20GTQJA0', 'self_report_20']"
27_DR-100_0084_1_sentence_3.wav,"[7, 2, 7, 5, 4, 7, 3, 3, 4]","[7, 6, 6, 6, 6, 8, 7, 4, 6]","['ARVXIBUCA8WDZ', 'A1ZD9SJXQ9C6EW', 'A27SMEOPKV84VI', 'A2NBVTY6FLBEAF', 'A1T79J0XQXDDGC', 'A2MUCL20GTQJA0', 'ABI1EI8UQK6LK', 'A22QD6M0A2C77C', 'self_report_27']"
23_DR-100_0083_9_sentence_5.wav,"[4, 1, 2, 2, 1, 1, 6, 5, 5]","[5, 5, 6, 5, 5, 5, 7, 4, 4]","['A2JP9IKRHNLRPI', 'A1T79J0XQXDDGC', 'A27IABVBUZ9X8Z', 'A2CFE6AZS73RNS', 'A3GLUDQZGEJL5G', 'A2F48NO7AD9VKK', 'AA9V4NE8SOA4I', 'A124E03UMDZAA9', 'self_report_23']"
22_DR-100_0085_1_sentence_8.wav,"[2, 3, 3, 3, 4, 3, 6, 4, 7]","[5, 5, 5, 6, 6, 6, 5, 6, 6]","['ACJ6NSCIWMUZI', 'A2B6WQG0A9CKXQ', 'A2EOOF9D135HQ1', 'A1DD23J1WBGQUU', 'AEO84PDSWW0W', 'A394S7JSNUA3TS', 'ARVXIBUCA8WDZ', 'A10BH9PYCYUKDJ', 'self_report_22']"
27_DR-100_0084_5_sentence_5.wav,"[6, 4, 4, 4, 6, 2, 5, 5, 3]","[8, 5, 6, 4, 6, 6, 5, 6, 4]","['AA9V4NE8SOA4I', 'AKZ8SFOAI4RZN', 'A3JZS32RQUWGJM', 'AEO84PDSWW0W', 'ARVXIBUCA8WDZ', 'A13NXSZ9D5NTHN', 'A1HXEXQTZCJ1DW', 'A1B4KC5KP7FH1Z', 'self_report_27']"
22_DR-100_0085_5_sentence_2.wav,"[7, 2, 3, 2, 3, 1, 3, 3, 7]","[7, 6, 6, 5, 7, 7, 7, 5, 7]","['AA9V4NE8SOA4I', 'A32U64W0S9PUA3', 'A1HXEXQTZCJ1DW', 'A3KCUB6P3IE8NL', 'A2B6WQG0A9CKXQ', 'ACM87U430O96Z', 'A3W24IE6P9O302', 'A22QD6M0A2C77C', 'self_report_22']"
21_DR-100_0084_1_sentence_12.wav,"[3, 3, 5, 3, 2, 3, 5, 4, 2]","[5, 6, 6, 7, 5, 8, 7, 6, 7]","['A2VRDE2FHCBMF8', 'A2AG45K4ULNBHF', 'AA9V4NE8SOA4I', 'A2CFE6AZS73RNS', 'A3K6DL4PN98CBN', 'A2B6WQG0A9CKXQ', 'A2P065E9CYMYJL', 'A1Y0Y6U906ABT5', 'self_report_21']"
28_DR-100_0087_9_sentence_4.wav,"[3, 2, 1, 4, 5, 2, 1, 1, 3]","[6, 6, 5, 3, 5, 6, 5, 6, 4]","['A2871R3LEPWMMK', 'A2AG45K4ULNBHF', 'AUSRHMZM3R6CW', 'AA9V4NE8SOA4I', 'A124E03UMDZAA9', 'A1HXEXQTZCJ1DW', 'A2B6WQG0A9CKXQ', 'ACM87U430O96Z', 'self_report_28']"
24_DR-100_0086_7_sentence_7.wav,"[3, 4, 6, 5, 7, 1, 3, 5, 4]","[6, 6, 7, 6, 4, 7, 5, 6, 8]","['A3KCUB6P3IE8NL', 'A2VRDE2FHCBMF8', 'A2MUCL20GTQJA0', 'ARVXIBUCA8WDZ', 'A2TBXASXZIRNNW', 'ACJ6NSCIWMUZI', 'A13NXSZ9D5NTHN', 'A1ET2J1PIP0RGO', 'self_report_24']"
28_DR-100_0087_1_sentence_5.wav,"[1, 1, 2, 1, 2, 4, 1, 5, 7]","[5, 5, 4, 3, 6, 3, 5, 5, 5]","['ACJ6NSCIWMUZI', 'A273DS7TQWR9M1', 'AA9V4NE8SOA4I', 'A3NSJ6GJC7TZSG', 'A2P065E9CYMYJL', 'A2TBXASXZIRNNW', 'A1ZD9SJXQ9C6EW', 'A27SMEOPKV84VI', 'self_report_28']"
20_DR-100_0083_7_sentence_7.wav,"[5, 7, 6, 3, 4, 3, 6, 6, 4]","[6, 8, 7, 6, 6, 4, 7, 7, 5]","['A3APMO8WXVH1V0', 'AA9V4NE8SOA4I', 'A2JP9IKRHNLRPI', 'A1HXEXQTZCJ1DW', 'A1T79J0XQXDDGC', 'A2T007HZK66WM', 'A2AG45K4ULNBHF', 'A10BH9PYCYUKDJ', 'self_report_20']"
24_DR-100_0086_9_sentence_15.wav,"[4, 8, 4, 5, 3, 5, 5, 5, 4]","[5, 5, 5, 5, 5, 5, 5, 6, 6]","['A2F48NO7AD9VKK', 'A27SMEOPKV84VI', 'A2VRDE2FHCBMF8', 'A2JP9IKRHNLRPI', 'A3KCUB6P3IE8NL', 'A1T79J0XQXDDGC', 'A1HXEXQTZCJ1DW', 'A1DD23J1WBGQUU', 'self_report_24']"
27_DR-100_0084_1_sentence_5.wav,"[1, 3, 7, 6, 1, 4, 3, 4, 4]","[6, 6, 6, 6, 7, 6, 6, 5, 6]","['A273DS7TQWR9M1', 'A13NXSZ9D5NTHN', 'A27SMEOPKV84VI', 'A1VE1CAMPSYRHE', 'A1T79J0XQXDDGC', 'A1Y0Y6U906ABT5', 'A3GLUDQZGEJL5G', 'A2B6WQG0A9CKXQ', 'self_report_27']"
24_DR-100_0086_1_sentence_5.wav,"[3, 5, 2, 2, 6, 4, 4, 5, 4]","[7, 8, 6, 7, 7, 6, 6, 5, 6]","['A22QD6M0A2C77C', 'A2B6WQG0A9CKXQ', 'A2F48NO7AD9VKK', 'ARX0S1CIDJLOX', 'A2MUCL20GTQJA0', 'AA9V4NE8SOA4I', 'AEO84PDSWW0W', 'A124E03UMDZAA9', 'self_report_24']"
26_DR-100_0088_5_sentence_1.wav,"[3, 4, 3, 1, 3, 6, 8, 2, 7]","[4, 3, 7, 5, 5, 8, 8, 6, 9]","['AEO84PDSWW0W', 'AA9V4NE8SOA4I', 'A1ZD9SJXQ9C6EW', 'A13NXSZ9D5NTHN', 'A1HXEXQTZCJ1DW', 'A3W24IE6P9O302', 'A2MUCL20GTQJA0', 'A22QD6M0A2C77C', 'self_report_26']"
21_DR-100_0084_5_sentence_1.wav,"[1, 2, 2, 1, 3, 4, 2, 1, 3]","[4, 6, 3, 3, 3, 3, 2, 5, 4]","['A2F48NO7AD9VKK', 'A1FHS282JP487T', 'ACJ6NSCIWMUZI', 'A273DS7TQWR9M1', 'A2T007HZK66WM', 'A2AG45K4ULNBHF', 'A3K6DL4PN98CBN', 'A13NXSZ9D5NTHN', 'self_report_21']"
24_DR-100_0086_9_sentence_9.wav,"[2, 5, 7, 5, 7, 4, 3, 5, 4]","[5, 6, 6, 6, 8, 5, 7, 3, 6]","['A13NXSZ9D5NTHN', 'A3K6DL4PN98CBN', 'ARVXIBUCA8WDZ', 'AHZPOM46IUJ2N', 'AA9V4NE8SOA4I', 'A2VRDE2FHCBMF8', 'ACM87U430O96Z', 'A2B6WQG0A9CKXQ', 'self_report_24']"
21_DR-100_0084_9_sentence_10.wav,"[6, 4, 2, 3, 3, 5, 3, 2, 1]","[3, 7, 5, 6, 8, 5, 7, 4, 7]","['A2TBXASXZIRNNW', 'A2CFE6AZS73RNS', 'A13NXSZ9D5NTHN', 'AEO84PDSWW0W', 'A2B6WQG0A9CKXQ', 'A10BH9PYCYUKDJ', 'A2AG45K4ULNBHF', 'ABI1EI8UQK6LK', 'self_report_21']"
28_DR-100_0087_1_sentence_14.wav,"[1, 1, 1, 1, 5, 1, 1, 1, 7]","[5, 5, 5, 5, 5, 5, 5, 5, 5]","['A2F48NO7AD9VKK', 'A2VRDE2FHCBMF8', 'A2B6WQG0A9CKXQ', 'A27IABVBUZ9X8Z', 'A1ET2J1PIP0RGO', 'A1FHS282JP487T', 'A340UGIDGIF4W6', 'A1HXEXQTZCJ1DW', 'self_report_28']"
20_DR-100_0083_1_sentence_10.wav,"[4, 8, 2, 4, 2, 7, 7, 5, 4]","[6, 8, 8, 5, 6, 5, 6, 6, 5]","['ACJ6NSCIWMUZI', 'A1VW8Y7XCV3DRW', 'A273DS7TQWR9M1', 'A2VRDE2FHCBMF8', 'ACM87U430O96Z', 'ARVXIBUCA8WDZ', 'AA9V4NE8SOA4I', 'A1Y0Y6U906ABT5', 'self_report_20']"
20_DR-100_0083_5_sentence_3.wav,"[5, 3, 5, 3, 3, 3, 6, 2, 4]","[6, 6, 4, 5, 6, 5, 7, 6, 6]","['AKZ8SFOAI4RZN', 'A1ZD9SJXQ9C6EW', 'ARVXIBUCA8WDZ', 'ACJ6NSCIWMUZI', 'AEO84PDSWW0W', 'A394S7JSNUA3TS', 'AA9V4NE8SOA4I', 'A1FHS282JP487T', 'self_report_20']"
23_DR-100_0083_7_sentence_5.wav,"[2, 5, 5, 5, 2, 3, 2, 3, 5]","[6, 6, 8, 9, 6, 7, 7, 4, 3]","['A3KCUB6P3IE8NL', 'A27SMEOPKV84VI', 'A2JP9IKRHNLRPI', 'A1B4KC5KP7FH1Z', 'ACJ6NSCIWMUZI', 'A2CFE6AZS73RNS', 'A2T007HZK66WM', 'A13NXSZ9D5NTHN', 'self_report_23']"
22_DR-100_0085_1_sentence_10.wav,"[1, 3, 4, 1, 5, 4, 2, 3, 7]","[5, 1, 4, 5, 3, 5, 6, 4, 6]","['A2EOOF9D135HQ1', 'A2B6WQG0A9CKXQ', 'AHZPOM46IUJ2N', 'ACM87U430O96Z', 'A2JP9IKRHNLRPI', 'A2VRDE2FHCBMF8', 'A1FHS282JP487T', 'AEO84PDSWW0W', 'self_report_22']"
23_DR-100_0083_5_sentence_1.wav,"[4, 3, 1, 4, 2, 5, 4, 4, 5]","[4, 2, 4, 4, 3, 4, 5, 6, 3]","['AA9V4NE8SOA4I', 'ARX0S1CIDJLOX', 'ACJ6NSCIWMUZI', 'A1Y0Y6U906ABT5', 'A13NXSZ9D5NTHN', 'A1ET2J1PIP0RGO', 'A27SMEOPKV84VI', 'A2MUCL20GTQJA0', 'self_report_23']"
20_DR-100_0083_1_sentence_8.wav,"[6, 3, 1, 2, 3, 3, 3, 2, 4]","[4, 6, 5, 5, 6, 5, 5, 4, 5]","['AHZPOM46IUJ2N', 'A2EOOF9D135HQ1', 'A2T007HZK66WM', 'A27IABVBUZ9X8Z', 'A1FHS282JP487T', 'A3KCUB6P3IE8NL', 'A1DD23J1WBGQUU', 'A394S7JSNUA3TS', 'self_report_20']"
24_DR-100_0086_9_sentence_5.wav,"[1, 5, 5, 3, 1, 2, 6, 4, 4]","[5, 5, 5, 6, 6, 5, 5, 4, 6]","['A273DS7TQWR9M1', 'A2B6WQG0A9CKXQ', 'A124E03UMDZAA9', 'A1Y0Y6U906ABT5', 'A13NXSZ9D5NTHN', 'A3GLUDQZGEJL5G', 'ARVXIBUCA8WDZ', 'AEO84PDSWW0W', 'self_report_24']"
28_DR-100_0087_7_sentence_9.wav,"[1, 5, 2, 4, 5, 1, 2, 1, 3]","[6, 7, 5, 6, 5, 5, 6, 5, 5]","['A1T79J0XQXDDGC', 'AA9V4NE8SOA4I', 'A3GLUDQZGEJL5G', 'A1B4KC5KP7FH1Z', 'A2TBXASXZIRNNW', 'ACJ6NSCIWMUZI', 'A27IABVBUZ9X8Z', 'A340UGIDGIF4W6', 'self_report_28']"
24_DR-100_0086_3_sentence_14.wav,"[4, 3, 5, 3, 5, 7, 3, 3, 6]","[5, 5, 7, 6, 5, 5, 8, 8, 6]","['A2VRDE2FHCBMF8', 'A3KCUB6P3IE8NL', 'A1VW8Y7XCV3DRW', 'A1FHS282JP487T', 'A1B4KC5KP7FH1Z', 'A27SMEOPKV84VI', 'A273DS7TQWR9M1', 'ABI1EI8UQK6LK', 'self_report_24']"
26_DR-100_0088_1_sentence_5.wav,"[7, 1, 4, 3, 2, 1, 2, 2, 1]","[4, 5, 3, 4, 6, 6, 7, 3, 5]","['A2TBXASXZIRNNW', 'A2EOOF9D135HQ1', 'A124E03UMDZAA9', 'AKZ8SFOAI4RZN', 'A1FHS282JP487T', 'A394S7JSNUA3TS', 'A2B6WQG0A9CKXQ', 'A22QD6M0A2C77C', 'self_report_26']"
25_DR-100_0087_7_sentence_4.wav,"[3, 5, 1, 2, 3, 7, 1, 4, 3]","[4, 6, 4, 4, 4, 2, 2, 3, 2]","['AEO84PDSWW0W', 'A1ET2J1PIP0RGO', 'A2F48NO7AD9VKK', 'A1HXEXQTZCJ1DW', 'A394S7JSNUA3TS', 'A2TBXASXZIRNNW', 'A2871R3LEPWMMK', 'AA9V4NE8SOA4I', 'self_report_25']"
24_DR-100_0086_3_sentence_2.wav,"[4, 4, 2, 1, 7, 5, 5, 4, 6]","[6, 4, 6, 6, 5, 5, 6, 5, 6]","['A22QD6M0A2C77C', 'A124E03UMDZAA9', 'A1T79J0XQXDDGC', 'A273DS7TQWR9M1', 'A27SMEOPKV84VI', 'ARVXIBUCA8WDZ', 'A1B4KC5KP7FH1Z', 'A1HXEXQTZCJ1DW', 'self_report_24']"
19_DR-100_0082_7_sentence_7.wav,"[4, 2, 3, 4, 2, 5, 1, 2, 6]","[4, 6, 6, 7, 6, 7, 7, 6, 4]","['A1B4KC5KP7FH1Z', 'A3JZS32RQUWGJM', 'AKZ8SFOAI4RZN', 'A10BH9PYCYUKDJ', 'A2M5M653UAC0SM', 'AA9V4NE8SOA4I', 'A27IABVBUZ9X8Z', 'A3KCUB6P3IE8NL', 'self_report_19']"
25_DR-100_0087_7_sentence_3.wav,"[2, 3, 6, 1, 2, 1, 4, 2, 3]","[4, 4, 3, 6, 3, 4, 5, 2, 2]","['A1ZD9SJXQ9C6EW', 'A2MUCL20GTQJA0', 'A2TBXASXZIRNNW', 'AZZ2Y5UHP5F0L', 'AHZPOM46IUJ2N', 'ACJ6NSCIWMUZI', 'A27SMEOPKV84VI', 'A3JZS32RQUWGJM', 'self_report_25']"
20_DR-100_0083_1_sentence_9.wav,"[6, 2, 4, 4, 2, 6, 5, 3, 4]","[5, 5, 5, 6, 6, 7, 6, 6, 5]","['A2CFE6AZS73RNS', 'A3JZS32RQUWGJM', 'A2B6WQG0A9CKXQ', 'AEO84PDSWW0W', 'A273DS7TQWR9M1', 'AA9V4NE8SOA4I', 'A1Y0Y6U906ABT5', 'A22QD6M0A2C77C', 'self_report_20']"
21_DR-100_0084_3_sentence_12.wav,"[6, 4, 4, 6, 7, 3, 4, 2, 1]","[2, 5, 5, 4, 4, 9, 7, 6, 8]","['A27IABVBUZ9X8Z', 'ARVXIBUCA8WDZ', 'A2VRDE2FHCBMF8', 'A2TBXASXZIRNNW', 'A2MUCL20GTQJA0', 'A1ZD9SJXQ9C6EW', 'A1HXEXQTZCJ1DW', 'A3JZS32RQUWGJM', 'self_report_21']"
27_DR-100_0084_9_sentence_7.wav,"[5, 5, 6, 4, 2, 5, 3, 3, 3]","[4, 5, 4, 5, 6, 4, 4, 5, 8]","['A2MUCL20GTQJA0', 'ARVXIBUCA8WDZ', 'A2NBVTY6FLBEAF', 'A2VRDE2FHCBMF8', 'AKZ8SFOAI4RZN', 'A3W24IE6P9O302', 'AHZPOM46IUJ2N', 'AU6C9UNNFJALY', 'self_report_27']"
27_DR-100_0084_7_sentence_5.wav,"[4, 4, 6, 2, 6, 7, 4, 7, 4]","[6, 7, 7, 6, 8, 7, 8, 6, 5]","['ACJ6NSCIWMUZI', 'A1T79J0XQXDDGC', 'AA9V4NE8SOA4I', 'A1ZD9SJXQ9C6EW', 'A1ET2J1PIP0RGO', 'A2NBVTY6FLBEAF', 'A2AAY4VT9L71SY', 'A124E03UMDZAA9', 'self_report_27']"
22_DR-100_0085_1_sentence_9.wav,"[5, 4, 2, 2, 3, 5, 7, 3, 7]","[6, 7, 6, 6, 7, 7, 4, 5, 6]","['A2MUCL20GTQJA0', 'A2B6WQG0A9CKXQ', 'A1ZD9SJXQ9C6EW', 'AEO84PDSWW0W', 'A1T79J0XQXDDGC', 'A1B4KC5KP7FH1Z', 'A2TBXASXZIRNNW', 'A3K6DL4PN98CBN', 'self_report_22']"
20_DR-100_0083_9_sentence_4.wav,"[2, 1, 3, 4, 6, 5, 5, 6, 5]","[5, 5, 5, 5, 5, 5, 4, 6, 6]","['A1ZD9SJXQ9C6EW', 'A273DS7TQWR9M1', 'A2JP9IKRHNLRPI', 'A1DD23J1WBGQUU', 'A2CFE6AZS73RNS', 'A18TCR555RWUZV', 'A1Y0Y6U906ABT5', 'AA9V4NE8SOA4I', 'self_report_20']"
22_DR-100_0085_7_sentence_6.wav,"[4, 5, 3, 2, 2, 5, 5, 4, 5]","[3, 4, 7, 5, 2, 6, 7, 5, 5]","['A3K6DL4PN98CBN', 'A2JP9IKRHNLRPI', 'A13NXSZ9D5NTHN', 'A3KCUB6P3IE8NL', 'ARX0S1CIDJLOX', 'A124E03UMDZAA9', 'A2871R3LEPWMMK', 'A1HXEXQTZCJ1DW', 'self_report_22']"
22_DR-100_0085_7_sentence_9.wav,"[3, 7, 4, 4, 1, 1, 8, 9, 5]","[5, 5, 4, 5, 5, 5, 3, 7, 5]","['A32U64W0S9PUA3', 'A27SMEOPKV84VI', 'AEO84PDSWW0W', 'A3W24IE6P9O302', 'A3GLUDQZGEJL5G', 'A1T79J0XQXDDGC', 'A2TBXASXZIRNNW', 'A2MUCL20GTQJA0', 'self_report_22']"
23_DR-100_0083_3_sentence_3.wav,"[2, 2, 1, 4, 6, 3, 3, 3, 5]","[5, 5, 5, 5, 7, 4, 5, 5, 5]","['ARX0S1CIDJLOX', 'A3KCUB6P3IE8NL', 'A2F48NO7AD9VKK', 'A2AG45K4ULNBHF', 'AA9V4NE8SOA4I', 'AEO84PDSWW0W', 'A1HXEXQTZCJ1DW', 'A2B6WQG0A9CKXQ', 'self_report_23']"
19_DR-100_0082_3_sentence_4.wav,"[2, 3, 3, 1, 4, 3, 2, 2, 7]","[4, 6, 5, 5, 5, 4, 5, 5, 8]","['AHZPOM46IUJ2N', 'A1FHS282JP487T', 'A2VRDE2FHCBMF8', 'ACM87U430O96Z', 'ARVXIBUCA8WDZ', 'A22QD6M0A2C77C', 'ABI1EI8UQK6LK', 'A2EOOF9D135HQ1', 'self_report_19']"
21_DR-100_0084_3_sentence_2.wav,"[2, 1, 3, 1, 5, 1, 4, 5, 1]","[6, 7, 7, 4, 4, 5, 5, 7, 8]","['A2EOOF9D135HQ1', 'A273DS7TQWR9M1', 'A2B6WQG0A9CKXQ', 'A3K6DL4PN98CBN', 'AA9V4NE8SOA4I', 'A13NXSZ9D5NTHN', 'A1HXEXQTZCJ1DW', 'A1B4KC5KP7FH1Z', 'self_report_21']"
21_DR-100_0084_7_sentence_9.wav,"[2, 2, 1, 5, 2, 1, 3, 3, 2]","[7, 6, 4, 7, 6, 5, 6, 5, 5]","['A2EOOF9D135HQ1', 'A1FHS282JP487T', 'A394S7JSNUA3TS', 'AA9V4NE8SOA4I', 'ABI1EI8UQK6LK', 'A3GLUDQZGEJL5G', 'A18TCR555RWUZV', 'A2CFE6AZS73RNS', 'self_report_21']"
27_DR-100_0084_5_sentence_9.wav,"[1, 1, 1, 1, 1, 1, 1, 1, 3]","[5, 5, 5, 5, 5, 5, 5, 5, 4]","['AA9V4NE8SOA4I', 'A1T79J0XQXDDGC', 'A2B6WQG0A9CKXQ', 'A2AG45K4ULNBHF', 'A2AAY4VT9L71SY', 'A1B4KC5KP7FH1Z', 'A13NXSZ9D5NTHN', 'A124E03UMDZAA9', 'self_report_27']"
26_DR-100_0088_1_sentence_2.wav,"[4, 1, 6, 3, 1, 4, 3, 2, 1]","[8, 5, 5, 5, 7, 6, 5, 6, 5]","['AA9V4NE8SOA4I', 'A3GLUDQZGEJL5G', 'A27SMEOPKV84VI', 'ACJ6NSCIWMUZI', 'A1T79J0XQXDDGC', 'A1Y0Y6U906ABT5', 'AU6C9UNNFJALY', 'A3JZS32RQUWGJM', 'self_report_26']"
27_DR-100_0084_1_sentence_12.wav,"[7, 4, 4, 4, 4, 6, 4, 3, 4]","[7, 7, 7, 7, 7, 7, 7, 7, 6]","['AA9V4NE8SOA4I', 'A394S7JSNUA3TS', 'ACJ6NSCIWMUZI', 'AEO84PDSWW0W', 'A2CFE6AZS73RNS', 'A2MUCL20GTQJA0', 'A124E03UMDZAA9', 'A3GLUDQZGEJL5G', 'self_report_27']"
21_DR-100_0084_1_sentence_3.wav,"[3, 3, 3, 4, 5, 2, 6, 3, 2]","[6, 6, 5, 6, 6, 5, 6, 5, 7]","['A3JZS32RQUWGJM', 'A32U64W0S9PUA3', 'A1T79J0XQXDDGC', 'A2B6WQG0A9CKXQ', 'A10BH9PYCYUKDJ', 'A3KCUB6P3IE8NL', 'A3W24IE6P9O302', 'ACM87U430O96Z', 'self_report_21']"
21_DR-100_0084_7_sentence_6.wav,"[1, 1, 3, 3, 7, 2, 4, 1, 2]","[5, 5, 6, 5, 5, 4, 4, 6, 5]","['A13NXSZ9D5NTHN', 'A2F48NO7AD9VKK', 'A10BH9PYCYUKDJ', 'A2CFE6AZS73RNS', 'A27SMEOPKV84VI', 'A18TCR555RWUZV', 'A2NBVTY6FLBEAF', 'A1ZD9SJXQ9C6EW', 'self_report_21']"
23_DR-100_0083_3_sentence_12.wav,"[4, 5, 1, 5, 6, 4, 4, 4, 5]","[4, 6, 5, 3, 5, 4, 5, 4, 5]","['A3APMO8WXVH1V0', 'ARVXIBUCA8WDZ', 'A2F48NO7AD9VKK', 'A2JP9IKRHNLRPI', 'A27SMEOPKV84VI', 'A1Y0Y6U906ABT5', 'A2AG45K4ULNBHF', 'A18TCR555RWUZV', 'self_report_23']"
27_DR-100_0084_1_sentence_7.wav,"[5, 4, 7, 4, 4, 3, 2, 4, 4]","[9, 6, 7, 7, 7, 9, 6, 7, 6]","['A2B6WQG0A9CKXQ', 'A1FHS282JP487T', 'A2MUCL20GTQJA0', 'A2CFE6AZS73RNS', 'A2T007HZK66WM', 'A2F48NO7AD9VKK', 'A2EOOF9D135HQ1', 'A3JZS32RQUWGJM', 'self_report_27']"
20_DR-100_0083_3_sentence_10.wav,"[4, 5, 9, 7, 8, 6, 8, 6, 4]","[6, 6, 1, 3, 1, 1, 2, 2, 4]","['ACJ6NSCIWMUZI', 'A1ET2J1PIP0RGO', 'A1T79J0XQXDDGC', 'A2871R3LEPWMMK', 'A27IABVBUZ9X8Z', 'A2B6WQG0A9CKXQ', 'A1Y0Y6U906ABT5', 'AA9V4NE8SOA4I', 'self_report_20']"
19_DR-100_0082_7_sentence_1.wav,"[3, 3, 2, 4, 1, 4, 3, 2, 6]","[5, 5, 4, 6, 5, 5, 5, 5, 4]","['A32U64W0S9PUA3', 'A2VRDE2FHCBMF8', 'AHZPOM46IUJ2N', 'A1B4KC5KP7FH1Z', 'ACM87U430O96Z', 'A2AG45K4ULNBHF', 'A1DD23J1WBGQUU', 'A3JZS32RQUWGJM', 'self_report_19']"
26_DR-100_0088_7_sentence_8.wav,"[3, 3, 4, 3, 1, 6, 7, 5, 8]","[5, 6, 3, 4, 6, 7, 4, 7, 9]","['A3K6DL4PN98CBN', 'A1FHS282JP487T', 'A394S7JSNUA3TS', 'A3KCUB6P3IE8NL', 'A13NXSZ9D5NTHN', 'AHZPOM46IUJ2N', 'A1VW8Y7XCV3DRW', 'AU6C9UNNFJALY', 'self_report_26']"
27_DR-100_0084_1_sentence_1.wav,"[1, 4, 5, 2, 3, 4, 3, 3, 4]","[5, 7, 7, 6, 7, 6, 7, 6, 6]","['A2EOOF9D135HQ1', 'A2CFE6AZS73RNS', 'A1B4KC5KP7FH1Z', 'AEO84PDSWW0W', 'AHZPOM46IUJ2N', 'A1Y25W1Y7KDE5', 'ACM87U430O96Z', 'A22QD6M0A2C77C', 'self_report_27']"
21_DR-100_0084_7_sentence_4.wav,"[5, 4, 5, 3, 2, 1, 5, 1, 2]","[4, 6, 4, 5, 4, 2, 6, 5, 5]","['A3JZS32RQUWGJM', 'AEO84PDSWW0W', 'A124E03UMDZAA9', 'A2VRDE2FHCBMF8', 'A3KCUB6P3IE8NL', 'A273DS7TQWR9M1', 'A2JP9IKRHNLRPI', 'A1T79J0XQXDDGC', 'self_report_21']"
23_DR-100_0083_7_sentence_1.wav,"[2, 1, 2, 5, 2, 2, 4, 5, 5]","[6, 4, 6, 6, 7, 8, 7, 8, 3]","['A2EOOF9D135HQ1', 'A13NXSZ9D5NTHN', 'A1FHS282JP487T', 'A124E03UMDZAA9', 'A2F48NO7AD9VKK', 'A3K6DL4PN98CBN', 'A2CFE6AZS73RNS', 'A1B4KC5KP7FH1Z', 'self_report_23']"
21_DR-100_0084_3_sentence_9.wav,"[4, 3, 4, 4, 3, 5, 4, 5, 1]","[4, 9, 6, 7, 7, 6, 6, 7, 8]","['AA9V4NE8SOA4I', 'A2B6WQG0A9CKXQ', 'A2VRDE2FHCBMF8', 'A2CFE6AZS73RNS', 'A1ZD9SJXQ9C6EW', 'A124E03UMDZAA9', 'ARVXIBUCA8WDZ', 'A18TCR555RWUZV', 'self_report_21']"
26_DR-100_0088_7_sentence_7.wav,"[2, 7, 5, 5, 7, 4, 6, 3, 8]","[6, 2, 6, 6, 3, 4, 7, 5, 9]","['A3GLUDQZGEJL5G', 'A2TBXASXZIRNNW', 'A1B4KC5KP7FH1Z', 'AHZPOM46IUJ2N', 'A18O3DEA5Z4MJD', 'A27IABVBUZ9X8Z', 'A1VW8Y7XCV3DRW', 'A1HXEXQTZCJ1DW', 'self_report_26']"
24_DR-100_0086_1_sentence_14.wav,"[1, 4, 3, 2, 5, 1, 1, 1, 4]","[6, 4, 5, 7, 7, 6, 6, 6, 6]","['A1ZD9SJXQ9C6EW', 'ARVXIBUCA8WDZ', 'A27SMEOPKV84VI', 'A22QD6M0A2C77C', 'A1ET2J1PIP0RGO', 'A394S7JSNUA3TS', 'A1T79J0XQXDDGC', 'A2T007HZK66WM', 'self_report_24']"
22_DR-100_0085_3_sentence_3.wav,"[3, 4, 3, 2, 6, 5, 3, 2, 5]","[7, 8, 6, 5, 7, 5, 5, 6, 6]","['A3K6DL4PN98CBN', 'A2871R3LEPWMMK', 'AEO84PDSWW0W', 'A2B6WQG0A9CKXQ', 'A1ET2J1PIP0RGO', 'A2NBVTY6FLBEAF', 'A124E03UMDZAA9', 'A1DD23J1WBGQUU', 'self_report_22']"
23_DR-100_0083_5_sentence_5.wav,"[1, 2, 6, 1, 2, 2, 3, 4, 5]","[5, 4, 3, 6, 4, 3, 3, 4, 3]","['A2EOOF9D135HQ1', 'A3GLUDQZGEJL5G', 'A1Y0Y6U906ABT5', 'A13NXSZ9D5NTHN', 'A340UGIDGIF4W6', 'A3NSJ6GJC7TZSG', 'A1HXEXQTZCJ1DW', 'AHZPOM46IUJ2N', 'self_report_23']"
24_DR-100_0086_7_sentence_10.wav,"[4, 4, 6, 1, 6, 5, 4, 6, 4]","[5, 6, 6, 6, 5, 6, 7, 7, 8]","['A2B6WQG0A9CKXQ', 'A1T79J0XQXDDGC', 'A1ET2J1PIP0RGO', 'A13NXSZ9D5NTHN', 'A27SMEOPKV84VI', 'AEO84PDSWW0W', 'A10BH9PYCYUKDJ', 'A1B4KC5KP7FH1Z', 'self_report_24']"
20_DR-100_0083_5_sentence_4.wav,"[5, 6, 5, 3, 5, 5, 5, 6, 4]","[6, 4, 6, 7, 8, 6, 7, 6, 6]","['ARVXIBUCA8WDZ', 'A2TBXASXZIRNNW', 'A124E03UMDZAA9', 'A22QD6M0A2C77C', 'A3W24IE6P9O302', 'A27SMEOPKV84VI', 'A2JP9IKRHNLRPI', 'A2AG45K4ULNBHF', 'self_report_20']"
19_DR-100_0082_7_sentence_9.wav,"[3, 6, 2, 3, 5, 5, 2, 3, 6]","[6, 3, 5, 5, 4, 6, 5, 5, 4]","['A3K6DL4PN98CBN', 'A2TBXASXZIRNNW', 'A13NXSZ9D5NTHN', 'A2CFE6AZS73RNS', 'A124E03UMDZAA9', 'A1ET2J1PIP0RGO', 'A27IABVBUZ9X8Z', 'A1T79J0XQXDDGC', 'self_report_19']"
24_DR-100_0086_3_sentence_5.wav,"[1, 6, 3, 2, 3, 5, 2, 3, 6]","[6, 6, 4, 5, 4, 5, 5, 4, 6]","['A13NXSZ9D5NTHN', 'A27SMEOPKV84VI', 'AEO84PDSWW0W', 'A2T007HZK66WM', 'A2VRDE2FHCBMF8', 'A124E03UMDZAA9', 'A27IABVBUZ9X8Z', 'A1DD23J1WBGQUU', 'self_report_24']"
19_DR-100_0082_1_sentence_7.wav,"[2, 3, 1, 1, 3, 2, 4, 4, 6]","[4, 6, 4, 5, 5, 6, 6, 6, 6]","['A2F48NO7AD9VKK', 'AEO84PDSWW0W', 'A27IABVBUZ9X8Z', 'A3GLUDQZGEJL5G', 'A2VRDE2FHCBMF8', 'A1FHS282JP487T', 'A2AG45K4ULNBHF', 'A1HXEXQTZCJ1DW', 'self_report_19']"
22_DR-100_0085_5_sentence_13.wav,"[3, 1, 3, 1, 5, 5, 5, 2, 7]","[5, 5, 6, 8, 4, 6, 5, 6, 7]","['A3KCUB6P3IE8NL', 'A1T79J0XQXDDGC', 'A1FHS282JP487T', 'A273DS7TQWR9M1', 'AA9V4NE8SOA4I', 'A2MUCL20GTQJA0', 'A27SMEOPKV84VI', 'ACM87U430O96Z', 'self_report_22']"
22_DR-100_0085_5_sentence_12.wav,"[5, 4, 3, 2, 5, 4, 4, 5, 7]","[7, 7, 7, 7, 6, 6, 7, 8, 7]","['A2JP9IKRHNLRPI', 'A2AG45K4ULNBHF', 'AEO84PDSWW0W', 'A1ZD9SJXQ9C6EW', 'ARVXIBUCA8WDZ', 'A1T79J0XQXDDGC', 'A124E03UMDZAA9', 'A1B4KC5KP7FH1Z', 'self_report_22']"
22_DR-100_0085_1_sentence_5.wav,"[2, 3, 2, 1, 3, 5, 2, 2, 7]","[5, 4, 4, 4, 4, 4, 4, 4, 6]","['A3KCUB6P3IE8NL', 'AEO84PDSWW0W', 'A2F48NO7AD9VKK', 'A1T79J0XQXDDGC', 'A2EOOF9D135HQ1', 'A1VW8Y7XCV3DRW', 'A394S7JSNUA3TS', 'A2CFE6AZS73RNS', 'self_report_22']"
28_DR-100_0087_1_sentence_9.wav,"[1, 2, 1, 6, 1, 1, 1, 2, 7]","[5, 5, 6, 6, 6, 5, 5, 5, 5]","['A394S7JSNUA3TS', 'A3JZS32RQUWGJM', 'A2F48NO7AD9VKK', 'A124E03UMDZAA9', 'A3K6DL4PN98CBN', 'A3KCUB6P3IE8NL', 'A3GLUDQZGEJL5G', 'A2MUCL20GTQJA0', 'self_report_28']"
20_DR-100_0083_5_sentence_1.wav,"[2, 2, 5, 6, 1, 7, 6, 2, 4]","[2, 4, 4, 1, 3, 1, 4, 3, 6]","['A1T79J0XQXDDGC', 'A32U64W0S9PUA3', 'A2MUCL20GTQJA0', 'A3K6DL4PN98CBN', 'A273DS7TQWR9M1', 'A2TBXASXZIRNNW', 'A124E03UMDZAA9', 'A27IABVBUZ9X8Z', 'self_report_20']"
21_DR-100_0084_1_sentence_2.wav,"[3, 4, 1, 4, 1, 3, 5, 3, 2]","[5, 6, 5, 5, 5, 6, 7, 6, 7]","['A3KCUB6P3IE8NL', 'A1ET2J1PIP0RGO', 'A3GLUDQZGEJL5G', 'ARVXIBUCA8WDZ', 'A27IABVBUZ9X8Z', 'AEO84PDSWW0W', 'A1B4KC5KP7FH1Z', 'A1Y0Y6U906ABT5', 'self_report_21']"
24_DR-100_0086_1_sentence_1.wav,"[2, 2, 4, 5, 4, 2, 1, 3, 4]","[6, 6, 6, 4, 6, 6, 6, 6, 6]","['A2EOOF9D135HQ1', 'A3JZS32RQUWGJM', 'A1HXEXQTZCJ1DW', 'A124E03UMDZAA9', 'A1DD23J1WBGQUU', 'A2T007HZK66WM', 'A13NXSZ9D5NTHN', 'A3W24IE6P9O302', 'self_report_24']"
23_DR-100_0083_5_sentence_4.wav,"[1, 3, 5, 2, 1, 1, 3, 1, 5]","[5, 6, 4, 5, 4, 5, 6, 6, 3]","['A1ZD9SJXQ9C6EW', 'A10BH9PYCYUKDJ', 'A2JP9IKRHNLRPI', 'A2CFE6AZS73RNS', 'A2NJ7N8INZOB00', 'A394S7JSNUA3TS', 'A27IABVBUZ9X8Z', 'A13NXSZ9D5NTHN', 'self_report_23']"
19_DR-100_0082_9_sentence_6.wav,"[2, 1, 5, 1, 1, 3, 5, 2, 8]","[6, 5, 7, 5, 6, 6, 4, 6, 7]","['A394S7JSNUA3TS', 'A2EOOF9D135HQ1', 'AA9V4NE8SOA4I', 'A1T79J0XQXDDGC', 'A2F48NO7AD9VKK', 'AEO84PDSWW0W', 'A124E03UMDZAA9', 'ACM87U430O96Z', 'self_report_19']"
20_DR-100_0083_3_sentence_2.wav,"[7, 6, 4, 7, 5, 6, 5, 6, 4]","[4, 5, 3, 6, 4, 5, 4, 7, 4]","['A1T79J0XQXDDGC', 'A1Y25W1Y7KDE5', 'A27IABVBUZ9X8Z', 'A1Y0Y6U906ABT5', 'AA9V4NE8SOA4I', 'A124E03UMDZAA9', 'A3W24IE6P9O302', 'A2JP9IKRHNLRPI', 'self_report_20']"
27_DR-100_0084_7_sentence_4.wav,"[7, 2, 7, 3, 5, 3, 1, 8, 4]","[9, 6, 7, 2, 7, 6, 6, 8, 5]","['A2TBXASXZIRNNW', 'A1T79J0XQXDDGC', 'A2MUCL20GTQJA0', 'A2T007HZK66WM', 'A3K6DL4PN98CBN', 'A22QD6M0A2C77C', 'A13NXSZ9D5NTHN', 'A1VW8Y7XCV3DRW', 'self_report_27']"
22_DR-100_0085_1_sentence_6.wav,"[3, 4, 4, 5, 6, 1, 1, 4, 7]","[4, 3, 6, 6, 6, 3, 5, 4, 6]","['A2AG45K4ULNBHF', 'AA9V4NE8SOA4I', 'A2871R3LEPWMMK', 'A2JP9IKRHNLRPI', 'A1ET2J1PIP0RGO', 'A13NXSZ9D5NTHN', 'A2EOOF9D135HQ1', 'A10BH9PYCYUKDJ', 'self_report_22']"
27_DR-100_0084_9_sentence_12.wav,"[1, 5, 1, 1, 1, 1, 1, 5, 3]","[5, 5, 5, 5, 5, 5, 5, 5, 8]","['A2JP9IKRHNLRPI', 'A27SMEOPKV84VI', 'AEO84PDSWW0W', 'A1B4KC5KP7FH1Z', 'A1T79J0XQXDDGC', 'A273DS7TQWR9M1', 'A2B6WQG0A9CKXQ', 'A2NBVTY6FLBEAF', 'self_report_27']"
24_DR-100_0086_1_sentence_2.wav,"[4, 2, 2, 2, 1, 4, 6, 4, 4]","[5, 6, 5, 6, 7, 6, 6, 7, 6]","['A2VRDE2FHCBMF8', 'A1ZD9SJXQ9C6EW', 'A13NXSZ9D5NTHN', 'A3GLUDQZGEJL5G', 'A273DS7TQWR9M1', 'A2CFE6AZS73RNS', 'A27SMEOPKV84VI', 'A2B6WQG0A9CKXQ', 'self_report_24']"
27_DR-100_0084_9_sentence_4.wav,"[8, 6, 3, 7, 9, 2, 9, 3, 3]","[5, 8, 7, 7, 8, 6, 9, 7, 8]","['A273DS7TQWR9M1', 'A1ET2J1PIP0RGO', 'A3KCUB6P3IE8NL', 'AHZPOM46IUJ2N', 'A1VW8Y7XCV3DRW', 'A2F48NO7AD9VKK', 'A3K6DL4PN98CBN', 'A3GLUDQZGEJL5G', 'self_report_27']"
23_DR-100_0083_3_sentence_8.wav,"[4, 5, 5, 4, 2, 4, 3, 2, 5]","[3, 6, 6, 4, 6, 5, 4, 4, 5]","['AA9V4NE8SOA4I', 'ARVXIBUCA8WDZ', 'A27SMEOPKV84VI', 'A1Y0Y6U906ABT5', 'A1ZD9SJXQ9C6EW', 'A124E03UMDZAA9', 'A2AAY4VT9L71SY', 'A2WNVSJ1Y06SS1', 'self_report_23']"
19_DR-100_0082_5_sentence_4.wav,"[3, 3, 5, 4, 5, 3, 6, 2, 7]","[5, 7, 7, 7, 6, 7, 8, 6, 7]","['A10BH9PYCYUKDJ', 'ARX0S1CIDJLOX', 'A1ET2J1PIP0RGO', 'A2MUCL20GTQJA0', 'ARVXIBUCA8WDZ', 'AA9V4NE8SOA4I', 'A18TCR555RWUZV', 'A3JZS32RQUWGJM', 'self_report_19']"
27_DR-100_0084_3_sentence_7.wav,"[7, 5, 4, 4, 6, 3, 8, 6, 3]","[7, 4, 6, 6, 7, 6, 7, 5, 5]","['AA9V4NE8SOA4I', 'A2MUCL20GTQJA0', 'A2VRDE2FHCBMF8', 'A1Y0Y6U906ABT5', 'A1ET2J1PIP0RGO', 'A27IABVBUZ9X8Z', 'A3K6DL4PN98CBN', 'A2AG45K4ULNBHF', 'self_report_27']"
20_DR-100_0083_3_sentence_7.wav,"[2, 3, 6, 3, 1, 3, 3, 4]","[5, 4, 3, 5, 5, 3, 4, 4]","['A1T79J0XQXDDGC', 'A3KCUB6P3IE8NL', 'A2AG45K4ULNBHF', 'A2VRDE2FHCBMF8', 'A3GLUDQZGEJL5G', 'A13NXSZ9D5NTHN', 'A1ZD9SJXQ9C6EW', 'self_report_20']"
28_DR-100_0087_9_sentence_8.wav,"[1, 2, 2, 1, 2, 1, 3, 4, 3]","[5, 5, 6, 5, 6, 5, 5, 6, 4]","['ACJ6NSCIWMUZI', 'A1Y0Y6U906ABT5', 'A2CFE6AZS73RNS', 'A1T79J0XQXDDGC', 'A1VW8Y7XCV3DRW', 'A273DS7TQWR9M1', 'A1HXEXQTZCJ1DW', 'A1B4KC5KP7FH1Z', 'self_report_28']"
19_DR-100_0082_9_sentence_2.wav,"[3, 2, 6, 3, 2, 5, 3, 3, 8]","[6, 5, 4, 6, 6, 7, 7, 6, 7]","['A1FHS282JP487T', 'ACJ6NSCIWMUZI', 'A2TBXASXZIRNNW', 'A32U64W0S9PUA3', 'A3KCUB6P3IE8NL', 'A2JP9IKRHNLRPI', 'A2T007HZK66WM', 'A22QD6M0A2C77C', 'self_report_19']"
22_DR-100_0085_9_sentence_1.wav,"[1, 6, 2, 1, 3, 1, 3, 5, 6]","[5, 4, 4, 6, 4, 5, 5, 6, 6]","['A394S7JSNUA3TS', 'A2TBXASXZIRNNW', 'A27IABVBUZ9X8Z', 'A1T79J0XQXDDGC', 'AEO84PDSWW0W', 'A1ZD9SJXQ9C6EW', 'A2VRDE2FHCBMF8', 'A27SMEOPKV84VI', 'self_report_22']"
21_DR-100_0084_5_sentence_8.wav,"[4, 1, 3, 6, 4, 5, 6, 3, 3]","[3, 5, 4, 6, 4, 4, 2, 4, 4]","['A22QD6M0A2C77C', 'A1T79J0XQXDDGC', 'A27IABVBUZ9X8Z', 'A2AG45K4ULNBHF', 'AEO84PDSWW0W', 'AA9V4NE8SOA4I', 'A2CFE6AZS73RNS', 'A124E03UMDZAA9', 'self_report_21']"
26_DR-100_0088_9_sentence_6.wav,"[1, 1, 1, 1, 1, 1, 1, 1, 8]","[5, 5, 5, 5, 5, 5, 5, 5, 7]","['A2TBXASXZIRNNW', 'A394S7JSNUA3TS', 'A2F48NO7AD9VKK', 'AHZPOM46IUJ2N', 'A124E03UMDZAA9', 'AA9V4NE8SOA4I', 'A1FHS282JP487T', 'ARVXIBUCA8WDZ', 'self_report_26']"
19_DR-100_0082_1_sentence_8.wav,"[1, 1, 1, 2, 3, 1, 4, 2, 6]","[5, 5, 8, 4, 6, 5, 6, 6, 6]","['A13NXSZ9D5NTHN', 'A2AG45K4ULNBHF', 'A2B6WQG0A9CKXQ', 'AA9V4NE8SOA4I', 'A2NBVTY6FLBEAF', 'A2EOOF9D135HQ1', 'A2871R3LEPWMMK', 'A1DD23J1WBGQUU', 'self_report_19']"
21_DR-100_0084_9_sentence_2.wav,"[1, 1, 3, 4, 4, 1, 2, 3, 1]","[5, 5, 5, 7, 6, 4, 5, 6, 7]","['A1ZD9SJXQ9C6EW', 'ACJ6NSCIWMUZI', 'A2VRDE2FHCBMF8', 'A2MUCL20GTQJA0', 'A2AG45K4ULNBHF', 'AKZ8SFOAI4RZN', 'ABI1EI8UQK6LK', 'A1DD23J1WBGQUU', 'self_report_21']"
21_DR-100_0084_9_sentence_11.wav,"[2, 3, 2, 5, 7, 4, 3, 3, 1]","[5, 3, 4, 4, 2, 3, 5, 5, 7]","['A394S7JSNUA3TS', 'A32U64W0S9PUA3', 'A1T79J0XQXDDGC', 'AA9V4NE8SOA4I', 'A2TBXASXZIRNNW', 'A124E03UMDZAA9', 'A3W24IE6P9O302', 'A2VRDE2FHCBMF8', 'self_report_21']"
22_DR-100_0085_7_sentence_4.wav,"[2, 5, 5, 4, 6, 3, 1, 1, 5]","[5, 6, 6, 3, 6, 6, 5, 5, 5]","['ACJ6NSCIWMUZI', 'A10BH9PYCYUKDJ', 'A1B4KC5KP7FH1Z', 'AA9V4NE8SOA4I', 'A1ET2J1PIP0RGO', 'AKZ8SFOAI4RZN', 'A27IABVBUZ9X8Z', 'A340UGIDGIF4W6', 'self_report_22']"
23_DR-100_0083_9_sentence_8.wav,"[2, 6, 5, 2, 3, 6, 5, 2, 5]","[6, 5, 6, 5, 6, 5, 4, 6, 4]","['A32U64W0S9PUA3', 'A2TBXASXZIRNNW', 'A124E03UMDZAA9', 'A2B6WQG0A9CKXQ', 'A1DD23J1WBGQUU', 'A27SMEOPKV84VI', 'AA9V4NE8SOA4I', 'A1ZD9SJXQ9C6EW', 'self_report_23']"
24_DR-100_0086_3_sentence_10.wav,"[2, 5, 4, 1, 5, 3, 5, 5, 6]","[5, 5, 3, 5, 4, 4, 3, 4, 6]","['A2EOOF9D135HQ1', 'A2VRDE2FHCBMF8', 'A2JP9IKRHNLRPI', 'A273DS7TQWR9M1', 'AEO84PDSWW0W', 'A2B6WQG0A9CKXQ', 'A124E03UMDZAA9', 'ARVXIBUCA8WDZ', 'self_report_24']"
22_DR-100_0085_9_sentence_3.wav,"[3, 5, 5, 5, 6, 5, 4, 4, 6]","[6, 7, 6, 6, 8, 6, 7, 7, 6]","['AEO84PDSWW0W', 'A1ET2J1PIP0RGO', 'A1Y0Y6U906ABT5', 'A2VRDE2FHCBMF8', 'A1VW8Y7XCV3DRW', 'AHZPOM46IUJ2N', 'A2JP9IKRHNLRPI', 'A1T79J0XQXDDGC', 'self_report_22']"
28_DR-100_0087_9_sentence_3.wav,"[1, 2, 4, 1, 2, 2, 1, 1, 3]","[5, 5, 5, 3, 3, 4, 3, 5, 4]","['A2AG45K4ULNBHF', 'A2EOOF9D135HQ1', 'A1B4KC5KP7FH1Z', 'A273DS7TQWR9M1', 'AHZPOM46IUJ2N', 'A27IABVBUZ9X8Z', 'A13NXSZ9D5NTHN', 'A3K6DL4PN98CBN', 'self_report_28']"
24_DR-100_0086_9_sentence_1.wav,"[8, 9, 7, 6, 5, 6, 1, 4, 4]","[7, 9, 6, 7, 6, 8, 4, 6, 6]","['A1VW8Y7XCV3DRW', 'AUSRHMZM3R6CW', 'A27SMEOPKV84VI', 'A1B4KC5KP7FH1Z', 'ACJ6NSCIWMUZI', 'A10BH9PYCYUKDJ', 'A273DS7TQWR9M1', 'A2NJ7N8INZOB00', 'self_report_24']"
22_DR-100_0085_9_sentence_15.wav,"[3, 2, 2, 1, 3, 2, 3, 2, 6]","[6, 7, 5, 7, 6, 6, 6, 3, 6]","['A2B6WQG0A9CKXQ', 'AKZ8SFOAI4RZN', 'A3JZS32RQUWGJM', 'A2EOOF9D135HQ1', 'AEO84PDSWW0W', 'ARX0S1CIDJLOX', 'A2AG45K4ULNBHF', 'A1VW8Y7XCV3DRW', 'self_report_22']"
28_DR-100_0087_3_sentence_5.wav,"[1, 4, 3, 1, 1, 1, 3, 4, 3]","[5, 6, 4, 6, 6, 7, 6, 6, 8]","['A1T79J0XQXDDGC', 'AA9V4NE8SOA4I', 'A22QD6M0A2C77C', 'A13NXSZ9D5NTHN', 'A1FHS282JP487T', 'ARX0S1CIDJLOX', 'A1ET2J1PIP0RGO', 'A1Y0Y6U906ABT5', 'self_report_28']"
20_DR-100_0083_7_sentence_2.wav,"[3, 6, 5, 1, 8, 4, 6, 5, 4]","[5, 7, 3, 5, 7, 5, 4, 7, 5]","['A13NXSZ9D5NTHN', 'AA9V4NE8SOA4I', 'A2VRDE2FHCBMF8', 'A27IABVBUZ9X8Z', 'A3W24IE6P9O302', 'A1T79J0XQXDDGC', 'A22QD6M0A2C77C', 'A3JZS32RQUWGJM', 'self_report_20']"
24_DR-100_0086_7_sentence_2.wav,"[4, 5, 8, 3, 3, 1, 2, 2, 4]","[7, 7, 9, 6, 7, 5, 6, 6, 8]","['A32U64W0S9PUA3', 'A2MUCL20GTQJA0', 'A3K6DL4PN98CBN', 'ARX0S1CIDJLOX', 'A394S7JSNUA3TS', 'A13NXSZ9D5NTHN', 'A1ZD9SJXQ9C6EW', 'ACM87U430O96Z', 'self_report_24']"
20_DR-100_0083_3_sentence_3.wav,"[4, 4, 5, 3, 2, 6, 6, 6, 4]","[6, 6, 4, 4, 3, 3, 3, 3, 4]","['ACJ6NSCIWMUZI', 'A2MUCL20GTQJA0', 'A2B6WQG0A9CKXQ', 'A394S7JSNUA3TS', 'A22QD6M0A2C77C', 'A2JP9IKRHNLRPI', 'ARX0S1CIDJLOX', 'A3JZS32RQUWGJM', 'self_report_20']"
28_DR-100_0087_1_sentence_7.wav,"[3, 2, 1, 2, 4, 2, 4, 4, 7]","[5, 3, 3, 3, 3, 4, 5, 3, 5]","['A2AG45K4ULNBHF', 'AUSRHMZM3R6CW', 'A273DS7TQWR9M1', 'A1VW8Y7XCV3DRW', 'AA9V4NE8SOA4I', 'ACM87U430O96Z', 'A1B4KC5KP7FH1Z', 'A22QD6M0A2C77C', 'self_report_28']"
23_DR-100_0083_1_sentence_6.wav,"[1, 2, 5, 3, 2, 1, 3, 5, 6]","[8, 5, 6, 5, 6, 5, 6, 6, 5]","['A273DS7TQWR9M1', 'A32U64W0S9PUA3', 'ARVXIBUCA8WDZ', 'AA9V4NE8SOA4I', 'A2B6WQG0A9CKXQ', 'A1ZD9SJXQ9C6EW', 'A2JP9IKRHNLRPI', 'A2NBVTY6FLBEAF', 'self_report_23']"
25_DR-100_0087_9_sentence_2.wav,"[2, 5, 2, 2, 3, 5, 3, 4, 2]","[5, 6, 4, 6, 4, 7, 6, 6, 6]","['A13NXSZ9D5NTHN', 'A27SMEOPKV84VI', 'A1ZD9SJXQ9C6EW', 'A1FHS282JP487T', 'AA9V4NE8SOA4I', 'A22QD6M0A2C77C', 'A124E03UMDZAA9', 'A2MUCL20GTQJA0', 'self_report_25']"
21_DR-100_0084_7_sentence_2.wav,"[4, 6, 3, 2, 4, 2, 3, 4, 2]","[6, 4, 6, 8, 7, 7, 7, 6, 5]","['A2871R3LEPWMMK', 'A2TBXASXZIRNNW', 'ACJ6NSCIWMUZI', 'A2B6WQG0A9CKXQ', 'A2AG45K4ULNBHF', 'A2EOOF9D135HQ1', 'A2NJ7N8INZOB00', 'A1Y0Y6U906ABT5', 'self_report_21']"
21_DR-100_0084_9_sentence_5.wav,"[3, 4, 4, 3, 5, 3, 2, 4, 1]","[5, 3, 4, 3, 4, 6, 5, 3, 7]","['A3K6DL4PN98CBN', 'A2CFE6AZS73RNS', 'A2VRDE2FHCBMF8', 'AKZ8SFOAI4RZN', 'A2MUCL20GTQJA0', 'A13NXSZ9D5NTHN', 'A2F48NO7AD9VKK', 'A1VW8Y7XCV3DRW', 'self_report_21']"
27_DR-100_0084_5_sentence_8.wav,"[6, 6, 7, 8, 6, 7, 6, 2, 3]","[8, 7, 7, 7, 8, 7, 9, 7, 4]","['A2MUCL20GTQJA0', 'A27SMEOPKV84VI', 'A2TBXASXZIRNNW', 'A273DS7TQWR9M1', 'A1LJKHC0NH9TIX', 'AA9V4NE8SOA4I', 'A2871R3LEPWMMK', 'A13NXSZ9D5NTHN', 'self_report_27']"
23_DR-100_0083_3_sentence_11.wav,"[5, 5, 5, 3, 4, 2, 1, 5, 5]","[3, 4, 7, 6, 4, 6, 6, 3, 5]","['A2AG45K4ULNBHF', 'A1ET2J1PIP0RGO', 'AA9V4NE8SOA4I', 'A1FHS282JP487T', 'A2JP9IKRHNLRPI', 'A3W24IE6P9O302', 'A13NXSZ9D5NTHN', 'A2NBVTY6FLBEAF', 'self_report_23']"
26_DR-100_0088_7_sentence_3.wav,"[2, 2, 5, 5, 7, 7, 4, 2, 8]","[5, 5, 6, 6, 5, 3, 5, 5, 9]","['AHZPOM46IUJ2N', 'A2B6WQG0A9CKXQ', 'A2871R3LEPWMMK', 'A124E03UMDZAA9', 'A27SMEOPKV84VI', 'A2TBXASXZIRNNW', 'A2VRDE2FHCBMF8', 'A3KCUB6P3IE8NL', 'self_report_26']"
27_DR-100_0084_7_sentence_9.wav,"[1, 1, 1, 1, 1, 1, 1, 1, 4]","[5, 5, 5, 5, 5, 5, 5, 5, 5]","['A1FHS282JP487T', 'AEO84PDSWW0W', 'A27IABVBUZ9X8Z', 'ACM87U430O96Z', 'AKZ8SFOAI4RZN', 'A13NXSZ9D5NTHN', 'A2T007HZK66WM', 'A2B6WQG0A9CKXQ', 'self_report_27']"
27_DR-100_0084_9_sentence_1.wav,"[5, 5, 3, 1, 5, 5, 7, 3, 3]","[6, 7, 7, 6, 6, 7, 8, 7, 8]","['A124E03UMDZAA9', 'AA9V4NE8SOA4I', 'A2EOOF9D135HQ1', 'A3KCUB6P3IE8NL', 'A1Y0Y6U906ABT5', 'A273DS7TQWR9M1', 'A1VW8Y7XCV3DRW', 'A27IABVBUZ9X8Z', 'self_report_27']"
19_DR-100_0082_1_sentence_5.wav,"[4, 2, 4, 3, 2, 4, 2, 2, 6]","[4, 4, 4, 4, 4, 4, 3, 5, 6]","['A2MUCL20GTQJA0', 'ACJ6NSCIWMUZI', 'ARVXIBUCA8WDZ', 'AHZPOM46IUJ2N', 'A3KCUB6P3IE8NL', 'A27SMEOPKV84VI', 'A2B6WQG0A9CKXQ', 'ABI1EI8UQK6LK', 'self_report_19']"
24_DR-100_0086_5_sentence_3.wav,"[6, 3, 4, 6, 3, 5, 2, 2, 7]","[6, 3, 5, 7, 5, 6, 4, 3, 5]","['AA9V4NE8SOA4I', 'A2AG45K4ULNBHF', 'A2VRDE2FHCBMF8', 'A2TBXASXZIRNNW', 'A1HXEXQTZCJ1DW', 'A27SMEOPKV84VI', 'A394S7JSNUA3TS', 'A3JZS32RQUWGJM', 'self_report_24']"
26_DR-100_0088_3_sentence_1.wav,"[1, 1, 3, 6, 2, 5, 3, 1, 6]","[9, 6, 3, 7, 5, 7, 6, 5, 7]","['AUSRHMZM3R6CW', 'A2F48NO7AD9VKK', 'AHZPOM46IUJ2N', 'A1ET2J1PIP0RGO', 'A340UGIDGIF4W6', 'A1Y0Y6U906ABT5', 'A22QD6M0A2C77C', 'A3JZS32RQUWGJM', 'self_report_26']"
19_DR-100_0082_5_sentence_5.wav,"[2, 4, 2, 1, 1, 5, 3, 5, 7]","[6, 6, 5, 5, 6, 7, 9, 7, 7]","['A1ZD9SJXQ9C6EW', 'A27SMEOPKV84VI', 'ACJ6NSCIWMUZI', 'A3GLUDQZGEJL5G', 'A3K6DL4PN98CBN', 'A1ET2J1PIP0RGO', 'A2B6WQG0A9CKXQ', 'A1B4KC5KP7FH1Z', 'self_report_19']"
21_DR-100_0084_1_sentence_7.wav,"[3, 4, 2, 1, 6, 1, 2, 4, 2]","[8, 6, 6, 5, 5, 5, 6, 7, 7]","['A2B6WQG0A9CKXQ', 'A3JZS32RQUWGJM', 'A1T79J0XQXDDGC', 'A394S7JSNUA3TS', 'ARVXIBUCA8WDZ', 'A3GLUDQZGEJL5G', 'A1ZD9SJXQ9C6EW', 'A1DD23J1WBGQUU', 'self_report_21']"
19_DR-100_0082_1_sentence_4.wav,"[2, 6, 1, 3, 3, 4, 6, 2, 6]","[4, 4, 4, 4, 7, 4, 5, 4, 6]","['AKZ8SFOAI4RZN', 'A2TBXASXZIRNNW', 'A27IABVBUZ9X8Z', 'ARVXIBUCA8WDZ', 'A2871R3LEPWMMK', 'A2MUCL20GTQJA0', 'A1ET2J1PIP0RGO', 'A1T79J0XQXDDGC', 'self_report_19']"
20_DR-100_0083_7_sentence_6.wav,"[3, 5, 2, 5, 3, 4, 4, 5, 4]","[4, 5, 4, 5, 6, 5, 6, 5, 5]","['AEO84PDSWW0W', 'A124E03UMDZAA9', 'A27IABVBUZ9X8Z', 'A2AG45K4ULNBHF', 'A1FHS282JP487T', 'A1HXEXQTZCJ1DW', 'AHZPOM46IUJ2N', 'A1B4KC5KP7FH1Z', 'self_report_20']"
22_DR-100_0085_9_sentence_4.wav,"[2, 4, 4, 3, 2, 6, 3, 3, 6]","[6, 8, 7, 5, 5, 5, 4, 6, 6]","['AZZ2Y5UHP5F0L', 'A2871R3LEPWMMK', 'A1VW8Y7XCV3DRW', 'A2CFE6AZS73RNS', 'AKZ8SFOAI4RZN', 'A2TBXASXZIRNNW', 'A2NJ7N8INZOB00', 'A3W24IE6P9O302', 'self_report_22']"
27_DR-100_0084_3_sentence_12.wav,"[7, 5, 4, 3, 2, 3, 5, 5, 3]","[8, 7, 7, 6, 5, 6, 7, 6, 5]","['A2TBXASXZIRNNW', 'AHZPOM46IUJ2N', 'A1HXEXQTZCJ1DW', 'A2T007HZK66WM', 'A2F48NO7AD9VKK', 'A1FHS282JP487T', 'A394S7JSNUA3TS', 'A3U7EIF0P9GQKI', 'self_report_27']"
22_DR-100_0085_1_sentence_3.wav,"[4, 6, 5, 1, 2, 1, 3, 3, 7]","[5, 3, 6, 5, 6, 4, 5, 5, 6]","['A2VRDE2FHCBMF8', 'AA9V4NE8SOA4I', 'A1VW8Y7XCV3DRW', 'A3GLUDQZGEJL5G', 'ACM87U430O96Z', 'A27IABVBUZ9X8Z', 'A10BH9PYCYUKDJ', 'A3JZS32RQUWGJM', 'self_report_22']"
19_DR-100_0082_3_sentence_10.wav,"[4, 3, 7, 2, 7, 7, 3, 5, 7]","[4, 3, 4, 4, 3, 7, 6, 4, 8]","['A22QD6M0A2C77C', 'A2EOOF9D135HQ1', 'A2TBXASXZIRNNW', 'A340UGIDGIF4W6', 'A1T79J0XQXDDGC', 'AA9V4NE8SOA4I', 'A1FHS282JP487T', 'A124E03UMDZAA9', 'self_report_19']"
27_DR-100_0084_5_sentence_4.wav,"[2, 5, 6, 7, 4, 3, 3, 3, 3]","[8, 8, 7, 8, 8, 7, 5, 8, 4]","['A27IABVBUZ9X8Z', 'A2871R3LEPWMMK', 'A1ET2J1PIP0RGO', 'AA9V4NE8SOA4I', 'AKZ8SFOAI4RZN', 'A1HXEXQTZCJ1DW', 'A1T79J0XQXDDGC', 'A2D30R5ZNQS01W', 'self_report_27']"
25_DR-100_0087_5_sentence_11.wav,"[2, 2, 1, 4, 3, 4, 3, 4, 2]","[6, 6, 8, 6, 4, 5, 7, 7, 4]","['AKZ8SFOAI4RZN', 'A3K6DL4PN98CBN', 'A273DS7TQWR9M1', 'AA9V4NE8SOA4I', 'ARVXIBUCA8WDZ', 'A2MUCL20GTQJA0', 'A1VW8Y7XCV3DRW', 'AU6C9UNNFJALY', 'self_report_25']"
24_DR-100_0086_1_sentence_3.wav,"[3, 5, 6, 6, 3, 6, 4, 1, 4]","[6, 4, 4, 7, 4, 6, 4, 4, 6]","['A1FHS282JP487T', 'A1DD23J1WBGQUU', 'A124E03UMDZAA9', 'AA9V4NE8SOA4I', 'A1OZPLHNIU1519', 'ARVXIBUCA8WDZ', 'A1HXEXQTZCJ1DW', 'A1ZD9SJXQ9C6EW', 'self_report_24']"
22_DR-100_0085_1_sentence_4.wav,"[4, 1, 6, 4, 6, 4, 4, 2, 7]","[5, 5, 4, 4, 4, 3, 4, 5, 6]","['A124E03UMDZAA9', 'A1T79J0XQXDDGC', 'AA9V4NE8SOA4I', 'A3K6DL4PN98CBN', 'A2NBVTY6FLBEAF', 'A18TCR555RWUZV', 'AEO84PDSWW0W', 'ABI1EI8UQK6LK', 'self_report_22']"
19_DR-100_0082_5_sentence_9.wav,"[4, 5, 2, 1, 7, 4, 3, 2, 7]","[5, 5, 6, 8, 5, 7, 5, 6, 7]","['ARVXIBUCA8WDZ', 'A124E03UMDZAA9', 'AHZPOM46IUJ2N', 'A273DS7TQWR9M1', 'A27SMEOPKV84VI', 'A2JP9IKRHNLRPI', 'A2VRDE2FHCBMF8', 'A1Y0Y6U906ABT5', 'self_report_19']"
19_DR-100_0082_1_sentence_9.wav,"[1, 3, 1, 2, 2, 4, 1, 1, 6]","[5, 6, 5, 6, 5, 3, 6, 5, 6]","['A1T79J0XQXDDGC', 'A1FHS282JP487T', 'ACJ6NSCIWMUZI', 'AKZ8SFOAI4RZN', 'A2CFE6AZS73RNS', 'A2TBXASXZIRNNW', 'A1DD23J1WBGQUU', 'A3GLUDQZGEJL5G', 'self_report_19']"
22_DR-100_0085_5_sentence_16.wav,"[1, 2, 2, 3, 2, 5, 5, 3, 7]","[6, 5, 8, 6, 5, 6, 7, 6, 7]","['ACJ6NSCIWMUZI', 'A13NXSZ9D5NTHN', 'A1VW8Y7XCV3DRW', 'A124E03UMDZAA9', 'A3GLUDQZGEJL5G', 'A2MUCL20GTQJA0', 'A1B4KC5KP7FH1Z', 'A2T007HZK66WM', 'self_report_22']"
27_DR-100_0084_7_sentence_1.wav,"[2, 2, 5, 4, 6, 2, 6, 6, 4]","[7, 7, 6, 7, 9, 7, 7, 8, 5]","['A27IABVBUZ9X8Z', 'A3JZS32RQUWGJM', 'A124E03UMDZAA9', 'A1HXEXQTZCJ1DW', 'AKZ8SFOAI4RZN', 'A13NXSZ9D5NTHN', 'A27SMEOPKV84VI', 'A1T79J0XQXDDGC', 'self_report_27']"
24_DR-100_0086_5_sentence_13.wav,"[4, 5, 1, 4, 6, 4, 4, 4, 7]","[4, 8, 6, 4, 7, 8, 5, 4, 5]","['AEO84PDSWW0W', 'AKZ8SFOAI4RZN', 'A1ZD9SJXQ9C6EW', 'A2CFE6AZS73RNS', 'A3W24IE6P9O302', 'A2871R3LEPWMMK', 'A3NSJ6GJC7TZSG', 'A2NBVTY6FLBEAF', 'self_report_24']"
22_DR-100_0085_9_sentence_7.wav,"[2, 4, 1, 3, 3, 3, 2, 1, 6]","[4, 5, 4, 4, 5, 4, 4, 5, 6]","['ACJ6NSCIWMUZI', 'A1B4KC5KP7FH1Z', 'A394S7JSNUA3TS', 'A2CFE6AZS73RNS', 'AUSRHMZM3R6CW', 'ARVXIBUCA8WDZ', 'A1VW8Y7XCV3DRW', 'A2EOOF9D135HQ1', 'self_report_22']"
24_DR-100_0086_1_sentence_9.wav,"[4, 2, 1, 5, 1, 1, 4, 3, 4]","[4, 5, 6, 5, 6, 5, 4, 5, 6]","['A1T79J0XQXDDGC', 'A3KCUB6P3IE8NL', 'A13NXSZ9D5NTHN', 'A1B4KC5KP7FH1Z', 'A3GLUDQZGEJL5G', 'A273DS7TQWR9M1', 'AHZPOM46IUJ2N', 'A2EOOF9D135HQ1', 'self_report_24']"
27_DR-100_0084_3_sentence_5.wav,"[7, 4, 4, 2, 2, 6, 5, 4, 3]","[8, 6, 6, 6, 7, 8, 4, 7, 5]","['A2TBXASXZIRNNW', 'AHZPOM46IUJ2N', 'A1FHS282JP487T', 'A3KCUB6P3IE8NL', 'A27IABVBUZ9X8Z', 'AA9V4NE8SOA4I', 'A124E03UMDZAA9', 'A2T007HZK66WM', 'self_report_27']"
24_DR-100_0086_1_sentence_13.wav,"[8, 5, 5, 1, 2, 5, 2, 4, 4]","[5, 7, 6, 9, 8, 6, 7, 8, 6]","['A2TBXASXZIRNNW', 'A2JP9IKRHNLRPI', 'A3NSJ6GJC7TZSG', 'A273DS7TQWR9M1', 'A2B6WQG0A9CKXQ', 'A1Y0Y6U906ABT5', 'A340UGIDGIF4W6', 'A1VW8Y7XCV3DRW', 'self_report_24']"
23_DR-100_0083_9_sentence_2.wav,"[3, 3, 4, 2, 3, 3, 2, 4, 5]","[5, 6, 7, 5, 5, 6, 5, 5, 4]","['A2B6WQG0A9CKXQ', 'A3K6DL4PN98CBN', 'A1VW8Y7XCV3DRW', 'A3GLUDQZGEJL5G', 'A1T79J0XQXDDGC', 'AHZPOM46IUJ2N', 'A13NXSZ9D5NTHN', 'A3JZS32RQUWGJM', 'self_report_23']"
23_DR-100_0083_9_sentence_1.wav,"[1, 3, 1, 6, 4, 2, 3, 2, 5]","[4, 5, 5, 5, 4, 4, 3, 5, 4]","['A273DS7TQWR9M1', 'ACJ6NSCIWMUZI', 'A1T79J0XQXDDGC', 'A27SMEOPKV84VI', 'A2VRDE2FHCBMF8', 'AEO84PDSWW0W', 'A2B6WQG0A9CKXQ', 'A3W24IE6P9O302', 'self_report_23']"
22_DR-100_0085_3_sentence_2.wav,"[1, 3, 3, 7, 1, 2, 3, 3, 5]","[4, 4, 5, 6, 5, 6, 5, 4, 6]","['ACJ6NSCIWMUZI', 'A22QD6M0A2C77C', 'A124E03UMDZAA9', 'A2TBXASXZIRNNW', 'A27IABVBUZ9X8Z', 'A1FHS282JP487T', 'A2AAY4VT9L71SY', 'AU6C9UNNFJALY', 'self_report_22']"
23_DR-100_0083_5_sentence_6.wav,"[3, 3, 3, 3, 3, 5, 1, 4, 5]","[4, 5, 5, 6, 3, 5, 5, 6, 3]","['A2VRDE2FHCBMF8', 'A394S7JSNUA3TS', 'A1HXEXQTZCJ1DW', 'A2MUCL20GTQJA0', 'A2JP9IKRHNLRPI', 'A27SMEOPKV84VI', 'A273DS7TQWR9M1', 'A124E03UMDZAA9', 'self_report_23']"
27_DR-100_0084_3_sentence_6.wav,"[6, 5, 5, 6, 8, 5, 5, 5, 3]","[8, 7, 7, 7, 7, 3, 7, 6, 5]","['A3APMO8WXVH1V0', 'AHZPOM46IUJ2N', 'A394S7JSNUA3TS', 'A3W24IE6P9O302', 'A2MUCL20GTQJA0', 'AA9V4NE8SOA4I', 'A2B6WQG0A9CKXQ', 'A1Y0Y6U906ABT5', 'self_report_27']"
23_DR-100_0083_5_sentence_2.wav,"[1, 3, 6, 4, 2, 4, 6, 3, 5]","[5, 6, 5, 7, 5, 6, 7, 3, 3]","['A2EOOF9D135HQ1', 'A1FHS282JP487T', 'A27SMEOPKV84VI', 'A10BH9PYCYUKDJ', 'A2F48NO7AD9VKK', 'AHZPOM46IUJ2N', 'AA9V4NE8SOA4I', 'A1T79J0XQXDDGC', 'self_report_23']"
19_DR-100_0082_9_sentence_4.wav,"[2, 1, 1, 3, 5, 2, 1, 3, 8]","[4, 5, 5, 5, 6, 4, 5, 3, 7]","['A22QD6M0A2C77C', 'A273DS7TQWR9M1', 'A13NXSZ9D5NTHN', 'A2AG45K4ULNBHF', 'A124E03UMDZAA9', 'A3KCUB6P3IE8NL', 'A2EOOF9D135HQ1', 'A1DD23J1WBGQUU', 'self_report_19']"
23_DR-100_0083_3_sentence_7.wav,"[5, 2, 4, 4, 2, 2, 4, 5, 5]","[4, 4, 5, 6, 6, 4, 5, 4, 5]","['AA9V4NE8SOA4I', 'A2F48NO7AD9VKK', 'A1ET2J1PIP0RGO', 'A1DD23J1WBGQUU', 'A1FHS282JP487T', 'ABI1EI8UQK6LK', 'A124E03UMDZAA9', 'A2CFE6AZS73RNS', 'self_report_23']"
20_DR-100_0083_1_sentence_2.wav,"[3, 3, 6, 4, 5, 6, 2, 5, 4]","[4, 3, 4, 4, 4, 3, 4, 3, 5]","['A394S7JSNUA3TS', 'ACJ6NSCIWMUZI', 'ARVXIBUCA8WDZ', 'A1DD23J1WBGQUU', 'A124E03UMDZAA9', 'A2MUCL20GTQJA0', 'A3U7EIF0P9GQKI', 'A2AG45K4ULNBHF', 'self_report_20']"
26_DR-100_0088_3_sentence_5.wav,"[1, 5, 2, 2, 1, 3, 4, 3, 6]","[7, 4, 4, 7, 5, 7, 3, 4, 7]","['AKZ8SFOAI4RZN', 'A124E03UMDZAA9', 'A394S7JSNUA3TS', 'A2AG45K4ULNBHF', 'A2F48NO7AD9VKK', 'A2NBVTY6FLBEAF', 'A3W24IE6P9O302', 'A22QD6M0A2C77C', 'self_report_26']"
19_DR-100_0082_5_sentence_11.wav,"[3, 5, 3, 3, 7, 2, 6, 2, 7]","[7, 4, 7, 6, 3, 5, 6, 5, 7]","['A2CFE6AZS73RNS', 'AEO84PDSWW0W', 'ARX0S1CIDJLOX', 'A2B6WQG0A9CKXQ', 'A2TBXASXZIRNNW', 'A13NXSZ9D5NTHN', 'A2MUCL20GTQJA0', 'ABI1EI8UQK6LK', 'self_report_19']"
24_DR-100_0086_9_sentence_7.wav,"[2, 2, 1, 4, 3, 1, 4, 5, 4]","[6, 4, 5, 3, 5, 6, 4, 4, 6]","['A13NXSZ9D5NTHN', 'A3KCUB6P3IE8NL', 'A2EOOF9D135HQ1', 'ARX0S1CIDJLOX', 'ACJ6NSCIWMUZI', 'A1T79J0XQXDDGC', 'A1DD23J1WBGQUU', 'A1Y0Y6U906ABT5', 'self_report_24']"
26_DR-100_0088_5_sentence_4.wav,"[3, 1, 1, 2, 3, 3, 1, 4, 7]","[5, 6, 5, 6, 5, 3, 5, 6, 9]","['A32U64W0S9PUA3', 'A1ZD9SJXQ9C6EW', 'A2EOOF9D135HQ1', 'ACM87U430O96Z', 'A2VRDE2FHCBMF8', 'A1LJKHC0NH9TIX', 'A3GLUDQZGEJL5G', 'A3W24IE6P9O302', 'self_report_26']"
20_DR-100_0083_7_sentence_4.wav,"[1, 6, 4, 5, 3, 5, 1, 5, 4]","[7, 5, 5, 6, 6, 5, 5, 6, 5]","['A273DS7TQWR9M1', 'A2CFE6AZS73RNS', 'AA9V4NE8SOA4I', 'AHZPOM46IUJ2N', 'ARX0S1CIDJLOX', 'ARVXIBUCA8WDZ', 'A2F48NO7AD9VKK', 'A1B4KC5KP7FH1Z', 'self_report_20']"
23_DR-100_0083_7_sentence_4.wav,"[4, 2, 3, 4, 7, 5, 6, 3, 5]","[6, 6, 7, 6, 7, 8, 8, 7, 3]","['A2VRDE2FHCBMF8', 'A1FHS282JP487T', 'A1HXEXQTZCJ1DW', 'A1T79J0XQXDDGC', 'A1Y0Y6U906ABT5', 'A3W24IE6P9O302', 'A1B4KC5KP7FH1Z', 'ACM87U430O96Z', 'self_report_23']"
26_DR-100_0088_1_sentence_3.wav,"[1, 5, 2, 4, 3, 3, 4, 1, 1]","[5, 7, 6, 8, 7, 6, 6, 7, 5]","['A2EOOF9D135HQ1', 'A1B4KC5KP7FH1Z', 'A3KCUB6P3IE8NL', 'A1DD23J1WBGQUU', 'A394S7JSNUA3TS', 'A2VRDE2FHCBMF8', 'ARVXIBUCA8WDZ', 'A273DS7TQWR9M1', 'self_report_26']"
24_DR-100_0086_3_sentence_6.wav,"[1, 2, 5, 4, 4, 6, 5, 3, 6]","[5, 5, 5, 6, 6, 5, 4, 7, 6]","['A273DS7TQWR9M1', 'A2EOOF9D135HQ1', 'A124E03UMDZAA9', 'A10BH9PYCYUKDJ', 'A1VW8Y7XCV3DRW', 'A1ET2J1PIP0RGO', 'A2NBVTY6FLBEAF', 'AHZPOM46IUJ2N', 'self_report_24']"
24_DR-100_0086_9_sentence_12.wav,"[3, 4, 4, 1, 6, 6, 7, 4, 4]","[7, 3, 5, 6, 7, 5, 4, 6, 6]","['A13NXSZ9D5NTHN', 'A2B6WQG0A9CKXQ', 'A2VRDE2FHCBMF8', 'A3GLUDQZGEJL5G', 'AA9V4NE8SOA4I', 'A27SMEOPKV84VI', 'A1VW8Y7XCV3DRW', 'AHZPOM46IUJ2N', 'self_report_24']"
23_DR-100_0083_3_sentence_10.wav,"[5, 4, 5, 7, 3, 2, 6, 5, 5]","[4, 7, 6, 3, 6, 3, 3, 4, 5]","['A1VW8Y7XCV3DRW', 'A13NXSZ9D5NTHN', 'A2MUCL20GTQJA0', 'A1T79J0XQXDDGC', 'A1FHS282JP487T', 'A273DS7TQWR9M1', 'AA9V4NE8SOA4I', 'A2AG45K4ULNBHF', 'self_report_23']"
28_DR-100_0087_7_sentence_7.wav,"[3, 1, 5, 3, 1, 2, 3, 3, 3]","[6, 5, 1, 4, 6, 5, 3, 5, 5]","['AEO84PDSWW0W', 'A1T79J0XQXDDGC', 'A2TBXASXZIRNNW', 'ARVXIBUCA8WDZ', 'A273DS7TQWR9M1', 'A3KCUB6P3IE8NL', 'AHZPOM46IUJ2N', 'AU6C9UNNFJALY', 'self_report_28']"
24_DR-100_0086_9_sentence_14.wav,"[6, 4, 2, 4, 2, 2, 6, 4, 4]","[6, 4, 6, 3, 6, 6, 7, 6, 6]","['ARVXIBUCA8WDZ', 'A124E03UMDZAA9', 'A27IABVBUZ9X8Z', 'A10BH9PYCYUKDJ', 'A13NXSZ9D5NTHN', 'A340UGIDGIF4W6', 'AA9V4NE8SOA4I', 'A1T79J0XQXDDGC', 'self_report_24']"
27_DR-100_0084_7_sentence_8.wav,"[3, 5, 5, 2, 3, 4, 5, 4, 4]","[6, 7, 7, 6, 8, 6, 6, 7, 5]","['AEO84PDSWW0W', 'AA9V4NE8SOA4I', 'A2MUCL20GTQJA0', 'A340UGIDGIF4W6', 'A2CFE6AZS73RNS', 'A2VRDE2FHCBMF8', 'A3W24IE6P9O302', 'AHZPOM46IUJ2N', 'self_report_27']"
22_DR-100_0085_9_sentence_2.wav,"[2, 4, 4, 1, 1, 1, 4, 2, 6]","[7, 5, 4, 6, 5, 5, 4, 6, 6]","['A32U64W0S9PUA3', 'ARVXIBUCA8WDZ', 'AA9V4NE8SOA4I', 'A2T007HZK66WM', 'A1T79J0XQXDDGC', 'A394S7JSNUA3TS', 'A2TBXASXZIRNNW', 'A1VW8Y7XCV3DRW', 'self_report_22']"
19_DR-100_0082_3_sentence_9.wav,"[2, 4, 6, 2, 4, 6, 5, 3, 7]","[1, 4, 4, 5, 5, 2, 5, 3, 8]","['A273DS7TQWR9M1', 'A2EOOF9D135HQ1', 'AHZPOM46IUJ2N', 'A3GLUDQZGEJL5G', 'A2VRDE2FHCBMF8', 'A2CFE6AZS73RNS', 'A10BH9PYCYUKDJ', 'ABI1EI8UQK6LK', 'self_report_19']"
19_DR-100_0082_7_sentence_11.wav,"[4, 4, 5, 4, 3, 1, 1, 2, 6]","[4, 5, 3, 3, 3, 5, 4, 5, 4]","['A27SMEOPKV84VI', 'A2VRDE2FHCBMF8', 'A2TBXASXZIRNNW', 'A124E03UMDZAA9', 'AHZPOM46IUJ2N', 'A2M5M653UAC0SM', 'A1T79J0XQXDDGC', 'A2B6WQG0A9CKXQ', 'self_report_19']"
25_DR-100_0087_1_sentence_8.wav,"[7, 3, 3, 2, 4, 2, 2, 5, 6]","[2, 6, 5, 6, 7, 7, 5, 6, 8]","['A2TBXASXZIRNNW', 'A1FHS282JP487T', 'A124E03UMDZAA9', 'A2CFE6AZS73RNS', 'AHZPOM46IUJ2N', 'A1VW8Y7XCV3DRW', 'ABI1EI8UQK6LK', 'A1Y0Y6U906ABT5', 'self_report_25']"
26_DR-100_0088_5_sentence_3.wav,"[2, 2, 4, 6, 4, 6, 4, 3, 7]","[6, 6, 7, 7, 8, 4, 7, 6, 9]","['A1ZD9SJXQ9C6EW', 'AEO84PDSWW0W', 'A2AG45K4ULNBHF', 'A1ET2J1PIP0RGO', 'AKZ8SFOAI4RZN', 'A1VW8Y7XCV3DRW', 'A2NBVTY6FLBEAF', 'A340UGIDGIF4W6', 'self_report_26']"
19_DR-100_0082_1_sentence_12.wav,"[2, 1, 2, 5, 2, 7, 1, 5, 6]","[5, 5, 5, 7, 3, 3, 4, 3, 6]","['A2EOOF9D135HQ1', 'A3GLUDQZGEJL5G', 'ACJ6NSCIWMUZI', 'AA9V4NE8SOA4I', 'A1T79J0XQXDDGC', 'A2TBXASXZIRNNW', 'A27IABVBUZ9X8Z', 'A1B4KC5KP7FH1Z', 'self_report_19']"
24_DR-100_0086_5_sentence_11.wav,"[2, 1, 1, 1, 3, 2, 4, 5, 7]","[5, 5, 5, 5, 2, 6, 5, 5, 5]","['A2T007HZK66WM', 'A1T79J0XQXDDGC', 'A273DS7TQWR9M1', 'A27IABVBUZ9X8Z', 'A10BH9PYCYUKDJ', 'A1FHS282JP487T', 'ARVXIBUCA8WDZ', 'A2M5M653UAC0SM', 'self_report_24']"
23_DR-100_0083_9_sentence_7.wav,"[7, 6, 1, 3, 6, 4, 3, 4, 5]","[2, 3, 4, 4, 3, 3, 4, 6, 4]","['A2TBXASXZIRNNW', 'A1T79J0XQXDDGC', 'A2F48NO7AD9VKK', 'AEO84PDSWW0W', 'AA9V4NE8SOA4I', 'A10BH9PYCYUKDJ', 'AKZ8SFOAI4RZN', 'A124E03UMDZAA9', 'self_report_23']"
19_DR-100_0082_9_sentence_11.wav,"[3, 5, 1, 2, 3, 4, 3, 2, 8]","[5, 6, 6, 6, 5, 7, 6, 5, 7]","['A3KCUB6P3IE8NL', 'A2MUCL20GTQJA0', 'A27IABVBUZ9X8Z', 'A1FHS282JP487T', 'A2VRDE2FHCBMF8', 'A2AG45K4ULNBHF', 'AHZPOM46IUJ2N', 'ACM87U430O96Z', 'self_report_19']"
24_DR-100_0086_3_sentence_11.wav,"[2, 6, 2, 6, 5, 5, 5, 3, 6]","[6, 7, 5, 7, 6, 5, 7, 6, 6]","['A1T79J0XQXDDGC', 'A2MUCL20GTQJA0', 'A2CFE6AZS73RNS', 'AA9V4NE8SOA4I', 'A2AG45K4ULNBHF', 'A2B6WQG0A9CKXQ', 'A2JP9IKRHNLRPI', 'A10BH9PYCYUKDJ', 'self_report_24']"
23_DR-100_0083_7_sentence_12.wav,"[1, 2, 6, 4, 5, 2, 3, 4, 5]","[8, 6, 6, 7, 8, 7, 6, 7, 3]","['A273DS7TQWR9M1', 'A1T79J0XQXDDGC', 'A2TBXASXZIRNNW', 'A27SMEOPKV84VI', 'A2JP9IKRHNLRPI', 'ACM87U430O96Z', 'A2VRDE2FHCBMF8', 'A3W24IE6P9O302', 'self_report_23']"
28_DR-100_0087_1_sentence_2.wav,"[2, 3, 5, 1, 2, 4, 6, 2, 7]","[5, 5, 4, 5, 4, 4, 5, 7, 5]","['A3KCUB6P3IE8NL', 'A1HXEXQTZCJ1DW', 'A27SMEOPKV84VI', 'ARX0S1CIDJLOX', 'AEO84PDSWW0W', 'ARVXIBUCA8WDZ', 'A1ET2J1PIP0RGO', 'ACM87U430O96Z', 'self_report_28']"
23_DR-100_0083_1_sentence_7.wav,"[1, 4, 2, 7, 1, 1, 1, 2, 6]","[5, 4, 5, 5, 5, 5, 5, 6, 5]","['A1T79J0XQXDDGC', 'ARVXIBUCA8WDZ', 'A13NXSZ9D5NTHN', 'A2TBXASXZIRNNW', 'A3GLUDQZGEJL5G', 'A2F48NO7AD9VKK', 'A3W24IE6P9O302', 'ABI1EI8UQK6LK', 'self_report_23']"
21_DR-100_0084_5_sentence_4.wav,"[3, 3, 5, 5, 3, 6, 3, 3, 3]","[3, 3, 6, 4, 6, 4, 7, 3, 4]","['A1HXEXQTZCJ1DW', 'A394S7JSNUA3TS', 'A1ET2J1PIP0RGO', 'A22QD6M0A2C77C', 'A1FHS282JP487T', 'A27SMEOPKV84VI', 'ACM87U430O96Z', 'A2T007HZK66WM', 'self_report_21']"
23_DR-100_0083_3_sentence_1.wav,"[5, 1, 3, 3, 3, 6, 3, 2, 5]","[6, 5, 5, 4, 4, 4, 4, 4, 5]","['ARVXIBUCA8WDZ', 'A1ZD9SJXQ9C6EW', 'A3JZS32RQUWGJM', 'A2NJ7N8INZOB00', 'A27IABVBUZ9X8Z', 'A1ET2J1PIP0RGO', 'A22QD6M0A2C77C', 'A2T007HZK66WM', 'self_report_23']"
28_DR-100_0087_5_sentence_1.wav,"[5, 1, 4, 3, 2, 2, 2, 2, 3]","[5, 5, 4, 6, 4, 5, 7, 7, 6]","['A3W24IE6P9O302', 'A2T007HZK66WM', 'AHZPOM46IUJ2N', 'A340UGIDGIF4W6', 'A273DS7TQWR9M1', 'A1Y0Y6U906ABT5', 'A1T79J0XQXDDGC', 'ACM87U430O96Z', 'self_report_28']"
27_DR-100_0084_9_sentence_9.wav,"[3, 6, 4, 5, 6, 3, 2, 3, 3]","[5, 7, 6, 7, 6, 7, 6, 7, 8]","['A32U64W0S9PUA3', 'A2TBXASXZIRNNW', 'A1T79J0XQXDDGC', 'A2JP9IKRHNLRPI', 'A27SMEOPKV84VI', 'A27IABVBUZ9X8Z', 'ABI1EI8UQK6LK', 'A22QD6M0A2C77C', 'self_report_27']"
21_DR-100_0084_5_sentence_2.wav,"[3, 7, 6, 3, 4, 4, 4, 2, 3]","[5, 3, 4, 5, 7, 5, 4, 4, 4]","['A13NXSZ9D5NTHN', 'A2TBXASXZIRNNW', 'A27SMEOPKV84VI', 'A1T79J0XQXDDGC', 'A2871R3LEPWMMK', 'ARVXIBUCA8WDZ', 'A1HXEXQTZCJ1DW', 'A22QD6M0A2C77C', 'self_report_21']"
24_DR-100_0086_3_sentence_1.wav,"[1, 1, 3, 3, 2, 3, 2, 5, 6]","[5, 5, 4, 7, 6, 5, 5, 5, 6]","['A1ZD9SJXQ9C6EW', 'A394S7JSNUA3TS', 'AA9V4NE8SOA4I', 'AZZ2Y5UHP5F0L', 'A1DD23J1WBGQUU', 'A1Y0Y6U906ABT5', 'A2CFE6AZS73RNS', 'A1HXEXQTZCJ1DW', 'self_report_24']"
28_DR-100_0087_7_sentence_10.wav,"[1, 1, 1, 1, 5, 1, 1, 1, 3]","[5, 5, 5, 5, 5, 5, 1, 5, 5]","['A3APMO8WXVH1V0', 'A2EOOF9D135HQ1', 'A2TBXASXZIRNNW', 'A3W24IE6P9O302', 'A124E03UMDZAA9', 'A1ZD9SJXQ9C6EW', 'A18O3DEA5Z4MJD', 'A1VW8Y7XCV3DRW', 'self_report_28']"
26_DR-100_0088_7_sentence_6.wav,"[4, 3, 4, 6, 2, 7, 7, 7, 8]","[2, 4, 3, 6, 6, 8, 7, 3, 9]","['A273DS7TQWR9M1', 'A2AG45K4ULNBHF', 'A10BH9PYCYUKDJ', 'AHZPOM46IUJ2N', 'ACM87U430O96Z', 'AA9V4NE8SOA4I', 'A2MUCL20GTQJA0', 'A3W24IE6P9O302', 'self_report_26']"
28_DR-100_0087_9_sentence_6.wav,"[4, 1, 2, 4, 2, 2, 3, 1, 3]","[6, 6, 6, 7, 6, 6, 7, 5, 4]","['A2VRDE2FHCBMF8', 'A2T007HZK66WM', 'AKZ8SFOAI4RZN', 'AA9V4NE8SOA4I', 'A3K6DL4PN98CBN', 'AEO84PDSWW0W', 'A2AG45K4ULNBHF', 'A2EOOF9D135HQ1', 'self_report_28']"
24_DR-100_0086_5_sentence_8.wav,"[2, 4, 5, 2, 4, 3, 3, 4, 7]","[4, 2, 3, 4, 5, 6, 2, 4, 5]","['A27IABVBUZ9X8Z', 'A2NJ7N8INZOB00', 'A1B4KC5KP7FH1Z', 'A2F48NO7AD9VKK', 'A124E03UMDZAA9', 'A340UGIDGIF4W6', 'A18TCR555RWUZV', 'A1DD23J1WBGQUU', 'self_report_24']"
27_DR-100_0084_5_sentence_2.wav,"[4, 5, 3, 1, 3, 3, 4, 2, 3]","[3, 6, 3, 2, 4, 5, 2, 7, 4]","['A22QD6M0A2C77C', 'AA9V4NE8SOA4I', 'A3JZS32RQUWGJM', 'A273DS7TQWR9M1', 'A1HXEXQTZCJ1DW', 'A2VRDE2FHCBMF8', 'A10BH9PYCYUKDJ', 'ACM87U430O96Z', 'self_report_27']"
19_DR-100_0082_5_sentence_8.wav,"[4, 3, 3, 4, 6, 1, 3, 3, 7]","[7, 6, 4, 4, 3, 6, 4, 6, 7]","['AA9V4NE8SOA4I', 'A2MUCL20GTQJA0', 'A2CFE6AZS73RNS', 'A124E03UMDZAA9', 'A2TBXASXZIRNNW', 'ABI1EI8UQK6LK', 'AEO84PDSWW0W', 'A1DD23J1WBGQUU', 'self_report_19']"
20_DR-100_0083_5_sentence_8.wav,"[2, 6, 3, 1, 2, 1, 2, 4, 4]","[2, 7, 3, 3, 4, 5, 3, 5, 6]","['A2AG45K4ULNBHF', 'AA9V4NE8SOA4I', 'A3JZS32RQUWGJM', 'A13NXSZ9D5NTHN', 'A3K6DL4PN98CBN', 'A1T79J0XQXDDGC', 'AKZ8SFOAI4RZN', 'A1B4KC5KP7FH1Z', 'self_report_20']"
22_DR-100_0085_9_sentence_10.wav,"[7, 3, 1, 2, 2, 5, 1, 3, 6]","[4, 6, 6, 4, 5, 4, 5, 6, 6]","['A2TBXASXZIRNNW', 'AHZPOM46IUJ2N', 'A3GLUDQZGEJL5G', 'A394S7JSNUA3TS', 'A3KCUB6P3IE8NL', 'A2JP9IKRHNLRPI', 'A27IABVBUZ9X8Z', 'A1Y0Y6U906ABT5', 'self_report_22']"
27_DR-100_0084_1_sentence_2.wav,"[3, 3, 7, 3, 3, 6, 2, 7, 4]","[4, 6, 7, 6, 7, 4, 4, 6, 6]","['AEO84PDSWW0W', 'ACJ6NSCIWMUZI', 'AA9V4NE8SOA4I', 'A13NXSZ9D5NTHN', 'A1FHS282JP487T', 'A2NBVTY6FLBEAF', 'A1ZD9SJXQ9C6EW', 'A27SMEOPKV84VI', 'self_report_27']"
19_DR-100_0082_7_sentence_2.wav,"[2, 2, 5, 7, 5, 2, 1, 3, 6]","[8, 5, 5, 5, 7, 6, 5, 5, 4]","['A2B6WQG0A9CKXQ', 'A3JZS32RQUWGJM', 'A124E03UMDZAA9', 'A2TBXASXZIRNNW', 'A1ET2J1PIP0RGO', 'A2NBVTY6FLBEAF', 'A13NXSZ9D5NTHN', 'A2VRDE2FHCBMF8', 'self_report_19']"
22_DR-100_0085_9_sentence_5.wav,"[1, 5, 4, 3, 3, 1, 2, 1, 6]","[5, 7, 5, 5, 4, 6, 6, 5, 6]","['A13NXSZ9D5NTHN', 'A2JP9IKRHNLRPI', 'A2VRDE2FHCBMF8', 'A2CFE6AZS73RNS', 'A3K6DL4PN98CBN', 'A394S7JSNUA3TS', 'A2T007HZK66WM', 'A1T79J0XQXDDGC', 'self_report_22']"
19_DR-100_0082_9_sentence_7.wav,"[1, 3, 3, 5, 3, 1, 3, 1, 8]","[6, 5, 6, 6, 6, 6, 5, 3, 7]","['A1ZD9SJXQ9C6EW', 'A2CFE6AZS73RNS', 'A1HXEXQTZCJ1DW', 'A2JP9IKRHNLRPI', 'AEO84PDSWW0W', 'A340UGIDGIF4W6', 'AKZ8SFOAI4RZN', 'A13NXSZ9D5NTHN', 'self_report_19']"
22_DR-100_0085_3_sentence_7.wav,"[1, 2, 3, 1, 6, 3, 5, 4, 5]","[6, 7, 7, 6, 6, 6, 4, 8, 6]","['A394S7JSNUA3TS', 'A1T79J0XQXDDGC', 'A32U64W0S9PUA3', 'A2F48NO7AD9VKK', 'A27SMEOPKV84VI', 'A3JZS32RQUWGJM', 'AA9V4NE8SOA4I', 'A2871R3LEPWMMK', 'self_report_22']"
27_DR-100_0084_1_sentence_9.wav,"[5, 5, 3, 6, 5, 6, 6, 4, 4]","[8, 6, 6, 7, 7, 7, 8, 7, 6]","['A3K6DL4PN98CBN', 'A124E03UMDZAA9', 'A27IABVBUZ9X8Z', 'A1Y0Y6U906ABT5', 'A1HXEXQTZCJ1DW', 'AA9V4NE8SOA4I', 'A1B4KC5KP7FH1Z', 'AU6C9UNNFJALY', 'self_report_27']"
20_DR-100_0083_7_sentence_5.wav,"[6, 3, 6, 3, 4, 5, 6, 4, 4]","[5, 3, 4, 4, 5, 3, 6, 6, 5]","['A27SMEOPKV84VI', 'A27IABVBUZ9X8Z', 'A2AG45K4ULNBHF', 'ABI1EI8UQK6LK', 'A2B6WQG0A9CKXQ', 'AA9V4NE8SOA4I', 'A1B4KC5KP7FH1Z', 'AU6C9UNNFJALY', 'self_report_20']"
27_DR-100_0084_1_sentence_4.wav,"[3, 6, 8, 7, 7, 2, 4, 5, 4]","[5, 7, 7, 7, 8, 7, 6, 6, 6]","['A394S7JSNUA3TS', 'A1B4KC5KP7FH1Z', 'A1VW8Y7XCV3DRW', 'A27SMEOPKV84VI', 'A2MUCL20GTQJA0', 'A13NXSZ9D5NTHN', 'A124E03UMDZAA9', 'A1Y0Y6U906ABT5', 'self_report_27']"
22_DR-100_0085_7_sentence_7.wav,"[4, 3, 2, 5, 4, 5, 4, 5, 5]","[6, 6, 7, 6, 5, 6, 8, 7, 5]","['A1FHS282JP487T', 'A394S7JSNUA3TS', 'A2EOOF9D135HQ1', 'A1B4KC5KP7FH1Z', 'A2VRDE2FHCBMF8', 'ARVXIBUCA8WDZ', 'A10BH9PYCYUKDJ', 'A3W24IE6P9O302', 'self_report_22']"
24_DR-100_0086_5_sentence_10.wav,"[3, 3, 5, 3, 4, 2, 3, 4, 7]","[4, 3, 4, 4, 3, 6, 7, 3, 5]","['A27IABVBUZ9X8Z', 'ARX0S1CIDJLOX', 'A2TBXASXZIRNNW', 'A10BH9PYCYUKDJ', 'A2JP9IKRHNLRPI', 'A13NXSZ9D5NTHN', 'A1FHS282JP487T', 'A3JZS32RQUWGJM', 'self_report_24']"
25_DR-100_0087_7_sentence_9.wav,"[1, 3, 1, 4, 3, 1, 3, 1, 3]","[5, 4, 1, 2, 3, 4, 4, 5, 2]","['ACJ6NSCIWMUZI', 'A124E03UMDZAA9', 'A10BH9PYCYUKDJ', 'ARX0S1CIDJLOX', 'A2JP9IKRHNLRPI', 'A2F48NO7AD9VKK', 'AKZ8SFOAI4RZN', 'A2EOOF9D135HQ1', 'self_report_25']"
21_DR-100_0084_3_sentence_8.wav,"[3, 2, 2, 3, 7, 5, 5, 2, 1]","[6, 6, 4, 6, 4, 4, 7, 6, 8]","['A1FHS282JP487T', 'A1T79J0XQXDDGC', 'A3GLUDQZGEJL5G', 'A1HXEXQTZCJ1DW', 'A2TBXASXZIRNNW', 'A10BH9PYCYUKDJ', 'A2CFE6AZS73RNS', 'ARX0S1CIDJLOX', 'self_report_21']"
20_DR-100_0083_9_sentence_2.wav,"[3, 2, 6, 3, 3, 1, 1, 3, 5]","[6, 6, 5, 5, 5, 6, 4, 4, 6]","['A394S7JSNUA3TS', 'A1ZD9SJXQ9C6EW', 'A2AG45K4ULNBHF', 'A2VRDE2FHCBMF8', 'A2B6WQG0A9CKXQ', 'A273DS7TQWR9M1', 'A27IABVBUZ9X8Z', 'A3GLUDQZGEJL5G', 'self_report_20']"
25_DR-100_0087_9_sentence_3.wav,"[1, 2, 2, 4, 5, 3, 3, 2, 2]","[3, 4, 4, 6, 5, 4, 6, 2, 6]","['A13NXSZ9D5NTHN', 'A10BH9PYCYUKDJ', 'AA9V4NE8SOA4I', 'A2JP9IKRHNLRPI', 'A1ET2J1PIP0RGO', 'A124E03UMDZAA9', 'A2NJ7N8INZOB00', 'A340UGIDGIF4W6', 'self_report_25']"
27_DR-100_0084_9_sentence_6.wav,"[4, 6, 7, 2, 4, 3, 4, 2, 3]","[4, 5, 7, 7, 4, 4, 3, 5, 8]","['AEO84PDSWW0W', 'ARVXIBUCA8WDZ', 'AA9V4NE8SOA4I', 'A27IABVBUZ9X8Z', 'A2AG45K4ULNBHF', 'A394S7JSNUA3TS', 'A3NSJ6GJC7TZSG', 'A13NXSZ9D5NTHN', 'self_report_27']"
27_DR-100_0084_1_sentence_6.wav,"[5, 3, 7, 4, 6, 3, 5, 4, 4]","[5, 5, 6, 6, 4, 4, 6, 7, 6]","['A3APMO8WXVH1V0', 'A2EOOF9D135HQ1', 'AA9V4NE8SOA4I', 'A1FHS282JP487T', 'A1B4KC5KP7FH1Z', 'A3KCUB6P3IE8NL', 'A3U7EIF0P9GQKI', 'ACM87U430O96Z', 'self_report_27']"
24_DR-100_0086_3_sentence_8.wav,"[2, 5, 1, 3, 1, 4, 4, 5, 6]","[5, 6, 6, 5, 7, 7, 6, 7, 6]","['AZZ2Y5UHP5F0L', 'ARVXIBUCA8WDZ', 'A273DS7TQWR9M1', 'A394S7JSNUA3TS', 'A340UGIDGIF4W6', 'A2JP9IKRHNLRPI', 'A1Y0Y6U906ABT5', 'AA9V4NE8SOA4I', 'self_report_24']"
23_DR-100_0083_7_sentence_11.wav,"[3, 5, 2, 4, 2, 2, 3, 2, 5]","[6, 4, 2, 6, 6, 5, 3, 5, 3]","['A3K6DL4PN98CBN', 'A1B4KC5KP7FH1Z', 'A27IABVBUZ9X8Z', 'AHZPOM46IUJ2N', 'A3KCUB6P3IE8NL', 'ARX0S1CIDJLOX', 'A1T79J0XQXDDGC', 'A3JZS32RQUWGJM', 'self_report_23']"
26_DR-100_0088_7_sentence_5.wav,"[6, 5, 5, 3, 6, 4, 5, 7, 8]","[3, 6, 7, 6, 4, 6, 4, 2, 9]","['AKZ8SFOAI4RZN', 'A27SMEOPKV84VI', 'A2VRDE2FHCBMF8', 'A2EOOF9D135HQ1', 'A1B4KC5KP7FH1Z', 'A1OZPLHNIU1519', 'AHZPOM46IUJ2N', 'A2CFE6AZS73RNS', 'self_report_26']"
19_DR-100_0082_1_sentence_10.wav,"[4, 1, 7, 6, 2, 2, 2, 2, 6]","[4, 4, 4, 7, 1, 4, 5, 5, 6]","['ARVXIBUCA8WDZ', 'A394S7JSNUA3TS', 'A2TBXASXZIRNNW', 'A1ET2J1PIP0RGO', 'A2B6WQG0A9CKXQ', 'A3W24IE6P9O302', 'A1ZD9SJXQ9C6EW', 'ACM87U430O96Z', 'self_report_19']"
23_DR-100_0083_7_sentence_2.wav,"[3, 5, 5, 7, 2, 3, 4, 3, 5]","[6, 7, 6, 4, 6, 6, 4, 6, 3]","['A1VE1CAMPSYRHE', 'AA9V4NE8SOA4I', 'A27SMEOPKV84VI', 'A1VW8Y7XCV3DRW', 'ACJ6NSCIWMUZI', 'A1T79J0XQXDDGC', 'A2B6WQG0A9CKXQ', 'AHZPOM46IUJ2N', 'self_report_23']"
28_DR-100_0087_5_sentence_4.wav,"[3, 4, 3, 5, 4, 4, 3, 4, 3]","[4, 6, 3, 4, 4, 4, 4, 4, 6]","['AHZPOM46IUJ2N', 'A2MUCL20GTQJA0', 'A2CFE6AZS73RNS', 'AA9V4NE8SOA4I', 'A2B6WQG0A9CKXQ', 'ARVXIBUCA8WDZ', 'A22QD6M0A2C77C', 'A2NBVTY6FLBEAF', 'self_report_28']"
24_DR-100_0086_5_sentence_4.wav,"[5, 2, 2, 1, 3, 3, 2, 4, 7]","[3, 6, 4, 4, 5, 6, 4, 3, 5]","['A2JP9IKRHNLRPI', 'A27IABVBUZ9X8Z', 'A2F48NO7AD9VKK', 'A1ZD9SJXQ9C6EW', 'A2VRDE2FHCBMF8', 'A1FHS282JP487T', 'A3KCUB6P3IE8NL', 'A3JZS32RQUWGJM', 'self_report_24']"
25_DR-100_0087_9_sentence_6.wav,"[5, 5, 2, 2, 5, 4, 1, 2, 2]","[5, 3, 2, 3, 2, 4, 8, 7, 6]","['A2CFE6AZS73RNS', 'A2JP9IKRHNLRPI', 'A1Y0Y6U906ABT5', 'AKZ8SFOAI4RZN', 'A2TBXASXZIRNNW', 'AHZPOM46IUJ2N', 'A1VW8Y7XCV3DRW', 'A2B6WQG0A9CKXQ', 'self_report_25']"
26_DR-100_0088_5_sentence_5.wav,"[4, 6, 7, 3, 3, 4, 3, 3, 7]","[7, 4, 8, 6, 6, 7, 7, 7, 9]","['AKZ8SFOAI4RZN', 'AA9V4NE8SOA4I', 'A2MUCL20GTQJA0', 'A3GLUDQZGEJL5G', 'A1FHS282JP487T', 'A394S7JSNUA3TS', 'A1ZD9SJXQ9C6EW', 'ABI1EI8UQK6LK', 'self_report_26']"
23_DR-100_0083_9_sentence_6.wav,"[3, 6, 5, 4, 2, 6, 2, 3, 5]","[5, 5, 5, 5, 6, 7, 6, 7, 4]","['AKZ8SFOAI4RZN', 'ARVXIBUCA8WDZ', 'A2B6WQG0A9CKXQ', 'A2VRDE2FHCBMF8', 'A27IABVBUZ9X8Z', 'A3NSJ6GJC7TZSG', 'A1LJKHC0NH9TIX', 'A22QD6M0A2C77C', 'self_report_23']"
25_DR-100_0087_1_sentence_6.wav,"[5, 2, 3, 2, 4, 2, 3, 2, 6]","[5, 7, 5, 5, 5, 6, 6, 4, 8]","['A1ET2J1PIP0RGO', 'A2AG45K4ULNBHF', 'A2CFE6AZS73RNS', 'A2B6WQG0A9CKXQ', 'A2VRDE2FHCBMF8', 'A3GLUDQZGEJL5G', 'A1HXEXQTZCJ1DW', 'AEO84PDSWW0W', 'self_report_25']"
24_DR-100_0086_3_sentence_3.wav,"[4, 9, 3, 5, 4, 6, 6, 6, 6]","[7, 6, 5, 7, 6, 7, 5, 6, 6]","['A2871R3LEPWMMK', 'A3K6DL4PN98CBN', 'A2VRDE2FHCBMF8', 'A1DD23J1WBGQUU', 'A1Y0Y6U906ABT5', 'A2TBXASXZIRNNW', 'A1T79J0XQXDDGC', 'A3W24IE6P9O302', 'self_report_24']"
21_DR-100_0084_5_sentence_3.wav,"[3, 2, 5, 1, 4, 5, 3, 3, 3]","[4, 4, 6, 3, 6, 4, 3, 3, 4]","['AEO84PDSWW0W', 'A394S7JSNUA3TS', 'A1ET2J1PIP0RGO', 'A1T79J0XQXDDGC', 'A124E03UMDZAA9', 'A2MUCL20GTQJA0', 'A2AAY4VT9L71SY', 'A10BH9PYCYUKDJ', 'self_report_21']"
26_DR-100_0088_7_sentence_2.wav,"[5, 2, 3, 2, 7, 7, 7, 6, 8]","[6, 7, 6, 6, 8, 5, 8, 7, 9]","['A124E03UMDZAA9', 'A13NXSZ9D5NTHN', 'A3GLUDQZGEJL5G', 'A3KCUB6P3IE8NL', 'A1ET2J1PIP0RGO', 'A2TBXASXZIRNNW', 'AA9V4NE8SOA4I', 'A2D30R5ZNQS01W', 'self_report_26']"
24_DR-100_0086_3_sentence_16.wav,"[2, 6, 3, 6, 4, 1, 3, 3, 6]","[5, 7, 6, 7, 5, 6, 6, 6, 6]","['A2CFE6AZS73RNS', 'A2MUCL20GTQJA0', 'A2EOOF9D135HQ1', 'ARVXIBUCA8WDZ', 'ACJ6NSCIWMUZI', 'A394S7JSNUA3TS', 'A1T79J0XQXDDGC', 'A22QD6M0A2C77C', 'self_report_24']"
19_DR-100_0082_1_sentence_2.wav,"[3, 3, 5, 4, 1, 4, 1, 3, 6]","[3, 5, 6, 5, 5, 5, 4, 4, 6]","['A3JZS32RQUWGJM', 'AKZ8SFOAI4RZN', 'A1ET2J1PIP0RGO', 'A27SMEOPKV84VI', 'A1T79J0XQXDDGC', 'A1HXEXQTZCJ1DW', 'A3KCUB6P3IE8NL', 'A1Y0Y6U906ABT5', 'self_report_19']"
22_DR-100_0085_5_sentence_8.wav,"[5, 1, 4, 5, 4, 1, 1, 4, 7]","[5, 5, 5, 6, 5, 7, 4, 3, 7]","['A27SMEOPKV84VI', 'A1T79J0XQXDDGC', 'A1ET2J1PIP0RGO', 'A2MUCL20GTQJA0', 'A2VRDE2FHCBMF8', 'A340UGIDGIF4W6', 'A2F48NO7AD9VKK', 'A1VW8Y7XCV3DRW', 'self_report_22']"
28_DR-100_0087_9_sentence_2.wav,"[2, 3, 1, 3, 3, 1, 2, 2, 3]","[6, 4, 6, 4, 4, 7, 4, 4, 4]","['A3KCUB6P3IE8NL', 'A1HXEXQTZCJ1DW', 'A13NXSZ9D5NTHN', 'A2AG45K4ULNBHF', 'A18TCR555RWUZV', 'A1T79J0XQXDDGC', 'A27IABVBUZ9X8Z', 'AHZPOM46IUJ2N', 'self_report_28']"
26_DR-100_0088_3_sentence_2.wav,"[4, 6, 6, 4, 5, 4, 2, 7, 6]","[4, 6, 6, 6, 6, 4, 5, 3, 7]","['AEO84PDSWW0W', 'AA9V4NE8SOA4I', 'A1ET2J1PIP0RGO', 'A1T79J0XQXDDGC', 'A2VRDE2FHCBMF8', 'A1HXEXQTZCJ1DW', 'ABI1EI8UQK6LK', 'A1VW8Y7XCV3DRW', 'self_report_26']"
25_DR-100_0087_7_sentence_6.wav,"[1, 4, 1, 4, 3, 2, 2, 3, 3]","[5, 2, 1, 3, 3, 1, 3, 2, 2]","['ACJ6NSCIWMUZI', 'AA9V4NE8SOA4I', 'AUSRHMZM3R6CW', 'A124E03UMDZAA9', 'A2MUCL20GTQJA0', 'A18O3DEA5Z4MJD', 'A3GLUDQZGEJL5G', 'A1VW8Y7XCV3DRW', 'self_report_25']"
19_DR-100_0082_1_sentence_11.wav,"[2, 5, 1, 3, 3, 3, 1, 5, 6]","[3, 6, 3, 3, 4, 2, 2, 3, 6]","['A2AG45K4ULNBHF', 'A1ET2J1PIP0RGO', 'A3W24IE6P9O302', 'A394S7JSNUA3TS', 'A22QD6M0A2C77C', 'A1VW8Y7XCV3DRW', 'A2B6WQG0A9CKXQ', 'A1B4KC5KP7FH1Z', 'self_report_19']"
27_DR-100_0084_5_sentence_7.wav,"[8, 5, 6, 6, 5, 3, 5, 6, 3]","[8, 7, 7, 4, 7, 8, 9, 7, 4]","['A2TBXASXZIRNNW', 'A1HXEXQTZCJ1DW', 'A2AG45K4ULNBHF', 'AA9V4NE8SOA4I', 'A2VRDE2FHCBMF8', 'ACM87U430O96Z', 'A273DS7TQWR9M1', 'AU6C9UNNFJALY', 'self_report_27']"
24_DR-100_0086_9_sentence_4.wav,"[1, 4, 5, 5, 5, 5, 5, 6, 4]","[5, 4, 7, 4, 7, 5, 4, 6, 6]","['A273DS7TQWR9M1', 'A1HXEXQTZCJ1DW', 'AKZ8SFOAI4RZN', 'AA9V4NE8SOA4I', 'A1ET2J1PIP0RGO', 'A2B6WQG0A9CKXQ', 'A2JP9IKRHNLRPI', 'A2AG45K4ULNBHF', 'self_report_24']"
26_DR-100_0088_1_sentence_9.wav,"[1, 1, 1, 1, 1, 1, 1, 1, 1]","[5, 5, 5, 5, 5, 5, 5, 5, 5]","['A273DS7TQWR9M1', 'A2F48NO7AD9VKK', 'A1Y0Y6U906ABT5', 'A3W24IE6P9O302', 'A1FHS282JP487T', 'A340UGIDGIF4W6', 'ARVXIBUCA8WDZ', 'AHZPOM46IUJ2N', 'self_report_26']"
24_DR-100_0086_1_sentence_11.wav,"[3, 2, 2, 1, 2, 4, 4, 2, 4]","[5, 9, 6, 6, 6, 6, 5, 5, 6]","['A3W24IE6P9O302', 'A2B6WQG0A9CKXQ', 'AEO84PDSWW0W', 'A394S7JSNUA3TS', 'A3K6DL4PN98CBN', 'A3NSJ6GJC7TZSG', 'A1LJKHC0NH9TIX', 'A27IABVBUZ9X8Z', 'self_report_24']"
26_DR-100_0088_5_sentence_7.wav,"[1, 1, 1, 1, 1, 1, 1, 1, 7]","[5, 5, 5, 5, 5, 5, 5, 5, 9]","['AEO84PDSWW0W', 'A124E03UMDZAA9', 'A2F48NO7AD9VKK', 'A10BH9PYCYUKDJ', 'A2TBXASXZIRNNW', 'A2B6WQG0A9CKXQ', 'A3W24IE6P9O302', 'A1HXEXQTZCJ1DW', 'self_report_26']"
21_DR-100_0084_7_sentence_5.wav,"[2, 3, 3, 4, 5, 2, 5, 3, 2]","[5, 3, 4, 6, 4, 4, 3, 5, 5]","['A13NXSZ9D5NTHN', 'AKZ8SFOAI4RZN', 'A32U64W0S9PUA3', 'A2VRDE2FHCBMF8', 'A124E03UMDZAA9', 'A3KCUB6P3IE8NL', 'A2CFE6AZS73RNS', 'AU6C9UNNFJALY', 'self_report_21']"
24_DR-100_0086_9_sentence_11.wav,"[5, 3, 7, 5, 3, 3, 5, 4, 4]","[3, 7, 6, 4, 6, 6, 4, 6, 6]","['A22QD6M0A2C77C', 'A2T007HZK66WM', 'A1VW8Y7XCV3DRW', 'AA9V4NE8SOA4I', 'A3GLUDQZGEJL5G', 'A1FHS282JP487T', 'AEO84PDSWW0W', 'A2VRDE2FHCBMF8', 'self_report_24']"
24_DR-100_0086_9_sentence_13.wav,"[3, 2, 1, 5, 4, 2, 3, 5, 4]","[6, 5, 5, 6, 7, 4, 6, 6, 6]","['A2CFE6AZS73RNS', 'A3KCUB6P3IE8NL', 'A3GLUDQZGEJL5G', 'AHZPOM46IUJ2N', 'A1T79J0XQXDDGC', 'A3K6DL4PN98CBN', 'ARX0S1CIDJLOX', 'A2JP9IKRHNLRPI', 'self_report_24']"
27_DR-100_0084_9_sentence_3.wav,"[6, 3, 8, 7, 8, 9, 7, 6, 3]","[8, 6, 8, 2, 3, 8, 7, 7, 8]","['A1T79J0XQXDDGC', 'A1ZD9SJXQ9C6EW', 'A2VRDE2FHCBMF8', 'A2NJ7N8INZOB00', 'A2NBVTY6FLBEAF', 'A1VW8Y7XCV3DRW', 'AHZPOM46IUJ2N', 'A1HXEXQTZCJ1DW', 'self_report_27']"
24_DR-100_0086_1_sentence_12.wav,"[6, 3, 5, 4, 4, 1, 8, 1, 4]","[6, 6, 5, 5, 5, 6, 7, 5, 6]","['A27SMEOPKV84VI', 'A1T79J0XQXDDGC', 'A124E03UMDZAA9', 'ACJ6NSCIWMUZI', 'A1Y0Y6U906ABT5', 'A2B6WQG0A9CKXQ', 'A2TBXASXZIRNNW', 'A1ZD9SJXQ9C6EW', 'self_report_24']"
19_DR-100_0082_3_sentence_5.wav,"[5, 2, 3, 8, 6, 5, 2, 3, 7]","[5, 6, 5, 8, 6, 5, 3, 5, 8]","['A2AG45K4ULNBHF', 'A13NXSZ9D5NTHN', 'ACJ6NSCIWMUZI', 'AA9V4NE8SOA4I', 'A1ET2J1PIP0RGO', 'A2JP9IKRHNLRPI', 'A22QD6M0A2C77C', 'A1T79J0XQXDDGC', 'self_report_19']"
22_DR-100_0085_7_sentence_12.wav,"[2, 4, 1, 2, 3, 3, 6, 5, 5]","[6, 6, 7, 7, 7, 5, 6, 7, 5]","['A27IABVBUZ9X8Z', 'A2MUCL20GTQJA0', 'A13NXSZ9D5NTHN', 'ARX0S1CIDJLOX', 'A1DD23J1WBGQUU', 'ACJ6NSCIWMUZI', 'A27SMEOPKV84VI', 'A1B4KC5KP7FH1Z', 'self_report_22']"
19_DR-100_0082_1_sentence_3.wav,"[4, 2, 4, 1, 1, 4, 3, 3, 6]","[5, 5, 4, 5, 4, 3, 3, 6, 6]","['A1B4KC5KP7FH1Z', 'A3KCUB6P3IE8NL', 'A2JP9IKRHNLRPI', 'A13NXSZ9D5NTHN', 'A394S7JSNUA3TS', 'AA9V4NE8SOA4I', 'A2AG45K4ULNBHF', 'A1HXEXQTZCJ1DW', 'self_report_19']"
28_DR-100_0087_9_sentence_5.wav,"[3, 2, 1, 2, 1, 1, 2, 1, 3]","[5, 5, 5, 5, 5, 5, 5, 5, 4]","['A2VRDE2FHCBMF8', 'A2CFE6AZS73RNS', 'A27IABVBUZ9X8Z', 'A13NXSZ9D5NTHN', 'A1T79J0XQXDDGC', 'A3K6DL4PN98CBN', 'A1HXEXQTZCJ1DW', 'A1ZD9SJXQ9C6EW', 'self_report_28']"
21_DR-100_0084_3_sentence_3.wav,"[3, 1, 5, 6, 3, 7, 5, 4, 1]","[7, 5, 5, 7, 4, 4, 6, 6, 8]","['A273DS7TQWR9M1', 'A3GLUDQZGEJL5G', 'ARVXIBUCA8WDZ', 'A1VW8Y7XCV3DRW', 'A2CFE6AZS73RNS', 'A2TBXASXZIRNNW', 'A2MUCL20GTQJA0', 'A1Y0Y6U906ABT5', 'self_report_21']"
22_DR-100_0085_9_sentence_11.wav,"[6, 7, 2, 6, 1, 4, 1, 5, 6]","[6, 4, 5, 5, 5, 5, 5, 6, 6]","['A2871R3LEPWMMK', 'A2TBXASXZIRNNW', 'ARX0S1CIDJLOX', 'A2NBVTY6FLBEAF', 'A27IABVBUZ9X8Z', 'A1HXEXQTZCJ1DW', 'A394S7JSNUA3TS', 'A2MUCL20GTQJA0', 'self_report_22']"
27_DR-100_0084_7_sentence_2.wav,"[3, 3, 6, 4, 6, 2, 2, 4, 4]","[3, 9, 9, 6, 6, 9, 9, 7, 5]","['A13NXSZ9D5NTHN', 'A1T79J0XQXDDGC', 'A3K6DL4PN98CBN', 'A1ET2J1PIP0RGO', 'A1VW8Y7XCV3DRW', 'A273DS7TQWR9M1', 'A2B6WQG0A9CKXQ', 'ABI1EI8UQK6LK', 'self_report_27']"
20_DR-100_0083_1_sentence_1.wav,"[5, 5, 2, 4, 5, 3, 5, 4, 4]","[6, 6, 4, 7, 8, 6, 5, 4, 5]","['A124E03UMDZAA9', 'A1ET2J1PIP0RGO', 'A394S7JSNUA3TS', 'A3W24IE6P9O302', 'A2B6WQG0A9CKXQ', 'ACJ6NSCIWMUZI', 'A1B4KC5KP7FH1Z', 'A1HXEXQTZCJ1DW', 'self_report_20']"
22_DR-100_0085_3_sentence_5.wav,"[5, 1, 4, 4, 4, 2, 1, 5, 5]","[6, 6, 6, 7, 8, 5, 8, 7, 6]","['AA9V4NE8SOA4I', 'AUSRHMZM3R6CW', 'AEO84PDSWW0W', 'A2JP9IKRHNLRPI', 'A1VW8Y7XCV3DRW', 'A340UGIDGIF4W6', 'A273DS7TQWR9M1', 'AHZPOM46IUJ2N', 'self_report_22']"
25_DR-100_0087_1_sentence_4.wav,"[1, 1, 3, 1, 2, 1, 2, 1, 6]","[6, 5, 5, 6, 3, 2, 7, 7, 8]","['A3W24IE6P9O302', 'A273DS7TQWR9M1', 'A27SMEOPKV84VI', 'A2T007HZK66WM', 'A10BH9PYCYUKDJ', 'A340UGIDGIF4W6', 'A1HXEXQTZCJ1DW', 'A2B6WQG0A9CKXQ', 'self_report_25']"
21_DR-100_0084_5_sentence_6.wav,"[2, 4, 4, 1, 2, 2, 1, 5, 3]","[4, 5, 5, 5, 5, 4, 4, 6, 4]","['AKZ8SFOAI4RZN', 'A124E03UMDZAA9', 'A2B6WQG0A9CKXQ', 'A394S7JSNUA3TS', 'A3KCUB6P3IE8NL', 'ABI1EI8UQK6LK', 'A2F48NO7AD9VKK', 'A10BH9PYCYUKDJ', 'self_report_21']"
26_DR-100_0088_3_sentence_4.wav,"[1, 2, 1, 5, 3, 6, 4, 2, 6]","[4, 4, 5, 4, 4, 6, 5, 4, 7]","['A2F48NO7AD9VKK', 'A3KCUB6P3IE8NL', 'A3GLUDQZGEJL5G', 'A27SMEOPKV84VI', 'ARX0S1CIDJLOX', 'A2NBVTY6FLBEAF', 'ARVXIBUCA8WDZ', 'A340UGIDGIF4W6', 'self_report_26']"
24_DR-100_0086_9_sentence_2.wav,"[2, 6, 1, 7, 4, 3, 6, 7, 4]","[7, 7, 5, 8, 6, 6, 6, 7, 6]","['A3JZS32RQUWGJM', 'A1B4KC5KP7FH1Z', 'A2EOOF9D135HQ1', 'A2MUCL20GTQJA0', 'A1HXEXQTZCJ1DW', 'A2M5M653UAC0SM', 'A18TCR555RWUZV', 'A1ET2J1PIP0RGO', 'self_report_24']"
20_DR-100_0083_3_sentence_4.wav,"[5, 7, 8, 3, 4, 7, 4, 3, 4]","[3, 3, 4, 6, 4, 7, 3, 6, 4]","['A2T007HZK66WM', 'AHZPOM46IUJ2N', 'ARVXIBUCA8WDZ', 'A13NXSZ9D5NTHN', 'AEO84PDSWW0W', 'ACM87U430O96Z', 'A22QD6M0A2C77C', 'A1FHS282JP487T', 'self_report_20']"
25_DR-100_0087_9_sentence_8.wav,"[2, 4, 1, 3, 1, 3, 3, 3, 2]","[6, 4, 5, 7, 5, 5, 3, 6, 6]","['AEO84PDSWW0W', 'ARVXIBUCA8WDZ', 'A2T007HZK66WM', 'A2AG45K4ULNBHF', 'A2EOOF9D135HQ1', 'ABI1EI8UQK6LK', 'AA9V4NE8SOA4I', 'A124E03UMDZAA9', 'self_report_25']"
20_DR-100_0083_7_sentence_9.wav,"[3, 2, 6, 4, 7, 6, 3, 3, 4]","[6, 6, 4, 6, 7, 6, 5, 6, 5]","['A2CFE6AZS73RNS', 'A394S7JSNUA3TS', 'A2MUCL20GTQJA0', 'AEO84PDSWW0W', 'AA9V4NE8SOA4I', 'A1T79J0XQXDDGC', 'A27IABVBUZ9X8Z', 'ARX0S1CIDJLOX', 'self_report_20']"
22_DR-100_0085_3_sentence_1.wav,"[4, 4, 2, 3, 4, 1, 1, 3, 5]","[2, 5, 6, 2, 3, 4, 4, 3, 6]","['A1VW8Y7XCV3DRW', 'ARVXIBUCA8WDZ', 'A1FHS282JP487T', 'A18TCR555RWUZV', 'A2NBVTY6FLBEAF', 'ARX0S1CIDJLOX', 'A2F48NO7AD9VKK', 'A3W24IE6P9O302', 'self_report_22']"
26_DR-100_0088_9_sentence_1.wav,"[3, 3, 1, 1, 2, 3, 2, 3, 8]","[5, 6, 4, 7, 7, 4, 7, 6, 7]","['A13NXSZ9D5NTHN', 'A2CFE6AZS73RNS', 'A1T79J0XQXDDGC', 'A3K6DL4PN98CBN', 'A2M5M653UAC0SM', 'ARVXIBUCA8WDZ', 'A2AAY4VT9L71SY', 'A1HXEXQTZCJ1DW', 'self_report_26']"
22_DR-100_0085_5_sentence_4.wav,"[1, 2, 6, 3, 5, 3, 4, 2, 7]","[5, 5, 5, 4, 4, 6, 5, 4, 7]","['A2F48NO7AD9VKK', 'ACJ6NSCIWMUZI', 'ARVXIBUCA8WDZ', 'AEO84PDSWW0W', 'A3W24IE6P9O302', 'A22QD6M0A2C77C', 'A2VRDE2FHCBMF8', 'ABI1EI8UQK6LK', 'self_report_22']"
24_DR-100_0086_5_sentence_1.wav,"[2, 4, 3, 4, 5, 6, 4, 2, 7]","[3, 4, 3, 4, 3, 4, 6, 3, 5]","['A3KCUB6P3IE8NL', 'A1Y0Y6U906ABT5', 'A2B6WQG0A9CKXQ', 'AHZPOM46IUJ2N', 'A2AG45K4ULNBHF', 'A3W24IE6P9O302', 'A1HXEXQTZCJ1DW', 'A3JZS32RQUWGJM', 'self_report_24']"
20_DR-100_0083_3_sentence_5.wav,"[5, 2, 7, 4, 6, 2, 7, 5, 4]","[6, 5, 8, 6, 7, 6, 7, 6, 4]","['AKZ8SFOAI4RZN', 'A22QD6M0A2C77C', 'A3K6DL4PN98CBN', 'A1VE1CAMPSYRHE', 'A2871R3LEPWMMK', 'A1ZD9SJXQ9C6EW', 'AA9V4NE8SOA4I', 'A10BH9PYCYUKDJ', 'self_report_20']"
21_DR-100_0084_3_sentence_6.wav,"[2, 4, 4, 5, 8, 6, 4, 1, 1]","[6, 6, 8, 7, 8, 6, 6, 6, 8]","['A1T79J0XQXDDGC', 'A2VRDE2FHCBMF8', 'AKZ8SFOAI4RZN', 'AA9V4NE8SOA4I', 'A1VW8Y7XCV3DRW', 'A2MUCL20GTQJA0', 'AEO84PDSWW0W', 'A2EOOF9D135HQ1', 'self_report_21']"
19_DR-100_0082_5_sentence_3.wav,"[6, 3, 2, 4, 2, 2, 4, 3, 7]","[7, 7, 7, 7, 7, 7, 6, 6, 7]","['AA9V4NE8SOA4I', 'A2EOOF9D135HQ1', 'A3KCUB6P3IE8NL', 'A1B4KC5KP7FH1Z', 'A2T007HZK66WM', 'A1ZD9SJXQ9C6EW', 'ARVXIBUCA8WDZ', 'ACM87U430O96Z', 'self_report_19']"
20_DR-100_0083_3_sentence_6.wav,"[6, 5, 6, 3, 8, 6, 3, 3, 4]","[7, 5, 2, 3, 6, 5, 3, 5, 4]","['AA9V4NE8SOA4I', 'A124E03UMDZAA9', 'A2TBXASXZIRNNW', 'A2T007HZK66WM', 'A1VW8Y7XCV3DRW', 'ARVXIBUCA8WDZ', 'A1T79J0XQXDDGC', 'A13NXSZ9D5NTHN', 'self_report_20']"
24_DR-100_0086_7_sentence_8.wav,"[3, 5, 3, 1, 5, 2, 4, 5, 4]","[7, 8, 6, 9, 8, 6, 7, 8, 8]","['ACJ6NSCIWMUZI', 'AHZPOM46IUJ2N', 'A1FHS282JP487T', 'A273DS7TQWR9M1', 'A2JP9IKRHNLRPI', 'A2EOOF9D135HQ1', 'A27IABVBUZ9X8Z', 'A3W24IE6P9O302', 'self_report_24']"
22_DR-100_0085_1_sentence_11.wav,"[4, 2, 4, 7, 3, 2, 6, 3, 7]","[2, 4, 4, 8, 3, 3, 4, 4, 6]","['A22QD6M0A2C77C', 'A27IABVBUZ9X8Z', 'A2MUCL20GTQJA0', 'AA9V4NE8SOA4I', 'A2CFE6AZS73RNS', 'ARX0S1CIDJLOX', 'A1Y0Y6U906ABT5', 'A1T79J0XQXDDGC', 'self_report_22']"
25_DR-100_0087_7_sentence_7.wav,"[3, 3, 5, 5, 4, 2, 3, 2, 3]","[3, 6, 3, 4, 4, 3, 2, 3, 2]","['A2CFE6AZS73RNS', 'A2AG45K4ULNBHF', 'A22QD6M0A2C77C', 'ARVXIBUCA8WDZ', 'A2VRDE2FHCBMF8', 'A1VW8Y7XCV3DRW', 'A3K6DL4PN98CBN', 'A3GLUDQZGEJL5G', 'self_report_25']"
19_DR-100_0082_1_sentence_6.wav,"[2, 2, 1, 2, 3, 1, 1, 3, 6]","[5, 5, 5, 5, 6, 5, 6, 5, 6]","['A394S7JSNUA3TS', 'A3JZS32RQUWGJM', 'A3GLUDQZGEJL5G', 'A3KCUB6P3IE8NL', 'A2NBVTY6FLBEAF', 'A1ZD9SJXQ9C6EW', 'A13NXSZ9D5NTHN', 'A27SMEOPKV84VI', 'self_report_19']"
21_DR-100_0084_9_sentence_3.wav,"[1, 3, 2, 3, 5, 1, 2, 3, 1]","[5, 6, 6, 5, 7, 6, 3, 6, 7]","['A1T79J0XQXDDGC', 'A32U64W0S9PUA3', 'A394S7JSNUA3TS', 'A10BH9PYCYUKDJ', 'A1B4KC5KP7FH1Z', 'A2F48NO7AD9VKK', 'AA9V4NE8SOA4I', 'A1ZD9SJXQ9C6EW', 'self_report_21']"
20_DR-100_0083_5_sentence_5.wav,"[6, 4, 3, 3, 4, 4, 5, 4, 4]","[2, 5, 1, 4, 7, 5, 3, 5, 6]","['A2TBXASXZIRNNW', 'A1ET2J1PIP0RGO', 'A10BH9PYCYUKDJ', 'AHZPOM46IUJ2N', 'A2AG45K4ULNBHF', 'AKZ8SFOAI4RZN', 'AA9V4NE8SOA4I', 'A1T79J0XQXDDGC', 'self_report_20']"
25_DR-100_0087_5_sentence_8.wav,"[4, 2, 3, 4, 2, 3, 3, 2, 2]","[4, 4, 6, 6, 6, 5, 4, 5, 4]","['A2871R3LEPWMMK', 'A394S7JSNUA3TS', 'A1FHS282JP487T', 'A1VW8Y7XCV3DRW', 'A3GLUDQZGEJL5G', 'A2EOOF9D135HQ1', 'AEO84PDSWW0W', 'ABI1EI8UQK6LK', 'self_report_25']"
24_DR-100_0086_3_sentence_4.wav,"[5, 1, 6, 3, 5, 4, 4, 4, 6]","[6, 6, 7, 4, 5, 6, 6, 6, 6]","['A124E03UMDZAA9', 'A394S7JSNUA3TS', 'A3K6DL4PN98CBN', 'A27IABVBUZ9X8Z', 'A2B6WQG0A9CKXQ', 'A2NBVTY6FLBEAF', 'A1Y0Y6U906ABT5', 'AU6C9UNNFJALY', 'self_report_24']"
28_DR-100_0087_7_sentence_5.wav,"[2, 1, 2, 3, 3, 1, 2, 6, 3]","[5, 6, 5, 5, 5, 5, 4, 5, 5]","['A3KCUB6P3IE8NL', 'A13NXSZ9D5NTHN', 'A32U64W0S9PUA3', 'A2AG45K4ULNBHF', 'A2CFE6AZS73RNS', 'A1T79J0XQXDDGC', 'AA9V4NE8SOA4I', 'A27SMEOPKV84VI', 'self_report_28']"
22_DR-100_0085_1_sentence_7.wav,"[7, 1, 4, 2, 5, 2, 3, 4, 7]","[7, 5, 6, 6, 7, 5, 4, 7, 6]","['AA9V4NE8SOA4I', 'A13NXSZ9D5NTHN', 'A2VRDE2FHCBMF8', 'A1FHS282JP487T', 'A2JP9IKRHNLRPI', 'A3GLUDQZGEJL5G', 'A3U7EIF0P9GQKI', 'A2B6WQG0A9CKXQ', 'self_report_22']"
20_DR-100_0083_9_sentence_3.wav,"[2, 1, 4, 3, 3, 4, 3, 2, 5]","[6, 6, 5, 5, 4, 5, 6, 6, 6]","['A2EOOF9D135HQ1', 'A1ZD9SJXQ9C6EW', 'ACJ6NSCIWMUZI', 'A2B6WQG0A9CKXQ', 'A3KCUB6P3IE8NL', 'A2VRDE2FHCBMF8', 'AEO84PDSWW0W', 'A340UGIDGIF4W6', 'self_report_20']"
21_DR-100_0084_1_sentence_11.wav,"[6, 1, 1, 4, 3, 6, 3, 3, 2]","[6, 5, 5, 7, 6, 6, 7, 7, 7]","['A3K6DL4PN98CBN', 'A1ZD9SJXQ9C6EW', 'A273DS7TQWR9M1', 'A2AG45K4ULNBHF', 'AEO84PDSWW0W', 'A2871R3LEPWMMK', 'A1HXEXQTZCJ1DW', 'A340UGIDGIF4W6', 'self_report_21']"
23_DR-100_0083_1_sentence_5.wav,"[6, 3, 5, 1, 5, 6, 5, 3, 6]","[5, 5, 5, 5, 4, 5, 7, 5, 5]","['ARVXIBUCA8WDZ', 'A2B6WQG0A9CKXQ', 'A2AG45K4ULNBHF', 'A273DS7TQWR9M1', 'A1VW8Y7XCV3DRW', 'A2TBXASXZIRNNW', 'AA9V4NE8SOA4I', 'A3W24IE6P9O302', 'self_report_23']"
22_DR-100_0085_7_sentence_5.wav,"[4, 1, 6, 4, 3, 5, 3, 4, 5]","[5, 5, 6, 6, 5, 6, 5, 4, 5]","['A2VRDE2FHCBMF8', 'A2EOOF9D135HQ1', 'A2NBVTY6FLBEAF', 'A10BH9PYCYUKDJ', 'AKZ8SFOAI4RZN', 'A2JP9IKRHNLRPI', 'A1HXEXQTZCJ1DW', 'A1Y0Y6U906ABT5', 'self_report_22']"
21_DR-100_0084_7_sentence_7.wav,"[3, 2, 5, 3, 5, 6, 5, 5, 2]","[4, 5, 3, 5, 4, 5, 4, 7, 5]","['A22QD6M0A2C77C', 'A1VE1CAMPSYRHE', 'A2JP9IKRHNLRPI', 'A1T79J0XQXDDGC', 'A2871R3LEPWMMK', 'A124E03UMDZAA9', 'A2CFE6AZS73RNS', 'A1ET2J1PIP0RGO', 'self_report_21']"
20_DR-100_0083_1_sentence_6.wav,"[3, 1, 2, 5, 6, 2, 5, 5, 4]","[8, 5, 7, 6, 6, 6, 5, 7, 5]","['A2AG45K4ULNBHF', 'A2EOOF9D135HQ1', 'ARX0S1CIDJLOX', 'A2871R3LEPWMMK', 'A124E03UMDZAA9', 'A394S7JSNUA3TS', 'A27SMEOPKV84VI', 'A1B4KC5KP7FH1Z', 'self_report_20']"
19_DR-100_0082_1_sentence_1.wav,"[2, 6, 5, 2, 3, 1, 4, 4, 6]","[6, 4, 5, 7, 6, 6, 6, 7, 6]","['A3KCUB6P3IE8NL', 'A2TBXASXZIRNNW', 'A27SMEOPKV84VI', 'A2B6WQG0A9CKXQ', 'AHZPOM46IUJ2N', 'A27IABVBUZ9X8Z', 'A1HXEXQTZCJ1DW', 'A2AG45K4ULNBHF', 'self_report_19']"
19_DR-100_0082_7_sentence_6.wav,"[5, 1, 4, 1, 2, 4, 3, 4, 6]","[6, 7, 6, 5, 5, 5, 5, 6, 4]","['A1VW8Y7XCV3DRW', 'A273DS7TQWR9M1', 'A1ET2J1PIP0RGO', 'A3KCUB6P3IE8NL', 'A3K6DL4PN98CBN', 'A124E03UMDZAA9', 'A2VRDE2FHCBMF8', 'AA9V4NE8SOA4I', 'self_report_19']"
22_DR-100_0085_5_sentence_3.wav,"[1, 2, 4, 1, 1, 3, 1, 5, 7]","[4, 5, 6, 5, 6, 5, 6, 6, 7]","['A3K6DL4PN98CBN', 'ABI1EI8UQK6LK', 'AHZPOM46IUJ2N', 'A340UGIDGIF4W6', 'A1T79J0XQXDDGC', 'A2VRDE2FHCBMF8', 'A1ZD9SJXQ9C6EW', 'A2AG45K4ULNBHF', 'self_report_22']"
27_DR-100_0084_9_sentence_11.wav,"[5, 5, 3, 6, 7, 5, 2, 3, 3]","[5, 6, 7, 9, 8, 7, 8, 5, 8]","['A2VRDE2FHCBMF8', 'A124E03UMDZAA9', 'A3KCUB6P3IE8NL', 'A3K6DL4PN98CBN', 'A2MUCL20GTQJA0', 'A3NSJ6GJC7TZSG', 'A340UGIDGIF4W6', 'ABI1EI8UQK6LK', 'self_report_27']"
19_DR-100_0082_7_sentence_5.wav,"[1, 2, 3, 5, 3, 2, 3, 4, 6]","[5, 5, 5, 4, 5, 5, 5, 4, 4]","['A27IABVBUZ9X8Z', 'A2T007HZK66WM', 'A10BH9PYCYUKDJ', 'A1VW8Y7XCV3DRW', 'A1DD23J1WBGQUU', 'A3JZS32RQUWGJM', 'ACJ6NSCIWMUZI', 'AU6C9UNNFJALY', 'self_report_19']"
21_DR-100_0084_9_sentence_12.wav,"[4, 1, 1, 6, 2, 4, 3, 3, 1]","[6, 6, 6, 5, 7, 5, 6, 6, 7]","['A1ET2J1PIP0RGO', 'A273DS7TQWR9M1', 'A2T007HZK66WM', 'A27SMEOPKV84VI', 'A18O3DEA5Z4MJD', 'ARVXIBUCA8WDZ', 'A1HXEXQTZCJ1DW', 'A2MUCL20GTQJA0', 'self_report_21']"
25_DR-100_0087_1_sentence_7.wav,"[1, 2, 2, 2, 1, 3, 4, 1, 6]","[6, 7, 2, 6, 6, 7, 6, 6, 8]","['A3KCUB6P3IE8NL', 'A1T79J0XQXDDGC', 'A2871R3LEPWMMK', 'A1FHS282JP487T', 'A3GLUDQZGEJL5G', 'A2AAY4VT9L71SY', 'A2MUCL20GTQJA0', 'A2T007HZK66WM', 'self_report_25']"
22_DR-100_0085_9_sentence_6.wav,"[3, 3, 3, 4, 5, 4, 7, 1, 6]","[4, 7, 5, 6, 6, 3, 2, 4, 6]","['AEO84PDSWW0W', 'A22QD6M0A2C77C', 'A2CFE6AZS73RNS', 'A3W24IE6P9O302', 'A124E03UMDZAA9', 'AA9V4NE8SOA4I', 'A2TBXASXZIRNNW', 'A340UGIDGIF4W6', 'self_report_22']"
24_DR-100_0086_5_sentence_6.wav,"[3, 6, 4, 3, 6, 5, 4, 2, 7]","[5, 7, 4, 6, 6, 4, 3, 4, 5]","['A3K6DL4PN98CBN', 'ARVXIBUCA8WDZ', 'A1Y0Y6U906ABT5', 'ACJ6NSCIWMUZI', 'A27SMEOPKV84VI', 'A2NBVTY6FLBEAF', 'A2AG45K4ULNBHF', 'A340UGIDGIF4W6', 'self_report_24']"
24_DR-100_0086_7_sentence_11.wav,"[3, 7, 2, 4, 5, 3, 6, 4, 4]","[6, 3, 7, 9, 7, 7, 8, 7, 8]","['A2VRDE2FHCBMF8', 'A2TBXASXZIRNNW', 'A394S7JSNUA3TS', 'A2871R3LEPWMMK', 'AEO84PDSWW0W', 'A27IABVBUZ9X8Z', 'A3W24IE6P9O302', 'A2CFE6AZS73RNS', 'self_report_24']"
20_DR-100_0083_7_sentence_1.wav,"[3, 1, 4, 1, 2, 1, 3, 2, 4]","[5, 5, 5, 5, 6, 4, 6, 6, 5]","['A1HXEXQTZCJ1DW', 'A394S7JSNUA3TS', 'ARVXIBUCA8WDZ', 'A3GLUDQZGEJL5G', 'A1ZD9SJXQ9C6EW', 'A340UGIDGIF4W6', 'A1VW8Y7XCV3DRW', 'A2F48NO7AD9VKK', 'self_report_20']"
24_DR-100_0086_1_sentence_6.wav,"[3, 3, 5, 5, 2, 6, 7, 6, 4]","[6, 5, 6, 6, 6, 7, 5, 8, 6]","['A22QD6M0A2C77C', 'A2B6WQG0A9CKXQ', 'A2JP9IKRHNLRPI', 'A124E03UMDZAA9', 'A1ZD9SJXQ9C6EW', 'A1ET2J1PIP0RGO', 'A27SMEOPKV84VI', 'A3W24IE6P9O302', 'self_report_24']"
26_DR-100_0088_1_sentence_1.wav,"[7, 2, 5, 2, 5, 3, 6, 3, 1]","[8, 6, 6, 7, 3, 4, 7, 6, 5]","['AA9V4NE8SOA4I', 'A3GLUDQZGEJL5G', 'A27SMEOPKV84VI', 'A1FHS282JP487T', 'A3NSJ6GJC7TZSG', 'AEO84PDSWW0W', 'A1ET2J1PIP0RGO', 'A1DD23J1WBGQUU', 'self_report_26']"
24_DR-100_0086_7_sentence_3.wav,"[3, 2, 6, 3, 1, 3, 4, 3, 4]","[6, 9, 7, 9, 7, 7, 8, 6, 8]","['AEO84PDSWW0W', 'A273DS7TQWR9M1', 'AA9V4NE8SOA4I', 'A2B6WQG0A9CKXQ', 'A394S7JSNUA3TS', 'A2T007HZK66WM', 'A1DD23J1WBGQUU', 'A13NXSZ9D5NTHN', 'self_report_24']"
26_DR-100_0088_9_sentence_2.wav,"[3, 5, 3, 1, 4, 4, 8, 5, 8]","[5, 6, 6, 5, 7, 6, 8, 7, 7]","['A2T007HZK66WM', 'A1ET2J1PIP0RGO', 'A2EOOF9D135HQ1', 'A2F48NO7AD9VKK', 'ARX0S1CIDJLOX', 'AHZPOM46IUJ2N', 'A2MUCL20GTQJA0', 'A3W24IE6P9O302', 'self_report_26']"
21_DR-100_0084_5_sentence_7.wav,"[4, 2, 1, 4, 3, 3, 5, 3, 3]","[5, 7, 7, 6, 7, 6, 4, 4, 4]","['A2VRDE2FHCBMF8', 'A1T79J0XQXDDGC', 'A273DS7TQWR9M1', 'A1DD23J1WBGQUU', 'A2B6WQG0A9CKXQ', 'A1HXEXQTZCJ1DW', 'A124E03UMDZAA9', 'A22QD6M0A2C77C', 'self_report_21']"
24_DR-100_0086_9_sentence_10.wav,"[4, 8, 4, 4, 4, 2, 6, 2, 4]","[3, 6, 5, 5, 6, 7, 6, 4, 6]","['A2B6WQG0A9CKXQ', 'A2TBXASXZIRNNW', 'A2VRDE2FHCBMF8', 'A2CFE6AZS73RNS', 'A27IABVBUZ9X8Z', 'A3GLUDQZGEJL5G', 'ARVXIBUCA8WDZ', 'A22QD6M0A2C77C', 'self_report_24']"
28_DR-100_0087_1_sentence_11.wav,"[2, 2, 3, 3, 2, 1, 1, 3, 7]","[6, 6, 7, 4, 6, 4, 3, 7, 5]","['AEO84PDSWW0W', 'A1FHS282JP487T', 'A2JP9IKRHNLRPI', 'AA9V4NE8SOA4I', 'A3W24IE6P9O302', 'A1T79J0XQXDDGC', 'A340UGIDGIF4W6', 'A1HXEXQTZCJ1DW', 'self_report_28']"
28_DR-100_0087_5_sentence_9.wav,"[6, 5, 4, 1, 4, 6, 1, 3, 3]","[3, 5, 4, 5, 4, 4, 6, 4, 6]","['A2TBXASXZIRNNW', 'A27SMEOPKV84VI', 'A124E03UMDZAA9', 'AUSRHMZM3R6CW', 'A2JP9IKRHNLRPI', 'A3W24IE6P9O302', 'ARX0S1CIDJLOX', 'A1Y0Y6U906ABT5', 'self_report_28']"
19_DR-100_0082_5_sentence_2.wav,"[3, 3, 2, 5, 2, 6, 5, 6, 7]","[5, 7, 4, 5, 5, 7, 5, 5, 7]","['A3KCUB6P3IE8NL', 'A2AG45K4ULNBHF', 'A2F48NO7AD9VKK', 'A2JP9IKRHNLRPI', 'A2T007HZK66WM', 'AA9V4NE8SOA4I', 'A1ET2J1PIP0RGO', 'A124E03UMDZAA9', 'self_report_19']"
27_DR-100_0084_1_sentence_10.wav,"[7, 4, 6, 3, 6, 3, 6, 4, 4]","[7, 7, 6, 6, 7, 7, 8, 5, 6]","['A2TBXASXZIRNNW', 'A1DD23J1WBGQUU', 'A2AG45K4ULNBHF', 'A1FHS282JP487T', 'A2CFE6AZS73RNS', 'A3GLUDQZGEJL5G', 'AA9V4NE8SOA4I', 'A3JZS32RQUWGJM', 'self_report_27']"
28_DR-100_0087_5_sentence_2.wav,"[2, 2, 4, 3, 1, 1, 1, 4, 3]","[9, 8, 6, 5, 6, 7, 7, 8, 6]","['A2B6WQG0A9CKXQ', 'A3K6DL4PN98CBN', 'AA9V4NE8SOA4I', 'A10BH9PYCYUKDJ', 'A13NXSZ9D5NTHN', 'A1T79J0XQXDDGC', 'A2T007HZK66WM', 'A18TCR555RWUZV', 'self_report_28']"
28_DR-100_0087_1_sentence_6.wav,"[3, 6, 2, 4, 4, 2, 3, 2, 7]","[5, 5, 5, 6, 6, 4, 1, 3, 5]","['A2VRDE2FHCBMF8', 'A1ET2J1PIP0RGO', 'A2EOOF9D135HQ1', 'A2871R3LEPWMMK', 'AA9V4NE8SOA4I', 'A3KCUB6P3IE8NL', 'A2B6WQG0A9CKXQ', 'A10BH9PYCYUKDJ', 'self_report_28']"
21_DR-100_0084_7_sentence_8.wav,"[3, 3, 1, 1, 2, 6, 5, 4, 2]","[6, 4, 4, 5, 4, 5, 6, 6, 5]","['A3APMO8WXVH1V0', 'A2MUCL20GTQJA0', 'A2T007HZK66WM', 'ACJ6NSCIWMUZI', 'A27IABVBUZ9X8Z', 'A124E03UMDZAA9', 'A1B4KC5KP7FH1Z', 'A2AG45K4ULNBHF', 'self_report_21']"
23_DR-100_0083_3_sentence_4.wav,"[5, 6, 5, 3, 3, 1, 2, 1, 5]","[6, 6, 7, 7, 4, 5, 6, 5, 5]","['A3JZS32RQUWGJM', 'ARVXIBUCA8WDZ', 'AA9V4NE8SOA4I', 'AHZPOM46IUJ2N', 'AEO84PDSWW0W', 'A13NXSZ9D5NTHN', 'A1ZD9SJXQ9C6EW', 'A2F48NO7AD9VKK', 'self_report_23']"
28_DR-100_0087_3_sentence_7.wav,"[2, 2, 5, 2, 1, 2, 2, 1, 3]","[5, 4, 5, 5, 5, 5, 5, 5, 8]","['A27IABVBUZ9X8Z', 'A2TBXASXZIRNNW', 'A124E03UMDZAA9', 'A2VRDE2FHCBMF8', 'A3KCUB6P3IE8NL', 'ARVXIBUCA8WDZ', 'A1HXEXQTZCJ1DW', 'A2T007HZK66WM', 'self_report_28']"
22_DR-100_0085_7_sentence_11.wav,"[2, 5, 3, 3, 2, 5, 1, 4, 5]","[5, 7, 3, 5, 4, 4, 6, 6, 5]","['A2T007HZK66WM', 'A2MUCL20GTQJA0', 'A27IABVBUZ9X8Z', 'A2VRDE2FHCBMF8', 'A394S7JSNUA3TS', 'A2AG45K4ULNBHF', 'A13NXSZ9D5NTHN', 'AU6C9UNNFJALY', 'self_report_22']"
23_DR-100_0083_1_sentence_2.wav,"[1, 4, 7, 6, 4, 4, 2, 1, 6]","[5, 5, 6, 6, 5, 5, 6, 5, 5]","['A2EOOF9D135HQ1', 'A2JP9IKRHNLRPI', 'A2NBVTY6FLBEAF', 'A3K6DL4PN98CBN', 'A3W24IE6P9O302', 'A2AG45K4ULNBHF', 'A1FHS282JP487T', 'A3GLUDQZGEJL5G', 'self_report_23']"
22_DR-100_0085_5_sentence_10.wav,"[1, 2, 1, 4, 3, 1, 1, 3, 7]","[4, 4, 4, 5, 5, 5, 5, 5, 7]","['A1ZD9SJXQ9C6EW', 'A3KCUB6P3IE8NL', 'A394S7JSNUA3TS', 'A3JZS32RQUWGJM', 'A2CFE6AZS73RNS', 'ACJ6NSCIWMUZI', 'A1T79J0XQXDDGC', 'AHZPOM46IUJ2N', 'self_report_22']"
28_DR-100_0087_3_sentence_6.wav,"[2, 3, 4, 2, 1, 4, 3, 3, 3]","[7, 7, 6, 8, 5, 7, 4, 7, 8]","['A1HXEXQTZCJ1DW', 'A394S7JSNUA3TS', 'A124E03UMDZAA9', 'A2AG45K4ULNBHF', 'A3GLUDQZGEJL5G', 'A1ET2J1PIP0RGO', 'ARVXIBUCA8WDZ', 'A2NJ7N8INZOB00', 'self_report_28']"
24_DR-100_0086_3_sentence_13.wav,"[1, 3, 5, 4, 6, 2, 3, 4, 6]","[5, 6, 7, 6, 5, 6, 5, 6, 6]","['A394S7JSNUA3TS', 'A32U64W0S9PUA3', 'AA9V4NE8SOA4I', 'A3K6DL4PN98CBN', 'A1ET2J1PIP0RGO', 'A1ZD9SJXQ9C6EW', 'A2B6WQG0A9CKXQ', 'A1DD23J1WBGQUU', 'self_report_24']"
22_DR-100_0085_9_sentence_13.wav,"[1, 4, 2, 7, 1, 5, 4, 3, 6]","[3, 5, 4, 3, 4, 4, 3, 5, 6]","['ACJ6NSCIWMUZI', 'A2VRDE2FHCBMF8', 'A3KCUB6P3IE8NL', 'A2TBXASXZIRNNW', 'A3GLUDQZGEJL5G', 'A1ET2J1PIP0RGO', 'A2JP9IKRHNLRPI', 'A124E03UMDZAA9', 'self_report_22']"
28_DR-100_0087_3_sentence_3.wav,"[1, 1, 3, 2, 4, 4, 3, 2, 3]","[8, 5, 6, 6, 7, 9, 7, 6, 8]","['A273DS7TQWR9M1', 'A13NXSZ9D5NTHN', 'AHZPOM46IUJ2N', 'A1FHS282JP487T', 'AA9V4NE8SOA4I', 'A3W24IE6P9O302', 'A2AG45K4ULNBHF', 'A2EOOF9D135HQ1', 'self_report_28']"
22_DR-100_0085_7_sentence_8.wav,"[3, 4, 6, 4, 2, 4, 7, 3, 5]","[5, 5, 4, 5, 5, 5, 6, 6, 5]","['A2VRDE2FHCBMF8', 'AKZ8SFOAI4RZN', 'A27SMEOPKV84VI', 'A18O3DEA5Z4MJD', 'A3U7EIF0P9GQKI', 'AEO84PDSWW0W', 'A1VW8Y7XCV3DRW', 'A22QD6M0A2C77C', 'self_report_22']"
21_DR-100_0084_9_sentence_1.wav,"[3, 6, 5, 5, 3, 1, 4, 5, 1]","[6, 5, 5, 5, 6, 7, 4, 6, 7]","['ACJ6NSCIWMUZI', 'A124E03UMDZAA9', 'ARVXIBUCA8WDZ', 'A27SMEOPKV84VI', 'AHZPOM46IUJ2N', 'A273DS7TQWR9M1', 'A10BH9PYCYUKDJ', 'A2AG45K4ULNBHF', 'self_report_21']"
25_DR-100_0087_5_sentence_10.wav,"[6, 3, 5, 3, 1, 1, 2, 3, 2]","[2, 6, 5, 4, 5, 6, 5, 5, 4]","['A2TBXASXZIRNNW', 'A1VW8Y7XCV3DRW', 'A124E03UMDZAA9', 'A1Y0Y6U906ABT5', 'A340UGIDGIF4W6', 'A273DS7TQWR9M1', 'A1DD23J1WBGQUU', 'AU6C9UNNFJALY', 'self_report_25']"
25_DR-100_0087_1_sentence_5.wav,"[6, 4, 2, 7, 2, 4, 1, 1, 6]","[4, 7, 6, 5, 6, 6, 5, 5, 8]","['A2TBXASXZIRNNW', 'A2JP9IKRHNLRPI', 'A394S7JSNUA3TS', 'A27SMEOPKV84VI', 'A1ZD9SJXQ9C6EW', 'A1B4KC5KP7FH1Z', 'A13NXSZ9D5NTHN', 'ACM87U430O96Z', 'self_report_25']"
21_DR-100_0084_3_sentence_5.wav,"[7, 2, 2, 3, 3, 6, 5, 1, 1]","[3, 5, 5, 5, 5, 6, 4, 5, 8]","['A2TBXASXZIRNNW', 'A3KCUB6P3IE8NL', 'A340UGIDGIF4W6', 'A2VRDE2FHCBMF8', 'AKZ8SFOAI4RZN', 'A2MUCL20GTQJA0', 'A2JP9IKRHNLRPI', 'A13NXSZ9D5NTHN', 'self_report_21']"
24_DR-100_0086_1_sentence_4.wav,"[6, 3, 4, 8, 4, 7, 3, 5, 4]","[6, 7, 7, 7, 7, 7, 7, 7, 6]","['ACJ6NSCIWMUZI', 'A394S7JSNUA3TS', 'A22QD6M0A2C77C', 'A3K6DL4PN98CBN', 'AHZPOM46IUJ2N', 'AA9V4NE8SOA4I', 'ACM87U430O96Z', 'A1Y0Y6U906ABT5', 'self_report_24']"
28_DR-100_0087_7_sentence_4.wav,"[1, 5, 5, 5, 1, 3, 3, 3, 3]","[5, 5, 5, 5, 5, 5, 4, 7, 5]","['A1ZD9SJXQ9C6EW', 'A27SMEOPKV84VI', 'A18TCR555RWUZV', 'A124E03UMDZAA9', 'A340UGIDGIF4W6', 'A3W24IE6P9O302', 'AA9V4NE8SOA4I', 'A2MUCL20GTQJA0', 'self_report_28']"
22_DR-100_0085_7_sentence_10.wav,"[5, 3, 3, 1, 5, 6, 4, 5, 5]","[4, 6, 4, 5, 7, 4, 3, 3, 5]","['A124E03UMDZAA9', 'A1DD23J1WBGQUU', 'AEO84PDSWW0W', 'A2F48NO7AD9VKK', 'A1T79J0XQXDDGC', 'A22QD6M0A2C77C', 'A2B6WQG0A9CKXQ', 'A1B4KC5KP7FH1Z', 'self_report_22']"
26_DR-100_0088_1_sentence_8.wav,"[1, 1, 1, 1, 1, 1, 3, 2, 1]","[5, 5, 5, 5, 5, 5, 5, 5, 5]","['A2T007HZK66WM', 'A2VRDE2FHCBMF8', 'A3GLUDQZGEJL5G', 'A3W24IE6P9O302', 'A2JP9IKRHNLRPI', 'A1Y0Y6U906ABT5', 'AA9V4NE8SOA4I', 'A18TCR555RWUZV', 'self_report_26']"
25_DR-100_0087_5_sentence_1.wav,"[4, 4, 1, 3, 5, 2, 4, 1, 2]","[3, 6, 5, 5, 4, 7, 7, 5, 4]","['AA9V4NE8SOA4I', 'A27SMEOPKV84VI', 'A3GLUDQZGEJL5G', 'A2VRDE2FHCBMF8', 'A2TBXASXZIRNNW', 'A2NJ7N8INZOB00', 'A2AG45K4ULNBHF', 'ACM87U430O96Z', 'self_report_25']"
28_DR-100_0087_7_sentence_6.wav,"[2, 2, 3, 2, 2, 5, 4, 3, 3]","[5, 4, 5, 5, 3, 2, 2, 3, 5]","['A2EOOF9D135HQ1', 'A27IABVBUZ9X8Z', 'AA9V4NE8SOA4I', 'ACJ6NSCIWMUZI', 'A1T79J0XQXDDGC', 'A124E03UMDZAA9', 'A2TBXASXZIRNNW', 'A1Y0Y6U906ABT5', 'self_report_28']"
22_DR-100_0085_3_sentence_9.wav,"[2, 2, 2, 5, 6, 4, 5, 1, 5]","[5, 5, 6, 7, 5, 6, 5, 5, 6]","['A3KCUB6P3IE8NL', 'ACJ6NSCIWMUZI', 'A1FHS282JP487T', 'AA9V4NE8SOA4I', 'A3K6DL4PN98CBN', 'AHZPOM46IUJ2N', 'A1B4KC5KP7FH1Z', 'A273DS7TQWR9M1', 'self_report_22']"
25_DR-100_0087_9_sentence_5.wav,"[3, 1, 2, 3, 2, 4, 2, 3, 2]","[6, 3, 2, 4, 6, 4, 4, 3, 6]","['A22QD6M0A2C77C', 'ACJ6NSCIWMUZI', 'A2B6WQG0A9CKXQ', 'A1HXEXQTZCJ1DW', 'A1FHS282JP487T', 'AHZPOM46IUJ2N', 'AEO84PDSWW0W', 'AA9V4NE8SOA4I', 'self_report_25']"
28_DR-100_0087_9_sentence_10.wav,"[2, 2, 1, 2, 1, 3, 1, 1, 3]","[5, 6, 5, 3, 7, 7, 5, 6, 4]","['A124E03UMDZAA9', 'A2CFE6AZS73RNS', 'A3K6DL4PN98CBN', 'A13NXSZ9D5NTHN', 'A273DS7TQWR9M1', 'A22QD6M0A2C77C', 'A1T79J0XQXDDGC', 'A1ZD9SJXQ9C6EW', 'self_report_28']"
22_DR-100_0085_5_sentence_7.wav,"[4, 1, 2, 2, 3, 3, 4, 3, 7]","[6, 8, 5, 5, 5, 5, 5, 6, 7]","['A2871R3LEPWMMK', 'A273DS7TQWR9M1', 'ACJ6NSCIWMUZI', 'A13NXSZ9D5NTHN', 'A3KCUB6P3IE8NL', 'A2CFE6AZS73RNS', 'A124E03UMDZAA9', 'A1HXEXQTZCJ1DW', 'self_report_22']"
27_DR-100_0084_9_sentence_2.wav,"[7, 9, 5, 6, 4, 7, 6, 3, 3]","[7, 7, 8, 6, 8, 7, 8, 8, 8]","['A124E03UMDZAA9', 'AUSRHMZM3R6CW', 'ARX0S1CIDJLOX', 'A1B4KC5KP7FH1Z', 'A27IABVBUZ9X8Z', 'A2VRDE2FHCBMF8', 'ACJ6NSCIWMUZI', 'ACM87U430O96Z', 'self_report_27']"
20_DR-100_0083_9_sentence_8.wav,"[6, 4, 5, 7, 3, 5, 7, 6, 5]","[7, 4, 4, 5, 5, 6, 2, 4, 6]","['AA9V4NE8SOA4I', 'A27SMEOPKV84VI', 'A2CFE6AZS73RNS', 'ARVXIBUCA8WDZ', 'A1OZPLHNIU1519', 'A1HXEXQTZCJ1DW', 'A2TBXASXZIRNNW', 'A2MUCL20GTQJA0', 'self_report_20']"
27_DR-100_0084_1_sentence_11.wav,"[4, 7, 8, 8, 5, 3, 6, 6, 4]","[7, 7, 5, 8, 6, 7, 7, 7, 6]","['AHZPOM46IUJ2N', 'AA9V4NE8SOA4I', 'A27SMEOPKV84VI', 'A2TBXASXZIRNNW', 'A2JP9IKRHNLRPI', 'A1FHS282JP487T', 'A2B6WQG0A9CKXQ', 'A3W24IE6P9O302', 'self_report_27']"
24_DR-100_0086_5_sentence_2.wav,"[2, 3, 4, 7, 3, 1, 3, 3, 7]","[5, 4, 4, 6, 6, 4, 5, 6, 5]","['ARX0S1CIDJLOX', 'AEO84PDSWW0W', 'A2JP9IKRHNLRPI', 'A27SMEOPKV84VI', 'AHZPOM46IUJ2N', 'A2F48NO7AD9VKK', 'A1VW8Y7XCV3DRW', 'A1T79J0XQXDDGC', 'self_report_24']"
21_DR-100_0084_3_sentence_7.wav,"[4, 3, 5, 2, 5, 7, 3, 3, 1]","[4, 6, 6, 6, 8, 3, 8, 3, 8]","['AA9V4NE8SOA4I', 'A2VRDE2FHCBMF8', 'A124E03UMDZAA9', 'A1ZD9SJXQ9C6EW', 'A1B4KC5KP7FH1Z', 'A2TBXASXZIRNNW', 'A2T007HZK66WM', 'A10BH9PYCYUKDJ', 'self_report_21']"
22_DR-100_0085_1_sentence_2.wav,"[1, 3, 2, 1, 5, 3, 5, 2, 7]","[4, 3, 4, 5, 5, 5, 6, 4, 6]","['A27IABVBUZ9X8Z', 'A2T007HZK66WM', 'A394S7JSNUA3TS', 'A13NXSZ9D5NTHN', 'A27SMEOPKV84VI', 'A124E03UMDZAA9', 'AHZPOM46IUJ2N', 'A340UGIDGIF4W6', 'self_report_22']"
21_DR-100_0084_1_sentence_1.wav,"[3, 2, 4, 2, 5, 3, 3, 6, 2]","[5, 6, 5, 5, 5, 6, 5, 7, 7]","['AEO84PDSWW0W', 'A2CFE6AZS73RNS', 'A1HXEXQTZCJ1DW', 'A3GLUDQZGEJL5G', 'A2JP9IKRHNLRPI', 'A2NBVTY6FLBEAF', 'A394S7JSNUA3TS', 'A2MUCL20GTQJA0', 'self_report_21']"
22_DR-100_0085_1_sentence_12.wav,"[2, 7, 5, 3, 2, 5, 6, 6, 7]","[3, 4, 4, 3, 4, 4, 4, 3, 6]","['A394S7JSNUA3TS', 'A27SMEOPKV84VI', 'A2MUCL20GTQJA0', 'ARX0S1CIDJLOX', 'ABI1EI8UQK6LK', 'A1Y0Y6U906ABT5', 'A1ET2J1PIP0RGO', 'A1B4KC5KP7FH1Z', 'self_report_22']"
20_DR-100_0083_5_sentence_7.wav,"[2, 6, 3, 4, 7, 4, 2, 1, 4]","[5, 4, 7, 7, 1, 6, 5, 5, 6]","['A3KCUB6P3IE8NL', 'A2871R3LEPWMMK', 'A1HXEXQTZCJ1DW', 'A1B4KC5KP7FH1Z', 'A2TBXASXZIRNNW', 'A10BH9PYCYUKDJ', 'ARX0S1CIDJLOX', 'A27IABVBUZ9X8Z', 'self_report_20']"
25_DR-100_0087_5_sentence_9.wav,"[2, 2, 2, 2, 4, 2, 2, 1, 2]","[6, 8, 5, 6, 3, 6, 6, 4, 4]","['A3KCUB6P3IE8NL', 'A2B6WQG0A9CKXQ', 'A2EOOF9D135HQ1', 'AEO84PDSWW0W', 'A2M5M653UAC0SM', 'A3GLUDQZGEJL5G', 'ACM87U430O96Z', 'A13NXSZ9D5NTHN', 'self_report_25']"
28_DR-100_0087_5_sentence_7.wav,"[3, 1, 1, 4, 4, 4, 3, 1, 3]","[2, 3, 1, 4, 5, 3, 4, 2, 6]","['A273DS7TQWR9M1', 'A1T79J0XQXDDGC', 'A2B6WQG0A9CKXQ', 'A1B4KC5KP7FH1Z', 'A124E03UMDZAA9', 'A1Y0Y6U906ABT5', 'ARVXIBUCA8WDZ', 'A3NSJ6GJC7TZSG', 'self_report_28']"
26_DR-100_0088_9_sentence_5.wav,"[3, 2, 2, 3, 4, 4, 3, 1, 8]","[7, 6, 7, 6, 3, 4, 3, 5, 7]","['A394S7JSNUA3TS', 'A1T79J0XQXDDGC', 'A2EOOF9D135HQ1', 'AEO84PDSWW0W', 'AKZ8SFOAI4RZN', 'A10BH9PYCYUKDJ', 'A2AG45K4ULNBHF', 'A2F48NO7AD9VKK', 'self_report_26']"
25_DR-100_0087_1_sentence_1.wav,"[5, 1, 3, 5, 2, 1, 6, 5, 6]","[7, 7, 4, 5, 6, 5, 8, 7, 8]","['A3W24IE6P9O302', 'A273DS7TQWR9M1', 'A22QD6M0A2C77C', 'A2JP9IKRHNLRPI', 'A1FHS282JP487T', 'A3GLUDQZGEJL5G', 'A1VW8Y7XCV3DRW', 'A2MUCL20GTQJA0', 'self_report_25']"
24_DR-100_0086_5_sentence_12.wav,"[8, 5, 3, 5, 5, 2, 4, 6, 7]","[4, 6, 6, 3, 6, 6, 7, 5, 5]","['A2TBXASXZIRNNW', 'A1ET2J1PIP0RGO', 'A22QD6M0A2C77C', 'A2JP9IKRHNLRPI', 'AHZPOM46IUJ2N', 'A3GLUDQZGEJL5G', 'AKZ8SFOAI4RZN', 'A124E03UMDZAA9', 'self_report_24']"
28_DR-100_0087_9_sentence_1.wav,"[5, 2, 3, 3, 2, 4, 5, 2, 3]","[5, 6, 3, 5, 6, 6, 6, 6, 4]","['A124E03UMDZAA9', 'A1FHS282JP487T', 'AA9V4NE8SOA4I', 'A2VRDE2FHCBMF8', 'A1Y0Y6U906ABT5', 'A2CFE6AZS73RNS', 'A2JP9IKRHNLRPI', 'A2AG45K4ULNBHF', 'self_report_28']"
20_DR-100_0083_3_sentence_1.wav,"[4, 4, 2, 3, 6, 3, 2, 4, 4]","[3, 5, 6, 3, 7, 6, 3, 5, 4]","['A22QD6M0A2C77C', 'A2B6WQG0A9CKXQ', 'A13NXSZ9D5NTHN', 'AHZPOM46IUJ2N', 'A2JP9IKRHNLRPI', 'AEO84PDSWW0W', 'A273DS7TQWR9M1', 'A2CFE6AZS73RNS', 'self_report_20']"
27_DR-100_0084_3_sentence_1.wav,"[5, 1, 1, 4, 2, 2, 3, 4, 3]","[7, 5, 6, 5, 6, 6, 6, 5, 5]","['AA9V4NE8SOA4I', 'A13NXSZ9D5NTHN', 'A3GLUDQZGEJL5G', 'A2VRDE2FHCBMF8', 'ARX0S1CIDJLOX', 'A1T79J0XQXDDGC', 'A1DD23J1WBGQUU', 'A3JZS32RQUWGJM', 'self_report_27']"
19_DR-100_0082_7_sentence_8.wav,"[2, 1, 2, 3, 2, 2, 3, 4, 6]","[5, 5, 5, 3, 3, 4, 3, 5, 4]","['A13NXSZ9D5NTHN', 'A1T79J0XQXDDGC', 'A2NBVTY6FLBEAF', 'A2NJ7N8INZOB00', 'ARX0S1CIDJLOX', 'A2CFE6AZS73RNS', 'A2B6WQG0A9CKXQ', 'A3W24IE6P9O302', 'self_report_19']"
25_DR-100_0087_9_sentence_4.wav,"[5, 3, 2, 2, 4, 3, 4, 2, 2]","[2, 3, 5, 3, 5, 7, 4, 4, 6]","['A2TBXASXZIRNNW', 'A1Y0Y6U906ABT5', 'A2CFE6AZS73RNS', 'A2871R3LEPWMMK', 'A1B4KC5KP7FH1Z', 'A2JP9IKRHNLRPI', 'A27SMEOPKV84VI', 'A27IABVBUZ9X8Z', 'self_report_25']"
23_DR-100_0083_7_sentence_6.wav,"[2, 1, 4, 1, 3, 2, 5, 2, 5]","[4, 4, 4, 3, 4, 4, 6, 7, 3]","['A1T79J0XQXDDGC', 'A394S7JSNUA3TS', 'A2VRDE2FHCBMF8', 'A13NXSZ9D5NTHN', 'AHZPOM46IUJ2N', 'A22QD6M0A2C77C', 'A2P065E9CYMYJL', 'ACM87U430O96Z', 'self_report_23']"
23_DR-100_0083_9_sentence_4.wav,"[5, 5, 5, 5, 3, 3, 7, 5, 5]","[5, 5, 5, 6, 6, 6, 6, 5, 4]","['A27SMEOPKV84VI', 'A2NBVTY6FLBEAF', 'A124E03UMDZAA9', 'A1ET2J1PIP0RGO', 'A1FHS282JP487T', 'A2AAY4VT9L71SY', 'A1VW8Y7XCV3DRW', 'A1B4KC5KP7FH1Z', 'self_report_23']"
27_DR-100_0084_5_sentence_3.wav,"[4, 6, 3, 3, 2, 5, 3, 3, 3]","[4, 7, 6, 6, 6, 6, 8, 6, 4]","['AA9V4NE8SOA4I', 'A2AG45K4ULNBHF', 'A2CFE6AZS73RNS', 'A2P065E9CYMYJL', 'A3GLUDQZGEJL5G', 'A2VRDE2FHCBMF8', 'A2B6WQG0A9CKXQ', 'ABI1EI8UQK6LK', 'self_report_27']"
19_DR-100_0082_5_sentence_10.wav,"[3, 2, 3, 6, 7, 5, 2, 5, 7]","[7, 9, 7, 6, 8, 4, 5, 6, 7]","['A1HXEXQTZCJ1DW', 'A273DS7TQWR9M1', 'A2CFE6AZS73RNS', 'AA9V4NE8SOA4I', 'A1VW8Y7XCV3DRW', 'A124E03UMDZAA9', 'A3U7EIF0P9GQKI', 'A2MUCL20GTQJA0', 'self_report_19']"
19_DR-100_0082_9_sentence_10.wav,"[4, 2, 3, 3, 1, 3, 4, 1, 8]","[3, 4, 2, 3, 3, 4, 4, 5, 7]","['A2CFE6AZS73RNS', 'A27IABVBUZ9X8Z', 'A1VW8Y7XCV3DRW', 'ARVXIBUCA8WDZ', 'A3U7EIF0P9GQKI', 'A2P065E9CYMYJL', 'AA9V4NE8SOA4I', 'A2EOOF9D135HQ1', 'self_report_19']"
20_DR-100_0083_9_sentence_5.wav,"[4, 4, 3, 1, 5, 5, 2, 5, 5]","[6, 6, 6, 7, 6, 6, 6, 6, 6]","['AKZ8SFOAI4RZN', 'ACJ6NSCIWMUZI', 'A13NXSZ9D5NTHN', 'A273DS7TQWR9M1', 'A2CFE6AZS73RNS', 'A1Y0Y6U906ABT5', 'A3GLUDQZGEJL5G', 'A1DD23J1WBGQUU', 'self_report_20']"
24_DR-100_0086_7_sentence_1.wav,"[5, 3, 4, 2, 5, 2, 4, 1, 4]","[7, 6, 7, 5, 5, 5, 5, 6, 8]","['AA9V4NE8SOA4I', 'A2T007HZK66WM', 'A2AG45K4ULNBHF', 'A2CFE6AZS73RNS', 'A2JP9IKRHNLRPI', 'A22QD6M0A2C77C', 'AKZ8SFOAI4RZN', 'A13NXSZ9D5NTHN', 'self_report_24']"
19_DR-100_0082_9_sentence_5.wav,"[5, 2, 1, 4, 2, 1, 2, 1, 8]","[6, 6, 5, 6, 7, 5, 6, 6, 7]","['AA9V4NE8SOA4I', 'A3GLUDQZGEJL5G', 'A3K6DL4PN98CBN', 'A2NBVTY6FLBEAF', 'A1T79J0XQXDDGC', 'A27IABVBUZ9X8Z', 'A1FHS282JP487T', 'A340UGIDGIF4W6', 'self_report_19']"
24_DR-100_0086_9_sentence_3.wav,"[5, 5, 7, 3, 4, 1, 3, 5, 4]","[6, 5, 3, 5, 6, 5, 5, 7, 6]","['ARVXIBUCA8WDZ', 'A124E03UMDZAA9', 'A2TBXASXZIRNNW', 'A27IABVBUZ9X8Z', 'A2CFE6AZS73RNS', 'A1T79J0XQXDDGC', 'A394S7JSNUA3TS', 'A1B4KC5KP7FH1Z', 'self_report_24']"
26_DR-100_0088_7_sentence_4.wav,"[3, 7, 5, 4, 4, 2, 5, 7, 8]","[4, 6, 5, 3, 6, 6, 6, 4, 9]","['ACJ6NSCIWMUZI', 'ARVXIBUCA8WDZ', 'A2NBVTY6FLBEAF', 'A3NSJ6GJC7TZSG', 'A3K6DL4PN98CBN', 'A1FHS282JP487T', 'A2P065E9CYMYJL', 'A1T79J0XQXDDGC', 'self_report_26']"
20_DR-100_0083_7_sentence_8.wav,"[1, 1, 4, 1, 3, 2, 2, 3, 4]","[5, 5, 6, 5, 6, 5, 5, 4, 5]","['A273DS7TQWR9M1', 'A2T007HZK66WM', 'AA9V4NE8SOA4I', 'A2EOOF9D135HQ1', 'A1HXEXQTZCJ1DW', 'A2CFE6AZS73RNS', 'A1DD23J1WBGQUU', 'A22QD6M0A2C77C', 'self_report_20']"
28_DR-100_0087_5_sentence_10.wav,"[3, 4, 5, 2, 5, 2, 5, 2, 3]","[5, 7, 6, 6, 4, 4, 3, 8, 6]","['ACJ6NSCIWMUZI', 'A2M5M653UAC0SM', 'ARVXIBUCA8WDZ', 'A3GLUDQZGEJL5G', 'A1ET2J1PIP0RGO', 'A3KCUB6P3IE8NL', 'A1B4KC5KP7FH1Z', 'ACM87U430O96Z', 'self_report_28']"
22_DR-100_0085_5_sentence_15.wav,"[4, 3, 5, 5, 2, 3, 6, 3, 7]","[2, 2, 4, 2, 3, 6, 4, 1, 7]","['A1VW8Y7XCV3DRW', 'A2AG45K4ULNBHF', 'AA9V4NE8SOA4I', 'A124E03UMDZAA9', 'AKZ8SFOAI4RZN', 'A1FHS282JP487T', 'A1ET2J1PIP0RGO', 'A2B6WQG0A9CKXQ', 'self_report_22']"
19_DR-100_0082_3_sentence_2.wav,"[1, 5, 5, 3, 2, 2, 5, 5, 7]","[5, 4, 3, 5, 6, 4, 4, 6, 8]","['A3GLUDQZGEJL5G', 'A1T79J0XQXDDGC', 'A2AG45K4ULNBHF', 'A13NXSZ9D5NTHN', 'A1FHS282JP487T', 'A3U7EIF0P9GQKI', 'A2VRDE2FHCBMF8', 'AA9V4NE8SOA4I', 'self_report_19']"
26_DR-100_0088_9_sentence_3.wav,"[7, 5, 4, 3, 5, 2, 5, 1, 8]","[6, 3, 6, 6, 4, 9, 6, 6, 7]","['A27SMEOPKV84VI', 'AKZ8SFOAI4RZN', 'AUSRHMZM3R6CW', 'ACJ6NSCIWMUZI', 'AA9V4NE8SOA4I', 'A2871R3LEPWMMK', 'A2NBVTY6FLBEAF', 'A13NXSZ9D5NTHN', 'self_report_26']"
27_DR-100_0084_9_sentence_5.wav,"[4, 2, 3, 2, 6, 2, 2, 7, 3]","[3, 5, 4, 6, 7, 4, 3, 2, 8]","['A124E03UMDZAA9', 'A3KCUB6P3IE8NL', 'A2B6WQG0A9CKXQ', 'A3GLUDQZGEJL5G', 'A2MUCL20GTQJA0', 'A1ZD9SJXQ9C6EW', 'A2T007HZK66WM', 'A1VW8Y7XCV3DRW', 'self_report_27']"
20_DR-100_0083_5_sentence_6.wav,"[6, 4, 1, 3, 2, 3, 1, 2, 4]","[4, 4, 5, 6, 4, 4, 5, 5, 6]","['AA9V4NE8SOA4I', 'ARX0S1CIDJLOX', 'A3GLUDQZGEJL5G', 'A1FHS282JP487T', 'A27IABVBUZ9X8Z', 'A1T79J0XQXDDGC', 'ABI1EI8UQK6LK', 'A13NXSZ9D5NTHN', 'self_report_20']"
27_DR-100_0084_3_sentence_9.wav,"[4, 2, 6, 6, 8, 6, 3, 3, 3]","[4, 7, 6, 5, 9, 8, 8, 7, 5]","['A394S7JSNUA3TS', 'A13NXSZ9D5NTHN', 'A124E03UMDZAA9', 'A2VRDE2FHCBMF8', 'A2TBXASXZIRNNW', 'A10BH9PYCYUKDJ', 'A340UGIDGIF4W6', 'A22QD6M0A2C77C', 'self_report_27']"
24_DR-100_0086_7_sentence_9.wav,"[3, 7, 5, 5, 1, 5, 5, 5, 4]","[8, 4, 7, 4, 5, 7, 6, 7, 8]","['A2B6WQG0A9CKXQ', 'A2TBXASXZIRNNW', 'A2MUCL20GTQJA0', 'A124E03UMDZAA9', 'A13NXSZ9D5NTHN', 'A1B4KC5KP7FH1Z', 'A1ET2J1PIP0RGO', 'A3W24IE6P9O302', 'self_report_24']"
25_DR-100_0087_5_sentence_7.wav,"[3, 4, 3, 2, 2, 2, 2, 4, 2]","[3, 2, 4, 3, 4, 2, 4, 3, 4]","['A2CFE6AZS73RNS', 'A10BH9PYCYUKDJ', 'A1OZPLHNIU1519', 'ARX0S1CIDJLOX', 'A3U7EIF0P9GQKI', 'A340UGIDGIF4W6', 'A1ZD9SJXQ9C6EW', 'A3JZS32RQUWGJM', 'self_report_25']"
25_DR-100_0087_7_sentence_2.wav,"[3, 3, 5, 2, 1, 3, 5, 1, 3]","[4, 4, 3, 6, 2, 4, 5, 2, 2]","['ARVXIBUCA8WDZ', 'A394S7JSNUA3TS', 'A2NBVTY6FLBEAF', 'A1FHS282JP487T', 'A3NSJ6GJC7TZSG', 'A2VRDE2FHCBMF8', 'A1B4KC5KP7FH1Z', 'A340UGIDGIF4W6', 'self_report_25']"
27_DR-100_0084_3_sentence_2.wav,"[3, 1, 2, 6, 1, 3, 6, 6, 3]","[7, 6, 5, 6, 7, 7, 8, 7, 5]","['AHZPOM46IUJ2N', 'A1ZD9SJXQ9C6EW', 'A2NJ7N8INZOB00', 'ARVXIBUCA8WDZ', 'A394S7JSNUA3TS', 'A124E03UMDZAA9', 'A1VW8Y7XCV3DRW', 'A2MUCL20GTQJA0', 'self_report_27']"
26_DR-100_0088_3_sentence_6.wav,"[2, 5, 4, 2, 3, 3, 5, 3, 6]","[7, 7, 5, 4, 5, 6, 6, 6, 7]","['A3K6DL4PN98CBN', 'A2CFE6AZS73RNS', 'A1ET2J1PIP0RGO', 'A3GLUDQZGEJL5G', 'A2VRDE2FHCBMF8', 'A1T79J0XQXDDGC', 'A124E03UMDZAA9', 'A1HXEXQTZCJ1DW', 'self_report_26']"
22_DR-100_0085_5_sentence_17.wav,"[2, 1, 3, 2, 2, 2, 4, 3, 7]","[6, 4, 7, 6, 7, 7, 6, 4, 7]","['A2MUCL20GTQJA0', 'A13NXSZ9D5NTHN', 'A1HXEXQTZCJ1DW', 'A10BH9PYCYUKDJ', 'AHZPOM46IUJ2N', 'A1ZD9SJXQ9C6EW', 'AA9V4NE8SOA4I', 'A1Y0Y6U906ABT5', 'self_report_22']"
21_DR-100_0084_1_sentence_4.wav,"[3, 4, 3, 6, 2, 8, 5, 3, 2]","[5, 7, 6, 6, 6, 7, 6, 4, 7]","['A2VRDE2FHCBMF8', 'A2B6WQG0A9CKXQ', 'A3KCUB6P3IE8NL', 'ARVXIBUCA8WDZ', 'A3GLUDQZGEJL5G', 'A1VW8Y7XCV3DRW', 'A3W24IE6P9O302', 'A22QD6M0A2C77C', 'self_report_21']"
28_DR-100_0087_7_sentence_1.wav,"[2, 6, 3, 5, 2, 2, 2, 2, 3]","[4, 2, 6, 5, 4, 5, 3, 4, 5]","['A2NBVTY6FLBEAF', 'A2TBXASXZIRNNW', 'A18O3DEA5Z4MJD', 'A124E03UMDZAA9', 'ARX0S1CIDJLOX', 'A2B6WQG0A9CKXQ', 'A2NJ7N8INZOB00', 'A3U7EIF0P9GQKI', 'self_report_28']"
21_DR-100_0084_7_sentence_12.wav,"[2, 6, 4, 2, 2, 3, 3, 5, 2]","[5, 7, 6, 6, 2, 4, 4, 6, 5]","['A3KCUB6P3IE8NL', 'AA9V4NE8SOA4I', 'A1ET2J1PIP0RGO', 'A1T79J0XQXDDGC', 'A3K6DL4PN98CBN', 'A340UGIDGIF4W6', 'A2AG45K4ULNBHF', 'A1B4KC5KP7FH1Z', 'self_report_21']"
22_DR-100_0085_3_sentence_6.wav,"[5, 4, 1, 1, 4, 1, 5, 2, 5]","[7, 6, 6, 5, 6, 5, 6, 6, 6]","['A2JP9IKRHNLRPI', 'A124E03UMDZAA9', 'A273DS7TQWR9M1', 'A2NJ7N8INZOB00', 'AA9V4NE8SOA4I', 'ABI1EI8UQK6LK', 'A2MUCL20GTQJA0', 'A2B6WQG0A9CKXQ', 'self_report_22']"
19_DR-100_0082_9_sentence_3.wav,"[1, 4, 1, 2, 4, 5, 4, 1, 8]","[7, 7, 6, 6, 6, 6, 4, 6, 7]","['AUSRHMZM3R6CW', 'AA9V4NE8SOA4I', 'A2B6WQG0A9CKXQ', 'A1FHS282JP487T', 'A3W24IE6P9O302', 'A2JP9IKRHNLRPI', 'AHZPOM46IUJ2N', 'A340UGIDGIF4W6', 'self_report_19']"
21_DR-100_0084_7_sentence_1.wav,"[3, 5, 5, 3, 3, 2, 2, 4, 2]","[5, 7, 5, 5, 5, 6, 3, 5, 5]","['ARVXIBUCA8WDZ', 'AA9V4NE8SOA4I', 'A2MUCL20GTQJA0', 'A2B6WQG0A9CKXQ', 'ARX0S1CIDJLOX', 'A1FHS282JP487T', 'A2P065E9CYMYJL', 'A3W24IE6P9O302', 'self_report_21']"
27_DR-100_0084_3_sentence_8.wav,"[8, 7, 2, 3, 4, 6, 7, 3, 3]","[7, 8, 7, 7, 4, 3, 5, 4, 5]","['A2TBXASXZIRNNW', 'A3K6DL4PN98CBN', 'A13NXSZ9D5NTHN', 'A1FHS282JP487T', 'A1ZD9SJXQ9C6EW', 'A2AAY4VT9L71SY', 'A3W24IE6P9O302', 'ABI1EI8UQK6LK', 'self_report_27']"
26_DR-100_0088_5_sentence_2.wav,"[3, 4, 5, 1, 3, 3, 4, 4, 7]","[5, 7, 4, 5, 5, 4, 4, 4, 9]","['A2VRDE2FHCBMF8', 'A2871R3LEPWMMK', 'A3K6DL4PN98CBN', 'A3GLUDQZGEJL5G', 'A3KCUB6P3IE8NL', 'AEO84PDSWW0W', 'A340UGIDGIF4W6', 'A3JZS32RQUWGJM', 'self_report_26']"
28_DR-100_0087_1_sentence_12.wav,"[1, 1, 2, 3, 1, 2, 1, 2, 7]","[5, 4, 7, 2, 5, 3, 5, 3, 5]","['A394S7JSNUA3TS', 'A2F48NO7AD9VKK', 'A3K6DL4PN98CBN', 'ARVXIBUCA8WDZ', 'A2B6WQG0A9CKXQ', 'AHZPOM46IUJ2N', 'ACM87U430O96Z', 'A124E03UMDZAA9', 'self_report_28']"
21_DR-100_0084_5_sentence_9.wav,"[3, 3, 6, 5, 5, 6, 2, 3, 3]","[1, 4, 3, 2, 3, 4, 6, 3, 4]","['A2B6WQG0A9CKXQ', 'A32U64W0S9PUA3', 'A2TBXASXZIRNNW', 'A1Y0Y6U906ABT5', 'A1B4KC5KP7FH1Z', 'A1ET2J1PIP0RGO', 'A13NXSZ9D5NTHN', 'A1T79J0XQXDDGC', 'self_report_21']"
20_DR-100_0083_5_sentence_2.wav,"[5, 4, 2, 4, 2, 3, 7, 2, 4]","[5, 6, 4, 3, 6, 5, 9, 5, 6]","['A27SMEOPKV84VI', 'AKZ8SFOAI4RZN', 'A3KCUB6P3IE8NL', 'A10BH9PYCYUKDJ', 'A2P065E9CYMYJL', 'A2VRDE2FHCBMF8', 'A1VW8Y7XCV3DRW', 'A13NXSZ9D5NTHN', 'self_report_20']"
21_DR-100_0084_5_sentence_10.wav,"[2, 2, 3, 6, 5, 4, 3, 5, 3]","[4, 5, 5, 4, 3, 3, 3, 4, 4]","['A3KCUB6P3IE8NL', 'A32U64W0S9PUA3', 'A2VRDE2FHCBMF8', 'A2TBXASXZIRNNW', 'A10BH9PYCYUKDJ', 'AA9V4NE8SOA4I', 'A2CFE6AZS73RNS', 'A1B4KC5KP7FH1Z', 'self_report_21']"
25_DR-100_0087_9_sentence_7.wav,"[6, 2, 2, 3, 2, 3, 2, 2, 2]","[2, 6, 3, 3, 4, 2, 1, 3, 6]","['A2TBXASXZIRNNW', 'A1FHS282JP487T', 'AEO84PDSWW0W', 'A2M5M653UAC0SM', 'A394S7JSNUA3TS', 'A10BH9PYCYUKDJ', 'A2B6WQG0A9CKXQ', 'ABI1EI8UQK6LK', 'self_report_25']"
24_DR-100_0086_1_sentence_7.wav,"[4, 5, 4, 6, 8, 4, 5, 4, 4]","[6, 6, 7, 7, 7, 6, 6, 7, 6]","['A32U64W0S9PUA3', 'AEO84PDSWW0W', 'A1DD23J1WBGQUU', 'A2AG45K4ULNBHF', 'AA9V4NE8SOA4I', 'ARVXIBUCA8WDZ', 'A124E03UMDZAA9', 'ACM87U430O96Z', 'self_report_24']"
21_DR-100_0084_3_sentence_1.wav,"[3, 5, 4, 7, 1, 4, 4, 3, 1]","[7, 7, 5, 6, 8, 6, 8, 8, 8]","['AKZ8SFOAI4RZN', 'A1ET2J1PIP0RGO', 'ARVXIBUCA8WDZ', 'A2TBXASXZIRNNW', 'A273DS7TQWR9M1', 'A2CFE6AZS73RNS', 'A340UGIDGIF4W6', 'A3W24IE6P9O302', 'self_report_21']"
25_DR-100_0087_5_sentence_4.wav,"[3, 1, 3, 3, 4, 6, 3, 4, 2]","[6, 7, 5, 6, 4, 7, 6, 7, 4]","['A1FHS282JP487T', 'A273DS7TQWR9M1', 'A1T79J0XQXDDGC', 'A2VRDE2FHCBMF8', 'AA9V4NE8SOA4I', 'A1ET2J1PIP0RGO', 'AHZPOM46IUJ2N', 'A2MUCL20GTQJA0', 'self_report_25']"
22_DR-100_0085_9_sentence_14.wav,"[2, 3, 1, 3, 8, 1, 1, 3, 6]","[5, 5, 6, 5, 3, 6, 6, 5, 6]","['A2T007HZK66WM', 'A2VRDE2FHCBMF8', 'A1ZD9SJXQ9C6EW', 'A1HXEXQTZCJ1DW', 'A2TBXASXZIRNNW', 'A394S7JSNUA3TS', 'ARX0S1CIDJLOX', 'A10BH9PYCYUKDJ', 'self_report_22']"
21_DR-100_0084_7_sentence_3.wav,"[2, 1, 3, 1, 2, 5, 6, 4, 2]","[5, 5, 3, 5, 6, 3, 5, 5, 5]","['A394S7JSNUA3TS', 'A2EOOF9D135HQ1', 'A3JZS32RQUWGJM', 'A3GLUDQZGEJL5G', 'A1FHS282JP487T', 'A2CFE6AZS73RNS', 'A2AG45K4ULNBHF', 'A124E03UMDZAA9', 'self_report_21']"
24_DR-100_0086_7_sentence_4.wav,"[1, 4, 3, 6, 2, 7, 3, 2, 4]","[8, 8, 6, 6, 6, 7, 8, 7, 8]","['A273DS7TQWR9M1', 'A2JP9IKRHNLRPI', 'AEO84PDSWW0W', 'ARVXIBUCA8WDZ', 'A1FHS282JP487T', 'A27SMEOPKV84VI', 'A27IABVBUZ9X8Z', 'A2T007HZK66WM', 'self_report_24']"
27_DR-100_0084_7_sentence_6.wav,"[4, 5, 5, 4, 3, 6, 7, 2, 4]","[7, 6, 3, 6, 7, 9, 6, 4, 5]","['A1FHS282JP487T', 'A2VRDE2FHCBMF8', 'A2CFE6AZS73RNS', 'ACJ6NSCIWMUZI', 'A3KCUB6P3IE8NL', 'A1T79J0XQXDDGC', 'ARVXIBUCA8WDZ', 'A22QD6M0A2C77C', 'self_report_27']"
23_DR-100_0083_5_sentence_3.wav,"[1, 2, 4, 2, 4, 5, 2, 5, 5]","[4, 6, 3, 4, 3, 4, 4, 4, 3]","['A2T007HZK66WM', 'A3GLUDQZGEJL5G', 'A2MUCL20GTQJA0', 'A3KCUB6P3IE8NL', 'A2AG45K4ULNBHF', 'A2JP9IKRHNLRPI', 'A340UGIDGIF4W6', 'A1B4KC5KP7FH1Z', 'self_report_23']"
20_DR-100_0083_3_sentence_11.wav,"[4, 8, 3, 6, 6, 8, 4, 7, 4]","[3, 8, 5, 4, 6, 7, 3, 8, 4]","['A27IABVBUZ9X8Z', 'AA9V4NE8SOA4I', 'A2CFE6AZS73RNS', 'A1Y0Y6U906ABT5', 'A1ET2J1PIP0RGO', 'A3K6DL4PN98CBN', 'A10BH9PYCYUKDJ', 'A2M5M653UAC0SM', 'self_report_20']"
28_DR-100_0087_5_sentence_6.wav,"[2, 4, 5, 5, 4, 4, 3, 4, 3]","[4, 3, 9, 7, 3, 2, 7, 4, 6]","['A2EOOF9D135HQ1', 'ARVXIBUCA8WDZ', 'A1T79J0XQXDDGC', 'AA9V4NE8SOA4I', 'AHZPOM46IUJ2N', 'A2NJ7N8INZOB00', 'A2MUCL20GTQJA0', 'A1Y0Y6U906ABT5', 'self_report_28']"
28_DR-100_0087_3_sentence_4.wav,"[1, 6, 4, 1, 3, 1, 1, 5, 3]","[6, 7, 6, 9, 7, 6, 5, 6, 8]","['A2MUCL20GTQJA0', 'A124E03UMDZAA9', 'A2VRDE2FHCBMF8', 'ACJ6NSCIWMUZI', 'A2CFE6AZS73RNS', 'A3KCUB6P3IE8NL', 'A1VW8Y7XCV3DRW', 'A27SMEOPKV84VI', 'self_report_28']"
21_DR-100_0084_1_sentence_9.wav,"[6, 3, 4, 3, 2, 5, 2, 4, 2]","[7, 6, 5, 6, 7, 7, 6, 7, 7]","['AA9V4NE8SOA4I', 'A3KCUB6P3IE8NL', 'A2AG45K4ULNBHF', 'A2NBVTY6FLBEAF', 'A1ZD9SJXQ9C6EW', 'A1T79J0XQXDDGC', 'ARX0S1CIDJLOX', 'AHZPOM46IUJ2N', 'self_report_21']"
21_DR-100_0084_9_sentence_9.wav,"[5, 4, 4, 6, 7, 3, 1, 3, 1]","[6, 5, 7, 8, 4, 5, 5, 6, 7]","['A2AG45K4ULNBHF', 'A2CFE6AZS73RNS', 'A2NBVTY6FLBEAF', 'AA9V4NE8SOA4I', 'A2TBXASXZIRNNW', 'A394S7JSNUA3TS', 'A3GLUDQZGEJL5G', 'A1FHS282JP487T', 'self_report_21']"
28_DR-100_0087_1_sentence_13.wav,"[3, 1, 4, 3, 7, 5, 1, 1, 7]","[4, 5, 5, 5, 6, 5, 5, 5, 5]","['AEO84PDSWW0W', 'A2JP9IKRHNLRPI', 'A2AG45K4ULNBHF', 'A1HXEXQTZCJ1DW', 'A1VW8Y7XCV3DRW', 'A2NBVTY6FLBEAF', 'A124E03UMDZAA9', 'A1T79J0XQXDDGC', 'self_report_28']"
20_DR-100_0083_1_sentence_7.wav,"[2, 4, 5, 7, 5, 4, 1, 5, 4]","[5, 6, 5, 3, 5, 6, 3, 6, 5]","['A394S7JSNUA3TS', 'A1FHS282JP487T', 'A2CFE6AZS73RNS', 'A2TBXASXZIRNNW', 'A124E03UMDZAA9', 'AHZPOM46IUJ2N', 'A1T79J0XQXDDGC', 'AA9V4NE8SOA4I', 'self_report_20']"
19_DR-100_0082_9_sentence_1.wav,"[1, 1, 2, 3, 2, 1, 4, 5, 8]","[5, 5, 5, 5, 7, 5, 6, 6, 7]","['A3GLUDQZGEJL5G', 'A13NXSZ9D5NTHN', 'ARX0S1CIDJLOX', 'A18TCR555RWUZV', 'A1ZD9SJXQ9C6EW', 'A2F48NO7AD9VKK', 'AA9V4NE8SOA4I', 'A1B4KC5KP7FH1Z', 'self_report_19']"
21_DR-100_0084_7_sentence_10.wav,"[5, 5, 5, 2, 4, 1, 5, 5, 2]","[4, 6, 4, 6, 5, 6, 6, 6, 5]","['A2JP9IKRHNLRPI', 'A1ET2J1PIP0RGO', 'AA9V4NE8SOA4I', 'ACJ6NSCIWMUZI', 'A27SMEOPKV84VI', 'A13NXSZ9D5NTHN', 'A1B4KC5KP7FH1Z', 'A2MUCL20GTQJA0', 'self_report_21']"
26_DR-100_0088_9_sentence_4.wav,"[2, 2, 3, 2, 3, 5, 7, 1, 8]","[6, 6, 3, 7, 6, 6, 7, 4, 7]","['A1FHS282JP487T', 'A2CFE6AZS73RNS', 'A10BH9PYCYUKDJ', 'A27IABVBUZ9X8Z', 'A3W24IE6P9O302', 'A1ET2J1PIP0RGO', 'A2MUCL20GTQJA0', 'A2F48NO7AD9VKK', 'self_report_26']"
25_DR-100_0087_5_sentence_5.wav,"[5, 6, 2, 1, 2, 3, 3, 5, 2]","[5, 5, 6, 5, 4, 6, 5, 4, 4]","['ARVXIBUCA8WDZ', 'A27SMEOPKV84VI', 'A3GLUDQZGEJL5G', 'A273DS7TQWR9M1', 'A2F48NO7AD9VKK', 'AEO84PDSWW0W', 'A2VRDE2FHCBMF8', 'A1Y0Y6U906ABT5', 'self_report_25']"
22_DR-100_0085_5_sentence_9.wav,"[5, 4, 4, 4, 5, 1, 5, 4, 7]","[4, 5, 4, 5, 6, 5, 4, 4, 7]","['A124E03UMDZAA9', 'A3K6DL4PN98CBN', 'AKZ8SFOAI4RZN', 'A2M5M653UAC0SM', 'A1ET2J1PIP0RGO', 'A273DS7TQWR9M1', 'AA9V4NE8SOA4I', 'A2MUCL20GTQJA0', 'self_report_22']"
21_DR-100_0084_5_sentence_5.wav,"[5, 2, 3, 3, 2, 3, 3, 6, 3]","[5, 5, 4, 6, 5, 4, 4, 4, 4]","['ARVXIBUCA8WDZ', 'ACJ6NSCIWMUZI', 'AEO84PDSWW0W', 'AA9V4NE8SOA4I', 'ACM87U430O96Z', 'AHZPOM46IUJ2N', 'A2AG45K4ULNBHF', 'A1VW8Y7XCV3DRW', 'self_report_21']"
24_DR-100_0086_7_sentence_6.wav,"[5, 5, 4, 3, 1, 6, 3, 7, 4]","[7, 8, 7, 6, 6, 8, 8, 8, 8]","['A2AG45K4ULNBHF', 'A1VW8Y7XCV3DRW', 'A1HXEXQTZCJ1DW', 'A2T007HZK66WM', 'A3GLUDQZGEJL5G', 'A1T79J0XQXDDGC', 'A340UGIDGIF4W6', 'A2MUCL20GTQJA0', 'self_report_24']"
24_DR-100_0086_3_sentence_7.wav,"[1, 6, 5, 4, 4, 3, 1, 5, 6]","[4, 8, 7, 5, 6, 7, 6, 6, 6]","['A2EOOF9D135HQ1', 'A3K6DL4PN98CBN', 'AKZ8SFOAI4RZN', 'A2VRDE2FHCBMF8', 'ARVXIBUCA8WDZ', 'A2T007HZK66WM', 'A13NXSZ9D5NTHN', 'AHZPOM46IUJ2N', 'self_report_24']"
20_DR-100_0083_1_sentence_3.wav,"[7, 2, 5, 3, 4, 5, 6, 2, 4]","[3, 6, 3, 6, 4, 4, 4, 4, 5]","['AA9V4NE8SOA4I', 'A3GLUDQZGEJL5G', 'A1B4KC5KP7FH1Z', 'A22QD6M0A2C77C', 'A10BH9PYCYUKDJ', 'A1Y0Y6U906ABT5', 'A1ET2J1PIP0RGO', 'ABI1EI8UQK6LK', 'self_report_20']"
19_DR-100_0082_9_sentence_8.wav,"[5, 5, 2, 5, 7, 1, 3, 5, 8]","[7, 4, 4, 6, 3, 4, 5, 4, 7]","['A2NBVTY6FLBEAF', 'AA9V4NE8SOA4I', 'A2M5M653UAC0SM', 'A2MUCL20GTQJA0', 'A2TBXASXZIRNNW', 'A273DS7TQWR9M1', 'A1T79J0XQXDDGC', 'A2AG45K4ULNBHF', 'self_report_19']"
28_DR-100_0087_7_sentence_8.wav,"[1, 2, 2, 1, 3, 2, 3, 2, 3]","[3, 4, 5, 4, 4, 6, 5, 4, 5]","['A273DS7TQWR9M1', 'ACJ6NSCIWMUZI', 'A124E03UMDZAA9', 'AKZ8SFOAI4RZN', 'A2NBVTY6FLBEAF', 'A1VW8Y7XCV3DRW', 'AA9V4NE8SOA4I', 'A1HXEXQTZCJ1DW', 'self_report_28']"
22_DR-100_0085_3_sentence_11.wav,"[2, 4, 3, 1, 2, 2, 2, 2, 5]","[5, 4, 7, 4, 5, 4, 5, 4, 6]","['A3K6DL4PN98CBN', 'ARVXIBUCA8WDZ', 'A2CFE6AZS73RNS', 'A2M5M653UAC0SM', 'ARX0S1CIDJLOX', 'AEO84PDSWW0W', 'A3NSJ6GJC7TZSG', 'A27IABVBUZ9X8Z', 'self_report_22']"
19_DR-100_0082_5_sentence_7.wav,"[5, 2, 1, 3, 4, 6, 2, 2, 7]","[7, 5, 5, 6, 7, 7, 6, 9, 7]","['A2JP9IKRHNLRPI', 'ACJ6NSCIWMUZI', 'A2F48NO7AD9VKK', 'A3W24IE6P9O302', 'ARVXIBUCA8WDZ', 'AA9V4NE8SOA4I', 'A1FHS282JP487T', 'A2B6WQG0A9CKXQ', 'self_report_19']"
22_DR-100_0085_3_sentence_8.wav,"[3, 6, 7, 2, 3, 2, 4, 4, 5]","[6, 3, 7, 7, 7, 6, 7, 7, 6]","['AEO84PDSWW0W', 'AA9V4NE8SOA4I', 'A2MUCL20GTQJA0', 'A273DS7TQWR9M1', 'A3K6DL4PN98CBN', 'A3GLUDQZGEJL5G', 'A10BH9PYCYUKDJ', 'A3U7EIF0P9GQKI', 'self_report_22']"
27_DR-100_0084_1_sentence_13.wav,"[1, 1, 1, 1, 1, 1, 1, 1, 4]","[5, 5, 5, 5, 5, 5, 5, 5, 6]","['ACJ6NSCIWMUZI', 'A124E03UMDZAA9', 'AA9V4NE8SOA4I', 'A273DS7TQWR9M1', 'ARX0S1CIDJLOX', 'A2TBXASXZIRNNW', 'A1Y0Y6U906ABT5', 'A2AG45K4ULNBHF', 'self_report_27']"
25_DR-100_0087_1_sentence_2.wav,"[2, 1, 3, 5, 1, 4, 2, 1, 6]","[6, 5, 5, 6, 5, 4, 5, 5, 8]","['A2CFE6AZS73RNS', 'A3KCUB6P3IE8NL', 'A124E03UMDZAA9', 'A1ET2J1PIP0RGO', 'A3U7EIF0P9GQKI', 'A10BH9PYCYUKDJ', 'ABI1EI8UQK6LK', 'A13NXSZ9D5NTHN', 'self_report_25']"
24_DR-100_0086_9_sentence_6.wav,"[7, 3, 6, 3, 3, 2, 2, 7, 4]","[9, 6, 7, 4, 6, 6, 7, 6, 6]","['A10BH9PYCYUKDJ', 'A1FHS282JP487T', 'A3W24IE6P9O302', 'A3NSJ6GJC7TZSG', 'A2NBVTY6FLBEAF', 'A3GLUDQZGEJL5G', 'A27IABVBUZ9X8Z', 'A27SMEOPKV84VI', 'self_report_24']"
28_DR-100_0087_1_sentence_10.wav,"[2, 2, 1, 1, 2, 3, 3, 3, 7]","[4, 6, 4, 4, 4, 5, 4, 4, 5]","['A2NBVTY6FLBEAF', 'A1FHS282JP487T', 'A3KCUB6P3IE8NL', 'A1T79J0XQXDDGC', 'AEO84PDSWW0W', 'A124E03UMDZAA9', 'A1HXEXQTZCJ1DW', 'A1Y0Y6U906ABT5', 'self_report_28']"
19_DR-100_0082_7_sentence_3.wav,"[2, 3, 5, 3, 6, 4, 4, 3, 6]","[4, 4, 3, 5, 5, 5, 5, 5, 4]","['AKZ8SFOAI4RZN', 'ARVXIBUCA8WDZ', 'A18TCR555RWUZV', 'A2VRDE2FHCBMF8', 'A27SMEOPKV84VI', 'A2CFE6AZS73RNS', 'A2AG45K4ULNBHF', 'A2T007HZK66WM', 'self_report_19']"
25_DR-100_0087_7_sentence_8.wav,"[1, 3, 5, 1, 3, 2, 4, 3, 3]","[3, 2, 5, 2, 3, 4, 3, 3, 2]","['A1HXEXQTZCJ1DW', 'A13NXSZ9D5NTHN', 'A124E03UMDZAA9', 'A18O3DEA5Z4MJD', 'AA9V4NE8SOA4I', 'A1LJKHC0NH9TIX', 'A394S7JSNUA3TS', 'A2NBVTY6FLBEAF', 'self_report_25']"
25_DR-100_0087_7_sentence_1.wav,"[1, 1, 2, 1, 3, 1, 2, 2, 3]","[5, 4, 4, 4, 5, 4, 4, 4, 2]","['ACJ6NSCIWMUZI', 'A2B6WQG0A9CKXQ', 'AEO84PDSWW0W', 'A13NXSZ9D5NTHN', 'A2VRDE2FHCBMF8', 'A2F48NO7AD9VKK', 'A3W24IE6P9O302', 'A1DD23J1WBGQUU', 'self_report_25']"
28_DR-100_0087_9_sentence_11.wav,"[1, 1, 1, 1, 1, 1, 1, 1, 3]","[5, 5, 5, 5, 5, 5, 5, 5, 4]","['ACJ6NSCIWMUZI', 'A394S7JSNUA3TS', 'A2CFE6AZS73RNS', 'ARVXIBUCA8WDZ', 'A2JP9IKRHNLRPI', 'A1VW8Y7XCV3DRW', 'ACM87U430O96Z', 'A22QD6M0A2C77C', 'self_report_28']"
27_DR-100_0084_3_sentence_13.wav,"[6, 3, 6, 4, 5, 3, 6, 2, 3]","[7, 6, 7, 6, 6, 7, 8, 7, 5]","['A2TBXASXZIRNNW', 'A394S7JSNUA3TS', 'ARVXIBUCA8WDZ', 'A2VRDE2FHCBMF8', 'A27SMEOPKV84VI', 'A273DS7TQWR9M1', 'AA9V4NE8SOA4I', 'A340UGIDGIF4W6', 'self_report_27']"
28_DR-100_0087_5_sentence_11.wav,"[4, 2, 3, 2, 3, 3, 1, 3, 3]","[5, 7, 6, 6, 6, 6, 6, 7, 6]","['A2VRDE2FHCBMF8', 'A273DS7TQWR9M1', 'A2NJ7N8INZOB00', 'ARX0S1CIDJLOX', 'A1OZPLHNIU1519', 'A1Y0Y6U906ABT5', 'A13NXSZ9D5NTHN', 'A2MUCL20GTQJA0', 'self_report_28']"
21_DR-100_0084_9_sentence_7.wav,"[7, 1, 2, 3, 2, 3, 3, 5, 1]","[6, 5, 4, 5, 4, 7, 6, 7, 7]","['A124E03UMDZAA9', 'A3GLUDQZGEJL5G', 'A1OZPLHNIU1519', 'ARVXIBUCA8WDZ', 'A394S7JSNUA3TS', 'A340UGIDGIF4W6', 'A2P065E9CYMYJL', 'AA9V4NE8SOA4I', 'self_report_21']"
26_DR-100_0088_1_sentence_4.wav,"[6, 2, 2, 4, 4, 6, 2, 2, 1]","[3, 6, 2, 3, 3, 3, 7, 4, 5]","['A2TBXASXZIRNNW', 'A1FHS282JP487T', 'A2B6WQG0A9CKXQ', 'A394S7JSNUA3TS', 'A22QD6M0A2C77C', 'A2NBVTY6FLBEAF', 'ACM87U430O96Z', 'A3U7EIF0P9GQKI', 'self_report_26']"
21_DR-100_0084_3_sentence_11.wav,"[6, 4, 2, 2, 5, 5, 5, 3, 1]","[7, 7, 6, 6, 9, 6, 7, 7, 8]","['AHZPOM46IUJ2N', 'A2M5M653UAC0SM', 'A3KCUB6P3IE8NL', 'A1FHS282JP487T', 'A1VW8Y7XCV3DRW', 'A2MUCL20GTQJA0', 'A3W24IE6P9O302', 'A1Y0Y6U906ABT5', 'self_report_21']"
19_DR-100_0082_5_sentence_1.wav,"[5, 4, 2, 3, 3, 2, 3, 2, 7]","[6, 6, 6, 4, 6, 6, 5, 6, 7]","['A27SMEOPKV84VI', 'A2JP9IKRHNLRPI', 'A3KCUB6P3IE8NL', 'A124E03UMDZAA9', 'AEO84PDSWW0W', 'ACM87U430O96Z', 'A1HXEXQTZCJ1DW', 'A3JZS32RQUWGJM', 'self_report_19']"
26_DR-100_0088_3_sentence_7.wav,"[1, 5, 1, 1, 1, 1, 1, 1, 6]","[5, 5, 5, 5, 5, 5, 5, 5, 7]","['A2B6WQG0A9CKXQ', 'A1ET2J1PIP0RGO', 'A3GLUDQZGEJL5G', 'A2VRDE2FHCBMF8', 'A1VW8Y7XCV3DRW', 'A124E03UMDZAA9', 'A1HXEXQTZCJ1DW', 'A1ZD9SJXQ9C6EW', 'self_report_26']"
24_DR-100_0086_1_sentence_8.wav,"[4, 7, 3, 2, 6, 2, 2, 6, 4]","[6, 5, 8, 6, 6, 7, 6, 7, 6]","['AEO84PDSWW0W', 'A2TBXASXZIRNNW', 'A273DS7TQWR9M1', 'A1FHS282JP487T', 'A27SMEOPKV84VI', 'A3U7EIF0P9GQKI', 'A2F48NO7AD9VKK', 'A2CFE6AZS73RNS', 'self_report_24']"
21_DR-100_0084_1_sentence_6.wav,"[2, 3, 4, 5, 1, 2, 4, 4, 2]","[6, 6, 6, 5, 5, 6, 5, 7, 7]","['A3KCUB6P3IE8NL', 'A2JP9IKRHNLRPI', 'A3K6DL4PN98CBN', 'A124E03UMDZAA9', 'A3GLUDQZGEJL5G', 'A394S7JSNUA3TS', 'ARVXIBUCA8WDZ', 'A2P065E9CYMYJL', 'self_report_21']"
28_DR-100_0087_7_sentence_3.wav,"[5, 2, 7, 6, 1, 2, 2, 3, 3]","[5, 3, 3, 5, 4, 5, 2, 4, 5]","['ARVXIBUCA8WDZ', 'A2B6WQG0A9CKXQ', 'A2TBXASXZIRNNW', 'A27SMEOPKV84VI', 'A3K6DL4PN98CBN', 'A3KCUB6P3IE8NL', 'A273DS7TQWR9M1', 'AEO84PDSWW0W', 'self_report_28']"
26_DR-100_0088_3_sentence_3.wav,"[4, 5, 2, 2, 3, 4, 7, 2, 6]","[3, 4, 4, 4, 5, 4, 4, 6, 7]","['A2JP9IKRHNLRPI', 'A2VRDE2FHCBMF8', 'A340UGIDGIF4W6', 'A3KCUB6P3IE8NL', 'A10BH9PYCYUKDJ', 'AEO84PDSWW0W', 'A27SMEOPKV84VI', 'A13NXSZ9D5NTHN', 'self_report_26']"
23_DR-100_0083_3_sentence_5.wav,"[4, 1, 3, 7, 1, 2, 4, 1, 5]","[4, 5, 5, 5, 5, 5, 4, 6, 5]","['A2JP9IKRHNLRPI', 'A1T79J0XQXDDGC', 'A2VRDE2FHCBMF8', 'A27SMEOPKV84VI', 'A273DS7TQWR9M1', 'A3K6DL4PN98CBN', 'A2CFE6AZS73RNS', 'ACM87U430O96Z', 'self_report_23']"
21_DR-100_0084_9_sentence_8.wav,"[5, 3, 1, 1, 3, 3, 1, 1, 1]","[5, 2, 5, 5, 4, 5, 5, 6, 7]","['ARVXIBUCA8WDZ', 'A2B6WQG0A9CKXQ', 'A3GLUDQZGEJL5G', 'A1OZPLHNIU1519', 'AEO84PDSWW0W', 'A2AAY4VT9L71SY', 'A13NXSZ9D5NTHN', 'ACM87U430O96Z', 'self_report_21']"
23_DR-100_0083_1_sentence_4.wav,"[5, 3, 5, 1, 6, 2, 7, 1, 6]","[5, 5, 5, 3, 6, 6, 5, 5, 5]","['ARVXIBUCA8WDZ', 'A10BH9PYCYUKDJ', 'A1B4KC5KP7FH1Z', 'A13NXSZ9D5NTHN', 'AA9V4NE8SOA4I', 'A1OZPLHNIU1519', 'A124E03UMDZAA9', 'A2NJ7N8INZOB00', 'self_report_23']"
23_DR-100_0083_3_sentence_6.wav,"[1, 4, 2, 4, 1, 5, 5, 3, 5]","[3, 6, 4, 5, 6, 7, 4, 4, 5]","['A273DS7TQWR9M1', 'A3W24IE6P9O302', 'A2T007HZK66WM', 'A1T79J0XQXDDGC', 'A1ZD9SJXQ9C6EW', 'A2MUCL20GTQJA0', 'A1VW8Y7XCV3DRW', 'A22QD6M0A2C77C', 'self_report_23']"
23_DR-100_0083_7_sentence_7.wav,"[6, 3, 3, 2, 3, 2, 2, 6, 5]","[4, 2, 4, 2, 4, 3, 3, 3, 3]","['A2TBXASXZIRNNW', 'ABI1EI8UQK6LK', 'A124E03UMDZAA9', 'A3GLUDQZGEJL5G', 'A394S7JSNUA3TS', 'A2CFE6AZS73RNS', 'A3U7EIF0P9GQKI', 'A3JZS32RQUWGJM', 'self_report_23']"
25_DR-100_0087_7_sentence_5.wav,"[1, 1, 4, 6, 1, 2, 1, 1, 3]","[3, 3, 2, 4, 4, 2, 4, 3, 2]","['AA9V4NE8SOA4I', 'A1T79J0XQXDDGC', 'A18TCR555RWUZV', 'A2TBXASXZIRNNW', 'A2F48NO7AD9VKK', 'A2CFE6AZS73RNS', 'A13NXSZ9D5NTHN', 'A2T007HZK66WM', 'self_report_25']"
28_DR-100_0087_3_sentence_1.wav,"[6, 3, 2, 2, 1, 1, 3, 2, 3]","[5, 4, 6, 5, 5, 5, 6, 6, 8]","['A27SMEOPKV84VI', 'A2CFE6AZS73RNS', 'A1FHS282JP487T', 'A3GLUDQZGEJL5G', 'A3U7EIF0P9GQKI', 'ARX0S1CIDJLOX', 'A2AG45K4ULNBHF', 'ACM87U430O96Z', 'self_report_28']"
19_DR-100_0082_3_sentence_3.wav,"[5, 5, 7, 6, 2, 3, 6, 2, 7]","[2, 6, 4, 3, 4, 4, 3, 3, 8]","['A2JP9IKRHNLRPI', 'A2871R3LEPWMMK', 'A2TBXASXZIRNNW', 'A2M5M653UAC0SM', 'ABI1EI8UQK6LK', 'A124E03UMDZAA9', 'A2AG45K4ULNBHF', 'A22QD6M0A2C77C', 'self_report_19']"
23_DR-100_0083_1_sentence_1.wav,"[6, 5, 2, 3, 4, 3, 3, 3, 6]","[7, 6, 5, 7, 5, 5, 7, 6, 5]","['A2TBXASXZIRNNW', 'ARVXIBUCA8WDZ', 'A2CFE6AZS73RNS', 'A2B6WQG0A9CKXQ', 'A2JP9IKRHNLRPI', 'A2VRDE2FHCBMF8', 'A1DD23J1WBGQUU', 'A22QD6M0A2C77C', 'self_report_23']"
28_DR-100_0087_1_sentence_1.wav,"[4, 1, 1, 1, 1, 1, 2, 1, 7]","[6, 5, 5, 5, 5, 5, 5, 5, 5]","['AA9V4NE8SOA4I', 'A3GLUDQZGEJL5G', 'A2B6WQG0A9CKXQ', 'A2NJ7N8INZOB00', 'A1T79J0XQXDDGC', 'A1Y0Y6U906ABT5', 'A2AG45K4ULNBHF', 'A13NXSZ9D5NTHN', 'self_report_28']"
28_DR-100_0087_7_sentence_2.wav,"[2, 3, 5, 5, 3, 1, 4, 1, 3]","[4, 5, 6, 3, 7, 5, 3, 3, 5]","['A394S7JSNUA3TS', 'A3K6DL4PN98CBN', 'AA9V4NE8SOA4I', 'A2JP9IKRHNLRPI', 'A1T79J0XQXDDGC', 'A3GLUDQZGEJL5G', 'A2CFE6AZS73RNS', 'A2F48NO7AD9VKK', 'self_report_28']"
20_DR-100_0083_7_sentence_3.wav,"[5, 4, 8, 4, 4, 5, 6, 3, 4]","[3, 4, 4, 1, 3, 4, 5, 3, 5]","['A2CFE6AZS73RNS', 'A27IABVBUZ9X8Z', 'A1VW8Y7XCV3DRW', 'ARX0S1CIDJLOX', 'A2JP9IKRHNLRPI', 'A2M5M653UAC0SM', 'A1ET2J1PIP0RGO', 'A340UGIDGIF4W6', 'self_report_20']"
25_DR-100_0087_5_sentence_2.wav,"[4, 1, 4, 3, 4, 3, 5, 2, 2]","[5, 5, 6, 5, 6, 5, 2, 5, 4]","['A27SMEOPKV84VI', 'A3GLUDQZGEJL5G', 'A1VW8Y7XCV3DRW', 'A1Y0Y6U906ABT5', 'A2AG45K4ULNBHF', 'A18TCR555RWUZV', 'A2TBXASXZIRNNW', 'ABI1EI8UQK6LK', 'self_report_25']"
20_DR-100_0083_1_sentence_4.wav,"[7, 5, 6, 3, 5, 5, 7, 6, 4]","[5, 8, 5, 7, 5, 7, 8, 5, 5]","['A2TBXASXZIRNNW', 'A2871R3LEPWMMK', 'A2AG45K4ULNBHF', 'A1FHS282JP487T', 'A2JP9IKRHNLRPI', 'AA9V4NE8SOA4I', 'A3K6DL4PN98CBN', 'ARVXIBUCA8WDZ', 'self_report_20']"
28_DR-100_0087_5_sentence_8.wav,"[2, 2, 5, 1, 1, 2, 3, 3, 3]","[6, 2, 3, 5, 3, 4, 1, 7, 6]","['A1FHS282JP487T', 'A3K6DL4PN98CBN', 'A2JP9IKRHNLRPI', 'A1T79J0XQXDDGC', 'A2B6WQG0A9CKXQ', 'A3GLUDQZGEJL5G', 'A18TCR555RWUZV', 'A2MUCL20GTQJA0', 'self_report_28']"
23_DR-100_0083_7_sentence_8.wav,"[1, 5, 2, 2, 3, 4, 1, 6, 5]","[6, 6, 6, 7, 6, 8, 5, 7, 3]","['A3KCUB6P3IE8NL', 'A27SMEOPKV84VI', 'A27IABVBUZ9X8Z', 'ARX0S1CIDJLOX', 'A2VRDE2FHCBMF8', 'A2JP9IKRHNLRPI', 'A13NXSZ9D5NTHN', 'A124E03UMDZAA9', 'self_report_23']"
27_DR-100_0084_3_sentence_4.wav,"[6, 6, 1, 4, 6, 6, 4, 6, 3]","[7, 5, 5, 6, 6, 7, 6, 8, 5]","['A2TBXASXZIRNNW', 'A27SMEOPKV84VI', 'ABI1EI8UQK6LK', 'A2AG45K4ULNBHF', 'AA9V4NE8SOA4I', 'A2MUCL20GTQJA0', 'A1HXEXQTZCJ1DW', 'A3W24IE6P9O302', 'self_report_27']"
23_DR-100_0083_3_sentence_2.wav,"[5, 2, 2, 6, 5, 1, 4, 3, 5]","[4, 6, 6, 6, 6, 6, 5, 6, 5]","['AA9V4NE8SOA4I', 'A394S7JSNUA3TS', 'AEO84PDSWW0W', 'A2NBVTY6FLBEAF', 'A2AG45K4ULNBHF', 'A1ZD9SJXQ9C6EW', 'A1Y0Y6U906ABT5', 'A1T79J0XQXDDGC', 'self_report_23']"
25_DR-100_0087_1_sentence_3.wav,"[4, 1, 3, 1, 5, 3, 5, 5, 6]","[8, 6, 7, 6, 9, 7, 6, 7, 8]","['A2JP9IKRHNLRPI', 'A27IABVBUZ9X8Z', 'AHZPOM46IUJ2N', 'A13NXSZ9D5NTHN', 'A1B4KC5KP7FH1Z', 'A10BH9PYCYUKDJ', 'A124E03UMDZAA9', 'A1Y0Y6U906ABT5', 'self_report_25']"
21_DR-100_0084_1_sentence_8.wav,"[2, 6, 5, 7, 2, 2, 3, 5, 2]","[6, 7, 5, 6, 7, 5, 6, 7, 7]","['A1FHS282JP487T', 'A1ET2J1PIP0RGO', 'ARVXIBUCA8WDZ', 'A3W24IE6P9O302', 'A27IABVBUZ9X8Z', 'A13NXSZ9D5NTHN', 'A1Y0Y6U906ABT5', 'A1B4KC5KP7FH1Z', 'self_report_21']"
21_DR-100_0084_9_sentence_6.wav,"[5, 2, 3, 2, 2, 6, 4, 2, 1]","[4, 5, 7, 6, 5, 5, 6, 5, 7]","['A2TBXASXZIRNNW', 'A2B6WQG0A9CKXQ', 'A2871R3LEPWMMK', 'AHZPOM46IUJ2N', 'A3KCUB6P3IE8NL', 'A124E03UMDZAA9', 'A2AG45K4ULNBHF', 'A13NXSZ9D5NTHN', 'self_report_21']"
24_DR-100_0086_3_sentence_12.wav,"[5, 2, 2, 2, 6, 2, 3, 3, 6]","[7, 6, 6, 5, 6, 7, 6, 6, 6]","['AKZ8SFOAI4RZN', 'A1FHS282JP487T', 'A273DS7TQWR9M1', 'ARX0S1CIDJLOX', 'A1ET2J1PIP0RGO', 'A340UGIDGIF4W6', 'A2EOOF9D135HQ1', 'A1DD23J1WBGQUU', 'self_report_24']"
28_DR-100_0087_1_sentence_4.wav,"[1, 1, 1, 2, 3, 4, 1, 3, 7]","[6, 6, 8, 7, 4, 3, 6, 7, 5]","['A3KCUB6P3IE8NL', 'A2F48NO7AD9VKK', 'A273DS7TQWR9M1', 'A2T007HZK66WM', 'ARVXIBUCA8WDZ', 'AA9V4NE8SOA4I', 'A1ZD9SJXQ9C6EW', 'A340UGIDGIF4W6', 'self_report_28']"
22_DR-100_0085_3_sentence_4.wav,"[5, 6, 6, 7, 4, 7, 6, 5, 5]","[5, 8, 5, 7, 6, 8, 5, 6, 6]","['A2JP9IKRHNLRPI', 'A10BH9PYCYUKDJ', 'ARVXIBUCA8WDZ', 'AA9V4NE8SOA4I', 'A3U7EIF0P9GQKI', 'A1VW8Y7XCV3DRW', 'A1T79J0XQXDDGC', 'A2AG45K4ULNBHF', 'self_report_22']"
26_DR-100_0088_1_sentence_7.wav,"[6, 9, 5, 2, 3, 2, 5, 5, 1]","[6, 7, 5, 6, 5, 7, 4, 7, 5]","['AKZ8SFOAI4RZN', 'A273DS7TQWR9M1', 'A2CFE6AZS73RNS', 'A1FHS282JP487T', 'A2AAY4VT9L71SY', 'A3GLUDQZGEJL5G', 'A124E03UMDZAA9', 'AHZPOM46IUJ2N', 'self_report_26']"
27_DR-100_0084_3_sentence_3.wav,"[3, 4, 3, 3, 3, 4, 1, 3, 3]","[6, 8, 7, 6, 5, 7, 6, 7, 5]","['A1FHS282JP487T', 'A2871R3LEPWMMK', 'A394S7JSNUA3TS', 'AEO84PDSWW0W', 'A2VRDE2FHCBMF8', 'A2JP9IKRHNLRPI', 'A13NXSZ9D5NTHN', 'A1T79J0XQXDDGC', 'self_report_27']"
24_DR-100_0086_5_sentence_7.wav,"[6, 4, 3, 5, 5, 8, 5, 4, 7]","[4, 7, 3, 4, 4, 4, 4, 6, 5]","['A1Y0Y6U906ABT5', 'A3U7EIF0P9GQKI', 'ARX0S1CIDJLOX', 'AEO84PDSWW0W', 'A2AG45K4ULNBHF', 'A1VW8Y7XCV3DRW', 'A1B4KC5KP7FH1Z', 'A1HXEXQTZCJ1DW', 'self_report_24']"
25_DR-100_0087_5_sentence_6.wav,"[1, 2, 5, 4, 3, 2, 5, 4, 2]","[7, 6, 6, 6, 5, 4, 7, 6, 4]","['A273DS7TQWR9M1', 'A1FHS282JP487T', 'A2JP9IKRHNLRPI', 'A124E03UMDZAA9', 'A394S7JSNUA3TS', 'A2NJ7N8INZOB00', 'AA9V4NE8SOA4I', 'A2NBVTY6FLBEAF', 'self_report_25']"
21_DR-100_0084_3_sentence_4.wav,"[7, 6, 3, 2, 2, 2, 2, 5, 1]","[7, 5, 6, 5, 6, 6, 5, 7, 8]","['AA9V4NE8SOA4I', 'A124E03UMDZAA9', 'A340UGIDGIF4W6', 'A1FHS282JP487T', 'A2F48NO7AD9VKK', 'A3KCUB6P3IE8NL', 'ABI1EI8UQK6LK', 'A1DD23J1WBGQUU', 'self_report_21']"
27_DR-100_0084_5_sentence_6.wav,"[5, 3, 3, 7, 5, 5, 2, 2, 3]","[6, 6, 4, 8, 4, 7, 6, 7, 4]","['A2M5M653UAC0SM', 'A1FHS282JP487T', 'A1OZPLHNIU1519', 'A2TBXASXZIRNNW', 'AA9V4NE8SOA4I', 'A3W24IE6P9O302', 'A1ZD9SJXQ9C6EW', 'ACM87U430O96Z', 'self_report_27']"
20_DR-100_0083_5_sentence_9.wav,"[3, 3, 6, 1, 2, 6, 1, 2, 4]","[5, 6, 5, 5, 5, 5, 5, 5, 6]","['A2VRDE2FHCBMF8', 'A2B6WQG0A9CKXQ', 'A2NBVTY6FLBEAF', 'ABI1EI8UQK6LK', 'AEO84PDSWW0W', 'A2CFE6AZS73RNS', 'A13NXSZ9D5NTHN', 'A2T007HZK66WM', 'self_report_20']"
23_DR-100_0083_7_sentence_3.wav,"[2, 5, 6, 5, 4, 2, 2, 6, 5]","[5, 3, 4, 4, 4, 4, 4, 4, 3]","['A27IABVBUZ9X8Z', 'A2JP9IKRHNLRPI', 'A2TBXASXZIRNNW', 'A124E03UMDZAA9', 'AA9V4NE8SOA4I', 'A1LJKHC0NH9TIX', 'AEO84PDSWW0W', 'A2AG45K4ULNBHF', 'self_report_23']"
27_DR-100_0084_3_sentence_14.wav,"[1, 1, 1, 1, 1, 1, 1, 1, 3]","[5, 5, 5, 5, 5, 5, 5, 5, 5]","['A2JP9IKRHNLRPI', 'AEO84PDSWW0W', 'A2AG45K4ULNBHF', 'A273DS7TQWR9M1', 'A13NXSZ9D5NTHN', 'A1ZD9SJXQ9C6EW', 'A1HXEXQTZCJ1DW', 'A22QD6M0A2C77C', 'self_report_27']"
19_DR-100_0082_3_sentence_8.wav,"[6, 7, 5, 5, 4, 2, 7, 6, 7]","[6, 4, 5, 6, 4, 7, 5, 4, 8]","['AHZPOM46IUJ2N', 'A2TBXASXZIRNNW', 'A3K6DL4PN98CBN', 'A3W24IE6P9O302', 'A2AAY4VT9L71SY', 'A2T007HZK66WM', 'A18TCR555RWUZV', 'A1T79J0XQXDDGC', 'self_report_19']"
20_DR-100_0083_1_sentence_5.wav,"[4, 2, 2, 4, 5, 3, 5, 3, 4]","[5, 6, 6, 6, 5, 6, 7, 6, 5]","['A27SMEOPKV84VI', 'A2B6WQG0A9CKXQ', 'A1OZPLHNIU1519', 'AKZ8SFOAI4RZN', 'ARVXIBUCA8WDZ', 'A2NBVTY6FLBEAF', 'A2AG45K4ULNBHF', 'A2T007HZK66WM', 'self_report_20']"
23_DR-100_0083_7_sentence_10.wav,"[3, 3, 2, 2, 1, 2, 3, 5, 5]","[4, 4, 6, 3, 4, 6, 6, 3, 3]","['ACJ6NSCIWMUZI', 'A124E03UMDZAA9', 'A27IABVBUZ9X8Z', 'A1OZPLHNIU1519', 'A3GLUDQZGEJL5G', 'A1FHS282JP487T', 'A1HXEXQTZCJ1DW', 'A22QD6M0A2C77C', 'self_report_23']"
19_DR-100_0082_3_sentence_6.wav,"[1, 5, 2, 5, 5, 3, 4, 4, 7]","[4, 7, 6, 8, 5, 6, 9, 6, 8]","['A2F48NO7AD9VKK', 'A2JP9IKRHNLRPI', 'A2CFE6AZS73RNS', 'A2871R3LEPWMMK', 'ARVXIBUCA8WDZ', 'A394S7JSNUA3TS', 'A1ZD9SJXQ9C6EW', 'A1DD23J1WBGQUU', 'self_report_19']"
25_DR-100_0087_9_sentence_1.wav,"[2, 2, 2, 1, 4, 4, 2, 2, 2]","[6, 5, 6, 5, 5, 5, 6, 5, 6]","['A1FHS282JP487T', 'A2CFE6AZS73RNS', 'A1OZPLHNIU1519', 'A273DS7TQWR9M1', 'A2JP9IKRHNLRPI', 'A124E03UMDZAA9', 'A1VW8Y7XCV3DRW', 'A1HXEXQTZCJ1DW', 'self_report_25']"
